mail,Spam
¿Problemas de rendimiento masculino? Tenemos la solución definitiva en premios-ya.org/click,1
Hola equipo; les comparto el acta de la reunión de hoy. Saludos.,0
¿Me podrías pasar el contacto de Laura? Necesito consultarle una duda técnica.,0
Hola; te escribo para confirmarte que ya he recibido el pago. Gracias.,0
Te envío la presentación para que le eches un vistazo antes de mañana.,0
Tu pedido de Mercado Libre ha sido cancelado. Solicita el reembolso en shrt.url/xyz,1
Hola Carlos; ¿has visto el mensaje que han puesto en el grupo de WhatsApp?,0
Te envío la lista de reproducción para la fiesta del sábado. ¿Te gusta?,0
Hola; soy una joven que busca amistad. Escríbeme a mi Telegram: @user_hot,1
¿Quieres perder peso rápido? Prueba nuestras pastillas milagrosas en premios-ya.org/click,1
El gimnasio me ha avisado de que mañana abren en horario especial.,0
Tu cuenta de usuario ha sido creada correctamente. Pulsa aquí para activar.,0
La clase de inglés se ha cancelado por enfermedad del profesor.,0
El profesor ha subido una nueva nota al portal de la universidad.,0
¿Podrías revisar el texto que te envié por correo antes de mandarlo al cliente?,0
¿Vienes a la cena de cumpleaños de Carmen este viernes? Confírmame por favor.,0
Reciba muestras gratuitas de productos Mercado Libre en su domicilio hoy mismo.,1
El profesor ha subido una nueva nota al portal de la universidad.,0
Vea quién está espiando su perfil de Facebook entrando en shrt.url/xyz,1
Hackers tienen tus videos privados. Paga en Bitcoin para evitar que se publiquen.,1
Confirmación de cancelación: Tu suscripción a Disney+ ha finalizado.,0
Hackers tienen tus videos privados. Paga en Bitcoin para evitar que se publiquen.,1
¿Quieres perder peso rápido? Prueba nuestras pastillas milagrosas en bit.ly/secure-auth,1
Has ganado un premio de 2.500 euros en la lotería de España. Contacta a admin@verificar-datos.com.,1
Hola mamá; ya hemos llegado al hotel. Todo está perfecto. Besos.,0
Mejora tu historial crediticio con nuestro método legal y rápido.,1
Descuentos del 90% en suplementos y salud. Visita nuestra farmacia en seguridad-banca.com,1
Te envié las fotos que me pediste aquí: shrt.url/xyz (Contenido solo para adultos),1
Atención cliente: Su clave de acceso caduca en 24 horas. Cámbiela en verificar-cuenta.net,1
¡Felicidades! Fuiste seleccionado para un sorteo de un iPhone 15 Pro Max.,1
Hola equipo; el café de la cocina se ha terminado. ¿Alguien puede comprar?,0
Tu pedido de AliExpress ha sido cancelado. Solicita el reembolso en shrt.url/xyz,1
Últimos días para aprovechar las rebajas de verano en relojes de lujo.,1
Adjunto el informe de gastos del viaje a Argentina para su revisión.,0
Su cuenta ha sido seleccionada para una auditoría de seguridad. Pulse aquí.,1
El profesor ha subido una nueva nota al portal de la universidad.,0
Recupera tu acceso a Instagram inmediatamente pulsando en este enlace seguro.,1
Recordatorio de pago: Tu recibo de autónomos se cargará el próximo jueves.,0
Tu crédito de Google Ads está listo para ser usado. Actívalo en bit.ly/secure-auth,1
Te adjunto la factura de la comida de empresa para que la pases a contabilidad.,0
Tu seguro de coche está a punto de vencer. Compara y ahorra con nosotros.,1
Felicidades; eres el visitante número un millón. Reclama tu premio aquí.,1
¿Me podrías ayudar a configurar el nuevo router este fin de semana?,0
Obtenga su diploma universitario sin estudiar. Información por privado.,1
Te envío la presentación para que le eches un vistazo antes de mañana.,0
Te han dejado un mensaje de voz importante. Escúchalo aquí: t.co/promo,1
Confirmación de cita: Masaje relajante el lunes a las 15:15.,0
Nuevo mensaje de tu banco: Tienes un aviso importante en tu buzón virtual.,1
Recordatorio: Tienes una clase particular de música el jueves a las 10:15.,0
Hola jefe; ya he terminado las tareas que me encargó esta mañana.,0
Ahorra hasta un 70% en tu factura de la luz con estos nuevos paneles solares.,1
Se ha realizado una compra de 100 en IKEA con su tarjeta. ¿No fue usted?,1
Te adjunto el plano de la nueva oficina. Mi mesa es la del rincón.,0
Tu suscripción a Netflix ha fallado. Actualiza tu método de pago: bit.ly/secure-auth,1
La entrega de premios será en el auditorio el viernes por la tarde.,0
Su ID de Apple ha sido bloqueado por razones de seguridad. Desbloquee en shrt.url/xyz,1
Felicidades María; has sido preseleccionado para el reality show de moda.,1
Su ID de Apple ha sido bloqueado por razones de seguridad. Desbloquee en t.co/promo,1
Hola Roberto; ¿sabes a qué hora abre la biblioteca hoy?,0
Vea quién está espiando su perfil de Facebook entrando en verificar-cuenta.net,1
El profesor ha subido una nueva nota al portal de la universidad.,0
He reservado las entradas para el cine del domingo. Nos vemos allí.,0
Hackers tienen tus videos privados. Paga en Bitcoin para evitar que se publiquen.,1
Recordatorio: Tienes una cita médica el viernes a las 18:30. Por favor llega puntual.,0
Consigue licencias de Windows y Office por menos de 5 euros en premios-ya.org/click,1
Se ha detectado un inicio de sesión sospechoso en su cuenta de Unicaja.,1
Invierta en oro y plata de forma segura con nuestra plataforma en seguridad-banca.com,1
Gana dinero desde casa trabajando solo 2 horas al día. Detalles en bit.ly/secure-auth,1
Gana dinero desde casa trabajando solo 2 horas al día. Detalles en verificar-cuenta.net,1
Atención cliente: Su clave de acceso caduca en 24 horas. Cámbiela en shrt.url/xyz,1
Usted tiene una herencia sin reclamar de un pariente en Chile.,1
¿Me podrías pasar el contacto de Laura? Necesito consultarle una duda técnica.,0
Aumenta tus seguidores en redes sociales de forma orgánica y rápida con premios-ya.org/click,1
Te adjunto el manual de usuario del nuevo software que vamos a implementar.,0
El gimnasio me ha avisado de que mañana abren en horario especial.,0
Hola mamá; ya hemos llegado al hotel. Todo está perfecto. Besos.,0
Gana 5.000 extra al mes vendiendo productos de belleza desde tu móvil.,1
¿Me podrías prestar el libro que me comentaste el otro día?,0
Tu suscripción a Disney+ ha fallado. Actualiza tu método de pago: verificar-cuenta.net,1
¿A qué hora pasa el autobús para ir al centro comercial?,0
Adjunto el documento con los cambios que sugeriste en la última reunión.,0
Hola Carlos; te comparto las fotos del viaje. ¡Lo pasamos genial!,0
Invierta en el nuevo mercado de Bitcoin antes de que suba de precio.,1
Mejora tu historial crediticio con nuestro método legal y rápido.,1
Hola equipo; el café de la cocina se ha terminado. ¿Alguien puede comprar?,0
Hola; te mando el contacto del fontanero que vino a mi casa; es muy bueno.,0
El gimnasio me ha avisado de que mañana abren en horario especial.,0
Hola; ¿me podrías decir qué deberes tienen los niños para mañana?,0
Gana dinero probando videojuegos desde casa. Regístrate en t.co/promo,1
Tu recibo del alquiler de este mes ya ha sido procesado por el banco.,0
Hola Sofía; te comparto las fotos del viaje. ¡Lo pasamos genial!,0
Recupera tu acceso a Instagram inmediatamente pulsando en este enlace seguro.,1
Vea quién está espiando su perfil de Facebook entrando en bit.ly/secure-auth,1
¿Buscas pareja? Hay 5 personas cerca de ti queriendo conocerte en verificar-cuenta.net,1
Tu coche ya está reparado. Puedes pasar a recogerlo por el taller esta tarde.,0
Gana un viaje todo incluido a España respondiendo esta encuesta de 1 minuto.,1
Trabajo de medio tiempo para Amazon. Gana hasta 500 al día.,1
Te envío el enlace de Zoom para la clase de yoga de mañana.,0
Su préstamo de 15.000 ha sido pre-aprobado. Solicítelo ya en verificar-cuenta.net,1
Hola Juan; ¿sabes a qué hora abre la biblioteca hoy?,0
¿Me confirmas tu dirección actual para enviarte la invitación por correo?,0
La reunión con los inversores ha ido muy bien. Luego te cuento los detalles.,0
Tu factura de Spotify está vencida. Evita el corte del servicio aquí: verificar-cuenta.net,1
Hola; ¿me podrías decir qué deberes tienen los niños para mañana?,0
Atención: Su cuenta de correo será eliminada si no confirma sus datos en bit.ly/secure-auth,1
Te envío el enlace de Zoom para la clase de yoga de mañana.,0
Hola Lucía; ¿has visto el mensaje que han puesto en el grupo de WhatsApp?,0
Su préstamo ha sido aprobado. Reciba el dinero en menos de 10 minutos.,1
Recordatorio: Mañana es el último día para entregar el informe trimestral.,0
Su cuenta ha sido seleccionada para una auditoría de seguridad. Pulse aquí.,1
Tu cita para la revisión del gas es el próximo próximo lunes por la mañana.,0
Trabaje como probador de productos electrónicos para grandes marcas.,1
Tu cuenta de usuario ha sido creada correctamente. Pulsa aquí para activar.,0
¿Has recibido el enlace para la encuesta de satisfacción del curso?,0
Últimos días para aprovechar las rebajas de verano en relojes de lujo.,1
Su ID de Apple ha sido bloqueado por razones de seguridad. Desbloquee en premios-ya.org/click,1
Gana dinero desde casa trabajando solo 2 horas al día. Detalles en shrt.url/xyz,1
Hola Elena; te adjunto la propuesta de colaboración que hablamos.,0
Te adjunto el plano de la nueva oficina. Mi mesa es la del rincón.,0
Trabaje como probador de productos electrónicos para grandes marcas.,1
Confirmación de suscripción: Bienvenido al boletín de noticias de IKEA.,0
Hola María; te adjunto la propuesta de colaboración que hablamos.,0
Confirmación de vuelo: Tu check-in para el viaje a Perú ya está abierto.,0
Tu cuenta de Netflix será suspendida. Por favor actualiza tus datos de pago.,1
La presentación del proyecto Ventas 2024 ha sido pospuesta para la semana que viene.,0
¿Buscas pareja? Hay 5 personas cerca de ti queriendo conocerte en premios-ya.org/click,1
Gana una beca completa para estudiar en el extranjero. Pulsa aquí: t.co/promo,1
¿Me podrías prestar el libro que me comentaste el otro día?,0
Felicidades Juan; has sido preseleccionado para el reality show de moda.,1
Confirmación de envío: Su paquete de IKEA llegará mañana entre las 9 y las 14h.,0
Consigue licencias de Windows y Office por menos de 5 euros en bit.ly/secure-auth,1
Tu paquete de Correos está listo para entrega pero faltan datos. Pulsa bit.ly/secure-auth,1
Su ID de Apple ha sido bloqueado por razones de seguridad. Desbloquee en shrt.url/xyz,1
¿Me podrías prestar el libro que me comentaste el otro día?,0
Has sido mencionado en una publicación. Haz clic para ver el comentario.,1
Hola; ¿sabes dónde puedo encontrar el archivo de los clientes antiguos?,0
Hola mamá; ya hemos llegado al hotel. Todo está perfecto. Besos.,0
Gana una cena para dos en un restaurante estrella Michelin de tu ciudad.,1
Te mando el presupuesto para la reforma del baño. Avísame si tienes dudas.,0
Oferta de empleo: Buscamos asistente remoto. Sueldo de 100 semanales.,1
El pedido de papelería para la oficina ya ha llegado. Está en recepción.,0
Te envío la captura de pantalla con el error que me sale en la web.,0
Te envío el enlace de Zoom para la clase de yoga de mañana.,0
Gana una beca completa para estudiar en el extranjero. Pulsa aquí: verificar-cuenta.net,1
Trabaje como probador de productos electrónicos para grandes marcas.,1
Te mando el presupuesto para la reforma del baño. Avísame si tienes dudas.,0
La conferencia de tecnología empieza a las 10:00 en el pabellón 4.,0
Tu paquete de Correos está listo para entrega pero faltan datos. Pulsa seguridad-banca.com,1
Tu coche ya está reparado. Puedes pasar a recogerlo por el taller esta tarde.,0
Te envío la captura de pantalla con el error que me sale en la web.,0
Tu cuenta de Amazon Prime ha sido bloqueada temporalmente. Verifica en bit.ly/secure-auth,1
Te envío la presentación para que le eches un vistazo antes de mañana.,0
Atención cliente: Su clave de acceso caduca en 24 horas. Cámbiela en premios-ya.org/click,1
Hola Javier; te adjunto la propuesta de colaboración que hablamos.,0
Hola Roberto; ¿te llegó el correo con los detalles del proyecto Beta?,0
Recordatorio: Tienes una clase particular de música el próximo lunes a las 17:45.,0
Consiga una suscripción de por vida a Disney+ por un pago único de 10€.,1
Tu recibo del alquiler de este mes ya ha sido procesado por el banco.,0
Última oportunidad para conseguir el curso de trading con un 80% de descuento.,1
¿Te apetece ir a correr un rato por el parque esta tarde?,0
Adjunto el informe de gastos del viaje a Colombia para su revisión.,0
Obtenga un cupón de 50€ para gastar en AliExpress por su fidelidad.,1
Tu coche tiene una multa de tráfico pendiente de pago. Ver imagen: bit.ly/secure-auth,1
Hola equipo; recordad que el lunes es festivo y la oficina estará cerrada.,0
Te adjunto el plano de la nueva oficina. Mi mesa es la del rincón.,0
Tu pedido de Zara ha sido cancelado. Solicita el reembolso en bit.ly/secure-auth,1
Te adjunto el ticket de compra por si tienes que cambiar algo en la tienda.,0
Recordatorio: Tienes una clase particular de música el jueves a las 19:15.,0
Hola Juan; te comparto las fotos del viaje. ¡Lo pasamos genial!,0
Su acceso a la plataforma de inversión ha sido bloqueado por seguridad.,1
Solicitud de amistad pendiente de una persona que conoces en shrt.url/xyz,1
Hola; ¿sabes dónde puedo encontrar el archivo de los clientes antiguos?,0
Haz que tu web aparezca en el número 1 de Google con nuestros servicios.,1
Tu cuenta de usuario ha sido creada correctamente. Pulsa aquí para activar.,0
Confirmación de envío: Su paquete de Mercado Libre llegará mañana entre las 9 y las 14h.,0
Tu factura de HBO Max está vencida. Evita el corte del servicio aquí: premios-ya.org/click,1
Aumenta tus seguidores en redes sociales de forma orgánica y rápida con t.co/promo,1
Te adjunto el plano de la nueva oficina. Mi mesa es la del rincón.,0
¿Me podrías prestar el libro que me comentaste el otro día?,0
Su acceso a la banca online de Bankinter ha sido deshabilitado. Entre en seguridad-banca.com,1
¿A qué hora quedamos mañana para ir a la universidad?,0
¿Me podrías pasar el contacto de Laura? Necesito consultarle una duda técnica.,0
He visto un piso que te podría gustar. Te paso el enlace por aquí.,0
Tu pedido de comida a domicilio llegará en unos 15 minutos. ¡Que aproveche!,0
La conferencia de tecnología empieza a las 10:00 en el pabellón 4.,0
He visto un piso que te podría gustar. Te paso el enlace por aquí.,0
Confirmación de cita: Masaje relajante el martes a las 19:30.,0
Te envío el enlace de Zoom para la clase de yoga de mañana.,0
Participa en el sorteo de un crucero por el Mediterráneo para dos personas.,1
Tu cuenta de Amazon Prime ha sido bloqueada temporalmente. Verifica en bit.ly/secure-auth,1
Reclama tus tokens gratuitos de Bitcoin conectando tu wallet en bit.ly/secure-auth,1
Hola Roberto; ¿confirmamos la reunión para el próximo jueves a las 16:15?,0
Ahorra hasta un 70% en tu factura de la luz con estos nuevos paneles solares.,1
Confirmación de cita: Masaje relajante el miércoles a las 17:45.,0
Recordatorio de cita: Peluquería el martes a las 13:45.,0
La presentación del proyecto Ventas 2024 ha sido pospuesta para la semana que viene.,0
Hola; te mando la lista de la compra para que no se nos olvide nada.,0
Tu seguro de coche está a punto de vencer. Compara y ahorra con nosotros.,1
Hola; te escribo para decirte que al final no podré ir al cine; lo siento.,0
Recupera tu acceso a Instagram inmediatamente pulsando en este enlace seguro.,1
Tu suscripción a Netflix se ha renovado correctamente. Gracias por tu confianza.,0
El profesor ha subido una nueva nota al portal de la universidad.,0
La conferencia de tecnología empieza a las 10:00 en el pabellón 4.,0
¡Felicidades! Fuiste seleccionado para un sorteo de un iPhone 15 Pro Max.,1
¿Has recibido el enlace para la encuesta de satisfacción del curso?,0
Obtenga un cupón de 50€ para gastar en IKEA por su fidelidad.,1
Invierta en la industria del cannabis legal y obtenga grandes rentabilidades.,1
Tu cuenta de Disney+ se renovará automáticamente al precio completo. Cancela.,1
Solicitud de amistad pendiente de una persona que conoces en verificar-cuenta.net,1
Su ID de Apple ha sido bloqueado por razones de seguridad. Desbloquee en bit.ly/secure-auth,1
El gimnasio me ha avisado de que mañana abren en horario especial.,0
Tu mascota puede ser la imagen de nuestra nueva campaña de IKEA.,1
Invierta en acciones de Tesla y gane dividendos mensuales garantizados.,1
Acceda a la preventa exclusiva de la nueva moneda Bitcoin solo por invitación.,1
Hola Sofía; ¿confirmamos la reunión para el próximo jueves a las 13:15?,0
Tu mascota puede ser la imagen de nuestra nueva campaña de Zara.,1
¿Quieres perder peso rápido? Prueba nuestras pastillas milagrosas en premios-ya.org/click,1
Tu mascota puede ser la imagen de nuestra nueva campaña de IKEA.,1
Hola equipo; el café de la cocina se ha terminado. ¿Alguien puede comprar?,0
Tu paquete de IKEA está retenido. Paga las tasas de aduana aquí: shrt.url/xyz,1
El equipo de IT estará haciendo mantenimiento del servidor este jueves de madrugada.,0
Hola; soy una joven que busca amistad. Escríbeme a mi Telegram: @user_hot,1
Recupera tu acceso a Instagram inmediatamente pulsando en este enlace seguro.,1
Se ha realizado una compra de 45.000 en Amazon con su tarjeta. ¿No fue usted?,1
Te han dejado un mensaje de voz importante. Escúchalo aquí: premios-ya.org/click,1
Recordatorio de cita: Peluquería el próximo lunes a las 18:30.,0
Última oportunidad para conseguir el curso de trading con un 80% de descuento.,1
Gana dinero probando videojuegos desde casa. Regístrate en seguridad-banca.com,1
¿A qué hora pasa el autobús para ir al centro comercial?,0
Tu paquete de Decathlon está retenido. Paga las tasas de aduana aquí: verificar-cuenta.net,1
Recibe 500 euros por abrir una cuenta en nuestro nuevo banco digital.,1
Te adjunto el manual de usuario del nuevo software que vamos a implementar.,0
La entrega de premios será en el auditorio el miércoles por la tarde.,0
Te envío el enlace de Zoom para la clase de yoga de mañana.,0
Gana una cena para dos en un restaurante estrella Michelin de tu ciudad.,1
El gimnasio me ha avisado de que mañana abren en horario especial.,0
Tu coche ya está reparado. Puedes pasar a recogerlo por el taller esta tarde.,0
Hola; ¿me podrías decir qué deberes tienen los niños para mañana?,0
Te envié las fotos que me pediste aquí: t.co/promo (Contenido solo para adultos),1
¿Quieres perder peso rápido? Prueba nuestras pastillas milagrosas en bit.ly/secure-auth,1
Confirmación de tu reserva en el restaurante para el próximo lunes a las 9:30.,0
Trabajo de medio tiempo para Amazon. Gana hasta 45.000 al día.,1
Aumenta tus seguidores en redes sociales de forma orgánica y rápida con bit.ly/secure-auth,1
Hola Juan; te llamé pero no me lo cogiste. Llámame cuando puedas.,0
Adjunto el itinerario de nuestro viaje a Perú. ¡Qué ganas de ir!,0
¡Alerta! Alguien ha intentado cambiar la contraseña de su cuenta de Prime Video.,1
Aprende a ganar en la ruleta con este truco matemático infalible.,1
Hola Roberto; espero que estés mejor de tu resfriado. Recupérate pronto.,0
Se ha realizado una compra de 45.000 en IKEA con su tarjeta. ¿No fue usted?,1
¿A qué hora quedamos mañana para ir a la universidad?,0
La entrega de premios será en el auditorio el miércoles por la tarde.,0
Te adjunto el ticket de compra por si tienes que cambiar algo en la tienda.,0
Descarga la nueva actualización crítica de seguridad para tu PC en premios-ya.org/click,1
Su acceso a la plataforma de inversión ha sido bloqueado por seguridad.,1
Hola equipo; el café de la cocina se ha terminado. ¿Alguien puede comprar?,0
Te adjunto el ticket de compra por si tienes que cambiar algo en la tienda.,0
Aprende a ganar en la ruleta con este truco matemático infalible.,1
Hola equipo; les comparto el acta de la reunión de hoy. Saludos.,0
Hola; ¿me podrías decir qué deberes tienen los niños para mañana?,0
Oportunidad única: Invierte en Bitcoin y multiplica tu capital hoy mismo.,1
El dentista me ha pedido que te recuerde tu limpieza de boca anual.,0
¿Quieres que compremos algo para cenar o prefieres salir fuera?,0
Hola; te mando la lista de la compra para que no se nos olvide nada.,0
Recordatorio de pago: Tu recibo de autónomos se cargará el próximo viernes.,0
Trabaje como probador de productos electrónicos para grandes marcas.,1
Aumenta tus seguidores en redes sociales de forma orgánica y rápida con t.co/promo,1
Gracias por contactar con nuestro servicio de atención al cliente. Su ticket es #19500.,0
El profesor ha subido una nueva nota al portal de la universidad.,0
¿Tienes un momento para una llamada rápida? Es sobre el tema de Sigma.,0
Invierta en el nuevo mercado de Bitcoin antes de que suba de precio.,1
Gana una beca completa para estudiar en el extranjero. Pulsa aquí: verificar-cuenta.net,1
Hola Ana; ¿sabes a qué hora abre la biblioteca hoy?,0
Ahorra hasta un 70% en tu factura de la luz con estos nuevos paneles solares.,1
Haz que tu web aparezca en el número 1 de Google con nuestros servicios.,1
Hola; soy una joven que busca amistad. Escríbeme a mi Telegram: @user_hot,1
Tu suscripción premium ha caducado. Haz clic para renovar con descuento.,1
¿Me podrías pasar el contacto de Laura? Necesito consultarle una duda técnica.,0
¿Quieres perder peso rápido? Prueba nuestras pastillas milagrosas en shrt.url/xyz,1
He encontrado las llaves que habías perdido. Las tengo yo en casa.,0
¿Vienes a la cena de cumpleaños de Carmen este viernes? Confírmame por favor.,0
Tu pedido de AliExpress ya está disponible para recoger en la tienda física.,0
Su reembolso de impuestos de 1.200 está listo. Confirme su cuenta: seguridad-banca.com,1
Confirmación de cancelación: Tu suscripción a HBO Max ha finalizado.,0
Te adjunto la factura de la comida de empresa para que la pases a contabilidad.,0
Reclama tus tokens gratuitos de Bitcoin conectando tu wallet en shrt.url/xyz,1
Recibe 500 euros por abrir una cuenta en nuestro nuevo banco digital.,1
La conferencia de tecnología empieza a las 10:00 en el pabellón 4.,0
Confirmación de vuelo: Tu check-in para el viaje a Colombia ya está abierto.,0
¿Me confirmas tu dirección actual para enviarte la invitación por correo?,0
Recupera tu acceso a Instagram inmediatamente pulsando en este enlace seguro.,1
Hola mamá; ya hemos llegado al hotel. Todo está perfecto. Besos.,0
¿Te apetece ir a correr un rato por el parque esta tarde?,0
Invierta en acciones de Tesla y gane dividendos mensuales garantizados.,1
Ahorra hasta un 70% en tu factura de la luz con estos nuevos paneles solares.,1
Invierta en oro y plata de forma segura con nuestra plataforma en shrt.url/xyz,1
Adjunto el informe de gastos del viaje a México para su revisión.,0
Consiga la sonrisa perfecta con nuestros implantes dentales a mitad de precio.,1
Consigue el nuevo Samsung Galaxy S24 Ultra por solo 1 euro participando aquí.,1
Gana dinero desde casa trabajando solo 2 horas al día. Detalles en t.co/promo,1
Gana una cena para dos en un restaurante estrella Michelin de tu ciudad.,1
Consigue el nuevo Samsung Galaxy S24 Ultra por solo 1 euro participando aquí.,1
El gimnasio me ha avisado de que mañana abren en horario especial.,0
¿Buscas pareja? Hay 5 personas cerca de ti queriendo conocerte en seguridad-banca.com,1
Tu coche ya está reparado. Puedes pasar a recogerlo por el taller esta tarde.,0
Tu coche ya está reparado. Puedes pasar a recogerlo por el taller esta tarde.,0
¿Te apetece ir a correr un rato por el parque esta tarde?,0
Hola; te escribo desde el soporte técnico para resolver tu incidencia.,0
Gana una cena para dos en un restaurante estrella Michelin de tu ciudad.,1
Su préstamo ha sido aprobado. Reciba el dinero en menos de 10 minutos.,1
Hola; ¿me podrías decir qué deberes tienen los niños para mañana?,0
Recibe 2.500 euros por abrir una cuenta en nuestro nuevo banco digital.,1
Aumenta tus seguidores en redes sociales de forma orgánica y rápida con verificar-cuenta.net,1
Te envío el código de acceso para entrar en el edificio esta tarde.,0
Atención cliente: Su clave de acceso caduca en 24 horas. Cámbiela en bit.ly/secure-auth,1
Hola equipo; el café de la cocina se ha terminado. ¿Alguien puede comprar?,0
¿Me confirmas si el restaurante tiene opciones vegetarianas para la cena?,0
Hola equipo; recordad que el lunes es festivo y la oficina estará cerrada.,0
Te envié las fotos que me pediste aquí: premios-ya.org/click (Contenido solo para adultos),1
Su dirección IP está siendo utilizada para actividades ilegales. Protéjase.,1
Aumenta tus seguidores en redes sociales de forma orgánica y rápida con bit.ly/secure-auth,1
Urgente: Alerta de virus detectada en su navegador. Limpie su sistema en bit.ly/secure-auth,1
Hola jefe; ya he terminado las tareas que me encargó esta mañana.,0
Atención cliente: Su clave de acceso caduca en 24 horas. Cámbiela en seguridad-banca.com,1
Te envío el código de acceso para entrar en el edificio esta tarde.,0
Confirmación de vuelo: Tu check-in para el viaje a Chile ya está abierto.,0
Adjunto el itinerario de nuestro viaje a España. ¡Qué ganas de ir!,0
Tu cita para renovar el DNI es el lunes a las 9:45 en la comisaría.,0
Participa en el sorteo de un crucero por el Mediterráneo para dos personas.,1
Tu coche tiene una multa de tráfico pendiente de pago. Ver imagen: shrt.url/xyz,1
Acceda a la preventa exclusiva de la nueva moneda Bitcoin solo por invitación.,1
Te envío la lista de reproducción para la fiesta del sábado. ¿Te gusta?,0
Gracias por tu compra en IKEA. Tu pedido #42737 ya está de camino.,0
Aumenta tus seguidores en redes sociales de forma orgánica y rápida con t.co/promo,1
Tu factura de Spotify de este mes ya está disponible para descargar.,0
¿Tienes un momento para una llamada rápida? Es sobre el tema de Beta.,0
Tu factura de Disney+ de este mes ya está disponible para descargar.,0
El gimnasio me ha avisado de que mañana abren en horario especial.,0
Su acceso a la plataforma de inversión ha sido bloqueado por seguridad.,1
Gana dinero compartiendo enlaces en tus redes sociales. Es gratis.,1
Hola Javier; ¿sabes a qué hora abre la biblioteca hoy?,0
Te han dejado un mensaje de voz importante. Escúchalo aquí: bit.ly/secure-auth,1
Gana un viaje todo incluido a España respondiendo esta encuesta de 1 minuto.,1
Hola Javier; espero que estés mejor de tu resfriado. Recupérate pronto.,0
Recordatorio: Mañana es el último día para entregar el informe trimestral.,0
Hola; te escribo para decirte que al final no podré ir al cine; lo siento.,0
Confirmación de transferencia de 2.500 pendiente. Ver detalles: bit.ly/secure-auth,1
Únete a nuestra red de inversores VIP y recibe señales de trading diarias.,1
¿Me podrías prestar el libro que me comentaste el otro día?,0
Consigue el carnet de conducir sin examen práctico. Escríbenos ya.,1
Gracias por participar en nuestro evento. Aquí tienes el certificado de asistencia.,0
Tu recibo del alquiler de este mes ya ha sido procesado por el banco.,0
¿Vienes a la cena de cumpleaños de Carmen este viernes? Confírmame por favor.,0
Compra seguidores reales para TikTok e Instagram al mejor precio en verificar-cuenta.net,1
Consigue el carnet de conducir sin examen práctico. Escríbenos ya.,1
Aprende a ganar en la ruleta con este truco matemático infalible.,1
Te adjunto mi CV actualizado por si te enteras de alguna vacante.,0
Tu suscripción a Netflix ha fallado. Actualiza tu método de pago: premios-ya.org/click,1
El equipo de IT estará haciendo mantenimiento del servidor este jueves de madrugada.,0
Hola Ana; ¿confirmamos la reunión para el próximo jueves a las 19:15?,0
Gana un viaje todo incluido a México respondiendo esta encuesta de 1 minuto.,1
Tu mascota puede ser la imagen de nuestra nueva campaña de Mercado Libre.,1
La reunión de padres de alumnos será en el aula magna el miércoles a las 10:00.,0
Oportunidad única: Invierte en Bitcoin y multiplica tu capital hoy mismo.,1
Te adjunto el manual de usuario del nuevo software que vamos a implementar.,0
Te han enviado un archivo confidencial por WeTransfer. Descarga en seguridad-banca.com,1
El gimnasio me ha avisado de que mañana abren en horario especial.,0
¿Quedamos en la puerta del metro a las 18:15 para ir al concierto?,0
Consiga una suscripción de por vida a HBO Max por un pago único de 10€.,1
¡Alerta! Alguien ha intentado cambiar la contraseña de su cuenta de Movistar+.,1
¡Felicidades! Fuiste seleccionado para un sorteo de un iPhone 15 Pro Max.,1
Vea quién está espiando su perfil de Facebook entrando en verificar-cuenta.net,1
¿Vienes a la cena de cumpleaños de Carmen este viernes? Confírmame por favor.,0
Aviso de embargo: Tienes una deuda pendiente con ING. Paga ahora: shrt.url/xyz,1
Tu pedido de Amazon ha sido cancelado. Solicita el reembolso en t.co/promo,1
Invierta en el nuevo mercado de Bitcoin antes de que suba de precio.,1
Tu suscripción premium ha caducado. Haz clic para renovar con descuento.,1
La reunión de padres de alumnos será en el aula magna el próximo lunes a las 9:30.,0
Hola equipo; el café de la cocina se ha terminado. ¿Alguien puede comprar?,0
La presentación del proyecto Alpha ha sido pospuesta para la semana que viene.,0
Hola Lucía; ¿confirmamos la reunión para el próximo lunes a las 12:45?,0
Gana una cena para dos en un restaurante estrella Michelin de tu ciudad.,1
Hola; te escribo para confirmarte que ya he recibido el pago. Gracias.,0
Confirmación de transferencia de 500 pendiente. Ver detalles: bit.ly/secure-auth,1
Hackers tienen tus videos privados. Paga en Bitcoin para evitar que se publiquen.,1
Invierta en acciones de Tesla y gane dividendos mensuales garantizados.,1
Te adjunto el contrato firmado para que podamos proceder con el alta.,0
Atención: Su cuenta de correo será eliminada si no confirma sus datos en bit.ly/secure-auth,1
Oferta de préstamo personal sin intereses para nuevos clientes en verificar-cuenta.net,1
Adjunto el informe de gastos del viaje a Perú para su revisión.,0
Su préstamo de 100 ha sido pre-aprobado. Solicítelo ya en verificar-cuenta.net,1
Recordatorio: Mañana es el último día para entregar el informe trimestral.,0
Compra seguidores reales para TikTok e Instagram al mejor precio en premios-ya.org/click,1
La reunión con los inversores ha ido muy bien. Luego te cuento los detalles.,0
Tu paquete de AliExpress está retenido. Paga las tasas de aduana aquí: t.co/promo,1
Hola; te mando el contacto del fontanero que vino a mi casa; es muy bueno.,0
Confirmación de cancelación: Tu suscripción a Prime Video ha finalizado.,0
Invierta en la industria del cannabis legal y obtenga grandes rentabilidades.,1
Invierta en propiedades inmobiliarias desde solo 100 euros con crowdfunding.,1
Tu pedido de IKEA ya está disponible para recoger en la tienda física.,0
Recibe una tarjeta de combustible de 100€ por ser cliente de Bankinter.,1
Confirmación de tu reserva en el restaurante para el martes a las 12:30.,0
Hola; te escribo para agradecerte la ayuda con la mudanza del otro día.,0
Última oportunidad para conseguir el curso de trading con un 80% de descuento.,1
Descarga la nueva actualización crítica de seguridad para tu PC en shrt.url/xyz,1
Aumenta tus seguidores en redes sociales de forma orgánica y rápida con bit.ly/secure-auth,1
Hola; te mando la lista de la compra para que no se nos olvide nada.,0
Tu cuenta de Netflix será suspendida. Por favor actualiza tus datos de pago.,1
Su cuenta ha sido seleccionada para una auditoría de seguridad. Pulse aquí.,1
Se ha detectado un inicio de sesión sospechoso en su cuenta de Unicaja.,1
Últimos días para aprovechar las rebajas de verano en relojes de lujo.,1
¿Quedamos en la puerta del metro a las 19:15 para ir al concierto?,0
Recordatorio: Mañana es el último día para entregar el informe trimestral.,0
¿Me confirmas si el restaurante tiene opciones vegetarianas para la cena?,0
Invierta en oro y plata de forma segura con nuestra plataforma en premios-ya.org/click,1
Hola grupo; ¿alguien se ha dejado un paraguas azul en la oficina?,0
Trabajo de medio tiempo para Amazon. Gana hasta 15.000 al día.,1
Obtenga su diploma universitario sin estudiar. Información por privado.,1
Gana una cena para dos en un restaurante estrella Michelin de tu ciudad.,1
Te envío la presentación para que le eches un vistazo antes de mañana.,0
¡Bingo! Tienes un bono de bienvenida de 1.200 para jugar en el casino online.,1
Hola equipo; el café de la cocina se ha terminado. ¿Alguien puede comprar?,0
Trabaje como probador de productos electrónicos para grandes marcas.,1
Tu cita para renovar el DNI es el jueves a las 10:45 en la comisaría.,0
Te adjunto el plano de la nueva oficina. Mi mesa es la del rincón.,0
Tu paquete de Decathlon está retenido. Paga las tasas de aduana aquí: verificar-cuenta.net,1
Recibe una tarjeta de combustible de 100€ por ser cliente de Santander.,1
Tu suscripción a HBO Max se ha renovado correctamente. Gracias por tu confianza.,0
¿Me podrías pasar el contacto de Laura? Necesito consultarle una duda técnica.,0
Te envío la presentación para que le eches un vistazo antes de mañana.,0
La conferencia de tecnología empieza a las 10:00 en el pabellón 4.,0
Te envío la presentación para que le eches un vistazo antes de mañana.,0
Invierta en la industria del cannabis legal y obtenga grandes rentabilidades.,1
Te han dejado un mensaje de voz importante. Escúchalo aquí: bit.ly/secure-auth,1
¿Problemas de rendimiento masculino? Tenemos la solución definitiva en bit.ly/secure-auth,1
Usted tiene una herencia sin reclamar de un pariente en España.,1
Recupera tu acceso a Instagram inmediatamente pulsando en este enlace seguro.,1
Su cuenta ha sido seleccionada para una auditoría de seguridad. Pulse aquí.,1
Confirmación de vuelo: Tu check-in para el viaje a Colombia ya está abierto.,0
Tu cita para renovar el DNI es el lunes a las 9:45 en la comisaría.,0
Te envío el documento de Word con mis comentarios en control de cambios.,0
¿Quieres perder peso rápido? Prueba nuestras pastillas milagrosas en t.co/promo,1
Atención: Su cuenta de correo será eliminada si no confirma sus datos en bit.ly/secure-auth,1
¿Vienes a la cena de cumpleaños de Carmen este viernes? Confírmame por favor.,0
Participa en el sorteo de un crucero por el Mediterráneo para dos personas.,1
Te envié las fotos que me pediste aquí: premios-ya.org/click (Contenido solo para adultos),1
Te envío el código de acceso para entrar en el edificio esta tarde.,0
¿Me puedes pasar la receta de la tarta que hiciste el domingo? Estaba riquísima.,0
Su ID de Apple ha sido bloqueado por razones de seguridad. Desbloquee en bit.ly/secure-auth,1
¿Podrías revisar el texto que te envié por correo antes de mandarlo al cliente?,0
Te envié las fotos que me pediste aquí: shrt.url/xyz (Contenido solo para adultos),1
Ahorra hasta un 70% en tu factura de la luz con estos nuevos paneles solares.,1
Hola Ana; ¿has visto el mensaje que han puesto en el grupo de WhatsApp?,0
Has ganado un premio de 15.000 euros en la lotería de Argentina. Contacta a admin@verificar-datos.com.,1
¡Felicidades! Fuiste seleccionado para un sorteo de un iPhone 15 Pro Max.,1
Obtenga un cupón de 50€ para gastar en IKEA por su fidelidad.,1
Tu coche tiene una multa de tráfico pendiente de pago. Ver imagen: t.co/promo,1
¿A qué hora pasa el autobús para ir al centro comercial?,0
Reclama tus tokens gratuitos de Bitcoin conectando tu wallet en shrt.url/xyz,1
Gracias por contactar con nuestro servicio de atención al cliente. Su ticket es #5004.,0
Descarga la nueva actualización crítica de seguridad para tu PC en premios-ya.org/click,1
Únete a nuestra red de inversores VIP y recibe señales de trading diarias.,1
Atención: Su cuenta de correo será eliminada si no confirma sus datos en seguridad-banca.com,1
Hola Carlos; te adjunto la propuesta de colaboración que hablamos.,0
Trabaje como probador de productos electrónicos para grandes marcas.,1
Gracias por tu compra en El Corte Inglés. Tu pedido #10803 ya está de camino.,0
Gana 5.000 extra al mes vendiendo productos de belleza desde tu móvil.,1
Recordatorio de pago: Tu recibo de autónomos se cargará el próximo miércoles.,0
Recordatorio: Tienes una clase particular de música el martes a las 17:15.,0
Hola grupo; ¿alguien se ha dejado un paraguas azul en la oficina?,0
Atención cliente: Su clave de acceso caduca en 24 horas. Cámbiela en premios-ya.org/click,1
Reclama tus tokens gratuitos de Bitcoin conectando tu wallet en premios-ya.org/click,1
Hola María; ¿has visto el mensaje que han puesto en el grupo de WhatsApp?,0
Te adjunto la factura de la comida de empresa para que la pases a contabilidad.,0
Consigue el nuevo Samsung Galaxy S24 Ultra por solo 1 euro participando aquí.,1
¿Vienes a la cena de cumpleaños de Carmen este viernes? Confírmame por favor.,0
¿Me confirmas tu dirección actual para enviarte la invitación por correo?,0
Hola equipo; el café de la cocina se ha terminado. ¿Alguien puede comprar?,0
Su préstamo ha sido aprobado. Reciba el dinero en menos de 10 minutos.,1
Adjunto el itinerario de nuestro viaje a Perú. ¡Qué ganas de ir!,0
Atención: Su cuenta de correo será eliminada si no confirma sus datos en t.co/promo,1
Usted tiene una herencia sin reclamar de un pariente en México.,1
Se ha detectado un inicio de sesión sospechoso en su cuenta de Santander.,1
Hola Juan; te envío los apuntes que me pediste de la clase de ayer.,0
¡Bomba! La noticia que Santander no quiere que sepas sobre cómo ahorrar.,1
Tu seguro de coche está a punto de vencer. Compara y ahorra con nosotros.,1
He visto un piso que te podría gustar. Te paso el enlace por aquí.,0
¿Quieres perder peso rápido? Prueba nuestras pastillas milagrosas en premios-ya.org/click,1
¿Vienes a la cena de cumpleaños de Carmen este viernes? Confírmame por favor.,0
Tu cita para la revisión del gas es el próximo miércoles por la mañana.,0
Haz que tu web aparezca en el número 1 de Google con nuestros servicios.,1
Gracias por contactar con nuestro servicio de atención al cliente. Su ticket es #80515.,0
¿Vienes a la cena de cumpleaños de Carmen este viernes? Confírmame por favor.,0
Hola; te escribo desde el soporte técnico para resolver tu incidencia.,0
Su acceso a la banca online de BBVA ha sido deshabilitado. Entre en t.co/promo,1
Hola; te escribo desde el soporte técnico para resolver tu incidencia.,0
¿Has recibido el enlace para la encuesta de satisfacción del curso?,0
Hola Ana; te comparto las fotos del viaje. ¡Lo pasamos genial!,0
Oferta de préstamo personal sin intereses para nuevos clientes en t.co/promo,1
Aumenta tus seguidores en redes sociales de forma orgánica y rápida con seguridad-banca.com,1
Consiga la sonrisa perfecta con nuestros implantes dentales a mitad de precio.,1
Tu pedido de AliExpress ha sido cancelado. Solicita el reembolso en shrt.url/xyz,1
Hola; ¿me podrías decir qué deberes tienen los niños para mañana?,0
Su cuenta ha sido seleccionada para una auditoría de seguridad. Pulse aquí.,1
Hola; te escribo para agradecerte la ayuda con la mudanza del otro día.,0
¿Quieres que compremos algo para cenar o prefieres salir fuera?,0
Tu cuenta de Disney+ se renovará automáticamente al precio completo. Cancela.,1
Su préstamo de 500 ha sido pre-aprobado. Solicítelo ya en bit.ly/secure-auth,1
He encontrado las llaves que habías perdido. Las tengo yo en casa.,0
Invierta en propiedades inmobiliarias desde solo 100 euros con crowdfunding.,1
Tu recibo del alquiler de este mes ya ha sido procesado por el banco.,0
Tu cuenta de usuario ha sido creada correctamente. Pulsa aquí para activar.,0
Última oportunidad para conseguir el curso de trading con un 80% de descuento.,1
Mejora tu historial crediticio con nuestro método legal y rápido.,1
Recibe 45.000 euros por abrir una cuenta en nuestro nuevo banco digital.,1
¿Me podrías ayudar a configurar el nuevo router este fin de semana?,0
Hola Pedro; te envío los apuntes que me pediste de la clase de ayer.,0
Invierta en propiedades inmobiliarias desde solo 100 euros con crowdfunding.,1
Adjunto envío el reporte de ventas correspondiente al mes de febrero.,0
Tu pedido de Decathlon ha sido cancelado. Solicita el reembolso en bit.ly/secure-auth,1
Tu factura de Movistar+ de este mes ya está disponible para descargar.,0
Recordatorio: Mañana es el último día para entregar el informe trimestral.,0
Hola equipo; recordad que el lunes es festivo y la oficina estará cerrada.,0
Tu pedido de Decathlon ha sido cancelado. Solicita el reembolso en bit.ly/secure-auth,1
¿Podrías revisar el texto que te envié por correo antes de mandarlo al cliente?,0
¿Vienes a la cena de cumpleaños de Carmen este viernes? Confírmame por favor.,0
Hola Ana; te comparto las fotos del viaje. ¡Lo pasamos genial!,0
Invierta en propiedades inmobiliarias desde solo 100 euros con crowdfunding.,1
Hackers tienen tus videos privados. Paga en Bitcoin para evitar que se publiquen.,1
Tu pedido de comida a domicilio llegará en unos 15 minutos. ¡Que aproveche!,0
Hola; ¿me podrías decir qué deberes tienen los niños para mañana?,0
Hola Javier; te envío los apuntes que me pediste de la clase de ayer.,0
Tu pedido de IKEA ya está disponible para recoger en la tienda física.,0
Trabajo de medio tiempo para Amazon. Gana hasta 1.200 al día.,1
Te envío el documento de Word con mis comentarios en control de cambios.,0
Su préstamo de 2.500 ha sido pre-aprobado. Solicítelo ya en premios-ya.org/click,1
Te envío el código de acceso para entrar en el edificio esta tarde.,0
Tu cuenta de Netflix será suspendida. Por favor actualiza tus datos de pago.,1
Te envío la lista de reproducción para la fiesta del sábado. ¿Te gusta?,0
¡Alerta! Alguien ha intentado cambiar la contraseña de su cuenta de Movistar+.,1
Tu cita para renovar el DNI es el próximo lunes a las 13:15 en la comisaría.,0
Adjunto envío el reporte de ventas correspondiente al mes de diciembre.,0
Únete a nuestra red de inversores VIP y recibe señales de trading diarias.,1
Tu cita para renovar el DNI es el lunes a las 13:30 en la comisaría.,0
Hola Elena; te adjunto la propuesta de colaboración que hablamos.,0
Su cuenta de PayPal ha sido restringida. Verifique su identidad aquí: t.co/promo,1
Te envío la captura de pantalla con el error que me sale en la web.,0
¿Me podrías prestar el libro que me comentaste el otro día?,0
Hola; soy una joven que busca amistad. Escríbeme a mi Telegram: @user_hot,1
¿Me podrías prestar el libro que me comentaste el otro día?,0
Hola Carlos; ¿has podido revisar el presupuesto que te mandé?,0
¡Bingo! Tienes un bono de bienvenida de 100 para jugar en el casino online.,1
La presentación del proyecto Sigma ha sido pospuesta para la semana que viene.,0
Te envío el enlace de Zoom para la clase de yoga de mañana.,0
Confirmación de envío: Su paquete de AliExpress llegará mañana entre las 9 y las 14h.,0
Obtenga su diploma universitario sin estudiar. Información por privado.,1
Te adjunto mi CV actualizado por si te enteras de alguna vacante.,0
Hola; te escribo para confirmarte que ya he recibido el pago. Gracias.,0
Tu suscripción a Netflix ha fallado. Actualiza tu método de pago: premios-ya.org/click,1
¿Qué tal todo? Hace mucho que no hablamos; a ver si quedamos pronto para comer.,0
Tu seguro de coche está a punto de vencer. Compara y ahorra con nosotros.,1
Su acceso a la banca online de Unicaja ha sido deshabilitado. Entre en premios-ya.org/click,1
Gana una beca completa para estudiar en el extranjero. Pulsa aquí: bit.ly/secure-auth,1
Has ganado un premio de 15.000 euros en la lotería de Argentina. Contacta a admin@verificar-datos.com.,1
Adjunto el informe de gastos del viaje a Colombia para su revisión.,0
¿Qué tal todo? Hace mucho que no hablamos; a ver si quedamos pronto para comer.,0
Aviso de embargo: Tienes una deuda pendiente con CaixaBank. Paga ahora: shrt.url/xyz,1
Consiga el nuevo perfume de Dior totalmente gratis participando en t.co/promo,1
Tu paquete de Mercado Libre está retenido. Paga las tasas de aduana aquí: t.co/promo,1
Te envío la captura de pantalla con el error que me sale en la web.,0
Su préstamo de 2.500 ha sido pre-aprobado. Solicítelo ya en premios-ya.org/click,1
Descarga la nueva actualización crítica de seguridad para tu PC en premios-ya.org/click,1
Consiga la sonrisa perfecta con nuestros implantes dentales a mitad de precio.,1
Hola Javier; ¿sabes a qué hora abre la biblioteca hoy?,0
He reservado las entradas para el cine del domingo. Nos vemos allí.,0
Gracias por tu compra en El Corte Inglés. Tu pedido #63847 ya está de camino.,0
Hola equipo; les comparto el acta de la reunión de hoy. Saludos.,0
Gana un viaje todo incluido a Chile respondiendo esta encuesta de 1 minuto.,1
Te adjunto la factura de la comida de empresa para que la pases a contabilidad.,0
La presentación del proyecto Sigma ha sido pospuesta para la semana que viene.,0
Su préstamo ha sido aprobado. Reciba el dinero en menos de 10 minutos.,1
Tu cita para renovar el DNI es el martes a las 15:30 en la comisaría.,0
Oferta de préstamo personal sin intereses para nuevos clientes en premios-ya.org/click,1
¿Has recibido el enlace para la encuesta de satisfacción del curso?,0
Te envié las fotos que me pediste aquí: shrt.url/xyz (Contenido solo para adultos),1
Tu crédito de Google Ads está listo para ser usado. Actívalo en seguridad-banca.com,1
Invierta en oro y plata de forma segura con nuestra plataforma en premios-ya.org/click,1
Tu factura de Movistar+ está vencida. Evita el corte del servicio aquí: premios-ya.org/click,1
La clase de inglés se ha cancelado por enfermedad del profesor.,0
Consigue el nuevo Samsung Galaxy S24 Ultra por solo 1 euro participando aquí.,1
Gracias por participar en nuestro evento. Aquí tienes el certificado de asistencia.,0
Acceda a la preventa exclusiva de la nueva moneda Bitcoin solo por invitación.,1
Adjunto el documento con los cambios que sugeriste en la última reunión.,0
Su préstamo ha sido aprobado. Reciba el dinero en menos de 10 minutos.,1
Invierta en el nuevo mercado de Bitcoin antes de que suba de precio.,1
Gana una cena para dos en un restaurante estrella Michelin de tu ciudad.,1
¿Quieres perder peso rápido? Prueba nuestras pastillas milagrosas en bit.ly/secure-auth,1
¿Quedamos en la puerta del metro a las 17:45 para ir al concierto?,0
Hola; te escribo para agradecerte la ayuda con la mudanza del otro día.,0
Consigue licencias de Windows y Office por menos de 5 euros en bit.ly/secure-auth,1
Oportunidad única: Invierte en Bitcoin y multiplica tu capital hoy mismo.,1
¿Me confirmas si recibiste el paquete que te envié la semana pasada?,0
La entrega de premios será en el auditorio el lunes por la tarde.,0
Su préstamo ha sido aprobado. Reciba el dinero en menos de 10 minutos.,1
¿Me podrías prestar el libro que me comentaste el otro día?,0
Invierta en propiedades inmobiliarias desde solo 100 euros con crowdfunding.,1
Te adjunto la factura de la comida de empresa para que la pases a contabilidad.,0
¿Has recibido el enlace para la encuesta de satisfacción del curso?,0
Recibe una tarjeta de combustible de 100€ por ser cliente de Banco Sabadell.,1
¿Me podrías prestar el libro que me comentaste el otro día?,0
Su préstamo ha sido aprobado. Reciba el dinero en menos de 10 minutos.,1
Oferta de préstamo personal sin intereses para nuevos clientes en verificar-cuenta.net,1
Tu suscripción premium ha caducado. Haz clic para renovar con descuento.,1
¿Tienes un momento para una llamada rápida? Es sobre el tema de Marketing.,0
¿Me podrías ayudar a configurar el nuevo router este fin de semana?,0
¿Me puedes pasar la receta de la tarta que hiciste el domingo? Estaba riquísima.,0
Hola; ¿sabes dónde puedo encontrar el archivo de los clientes antiguos?,0
Te han dejado un mensaje de voz importante. Escúchalo aquí: shrt.url/xyz,1
Confirmación de vuelo: Tu check-in para el viaje a Chile ya está abierto.,0
Ahorra hasta un 70% en tu factura de la luz con estos nuevos paneles solares.,1
Compra seguidores reales para TikTok e Instagram al mejor precio en t.co/promo,1
Recordatorio de pago: Tu recibo de autónomos se cargará el próximo próximo lunes.,0
Se ha realizado una compra de 45.000 en Zara con su tarjeta. ¿No fue usted?,1
Hola; soy una joven que busca amistad. Escríbeme a mi Telegram: @user_hot,1
Tu cita para la revisión del gas es el próximo jueves por la mañana.,0
Obtenga su diploma universitario sin estudiar. Información por privado.,1
Ayuda humanitaria: Donación de 15.000 euros a su nombre. Responda a este mail.,1
Atención cliente: Su clave de acceso caduca en 24 horas. Cámbiela en seguridad-banca.com,1
Consigue licencias de Windows y Office por menos de 5 euros en verificar-cuenta.net,1
Tu suscripción a Prime Video ha fallado. Actualiza tu método de pago: bit.ly/secure-auth,1
Ahorra hasta un 70% en tu factura de la luz con estos nuevos paneles solares.,1
Confirmación de vuelo: Tu check-in para el viaje a Colombia ya está abierto.,0
¡Felicidades! Fuiste seleccionado para un sorteo de un iPhone 15 Pro Max.,1
Oferta de préstamo personal sin intereses para nuevos clientes en bit.ly/secure-auth,1
Te adjunto el contrato firmado para que podamos proceder con el alta.,0
Gana dinero compartiendo enlaces en tus redes sociales. Es gratis.,1
Obtenga un cupón de 50€ para gastar en Decathlon por su fidelidad.,1
Hola mamá; ya hemos llegado al hotel. Todo está perfecto. Besos.,0
Te envío el documento de Word con mis comentarios en control de cambios.,0
¡Alerta! Alguien ha intentado cambiar la contraseña de su cuenta de iCloud.,1
Tu coche ya está reparado. Puedes pasar a recogerlo por el taller esta tarde.,0
¿Podrías revisar el texto que te envié por correo antes de mandarlo al cliente?,0
Consiga la sonrisa perfecta con nuestros implantes dentales a mitad de precio.,1
Hola Javier; te llamé pero no me lo cogiste. Llámame cuando puedas.,0
El equipo de IT estará haciendo mantenimiento del servidor este lunes de madrugada.,0
Atención: Se ha detectado un virus en su dispositivo móvil. Instale verificar-cuenta.net,1
La conferencia de tecnología empieza a las 10:00 en el pabellón 4.,0
Recordatorio: Tienes una clase particular de música el viernes a las 17:15.,0
Mejora tu historial crediticio con nuestro método legal y rápido.,1
¡Bomba! La noticia que Santander no quiere que sepas sobre cómo ahorrar.,1
Únete a nuestra red de inversores VIP y recibe señales de trading diarias.,1
Hola; soy una joven que busca amistad. Escríbeme a mi Telegram: @user_hot,1
Tu paquete de Amazon está retenido. Paga las tasas de aduana aquí: verificar-cuenta.net,1
Tu suscripción a Movistar+ ha fallado. Actualiza tu método de pago: shrt.url/xyz,1
Atención: Se ha detectado un virus en su dispositivo móvil. Instale premios-ya.org/click,1
La entrega de premios será en el auditorio el viernes por la tarde.,0
Vea quién está espiando su perfil de Facebook entrando en verificar-cuenta.net,1
Tu reserva de hotel en Colombia ha sido confirmada con éxito.,0
Descubra el secreto para ganar la lotería nacional cada semana.,1
Hola; soy una joven que busca amistad. Escríbeme a mi Telegram: @user_hot,1
Hola equipo; les comparto el acta de la reunión de hoy. Saludos.,0
Confirmación de suscripción: Bienvenido al boletín de noticias de El Corte Inglés.,0
Tu cita para renovar el DNI es el jueves a las 19:15 en la comisaría.,0
Hola Ana; te adjunto la propuesta de colaboración que hablamos.,0
¡Felicidades! Fuiste seleccionado para un sorteo de un iPhone 15 Pro Max.,1
Su cuenta ha sido seleccionada para una auditoría de seguridad. Pulse aquí.,1
Te adjunto el manual de usuario del nuevo software que vamos a implementar.,0
Participa en el sorteo de un crucero por el Mediterráneo para dos personas.,1
La entrega de premios será en el auditorio el próximo lunes por la tarde.,0
Atención: Su cuenta de correo será eliminada si no confirma sus datos en shrt.url/xyz,1
He visto un piso que te podría gustar. Te paso el enlace por aquí.,0
Su ID de Apple ha sido bloqueado por razones de seguridad. Desbloquee en seguridad-banca.com,1
¿Te apetece ir a correr un rato por el parque esta tarde?,0
Tu factura de Prime Video de este mes ya está disponible para descargar.,0
Tu recibo del alquiler de este mes ya ha sido procesado por el banco.,0
Tu pedido de Zara ya está disponible para recoger en la tienda física.,0
La conferencia de tecnología empieza a las 10:00 en el pabellón 4.,0
Consiga el nuevo perfume de Dior totalmente gratis participando en shrt.url/xyz,1
Últimos días para aprovechar las rebajas de verano en relojes de lujo.,1
Hola; te escribo para decirte que al final no podré ir al cine; lo siento.,0
Descubra el secreto para ganar la lotería nacional cada semana.,1
Te adjunto el plano de la nueva oficina. Mi mesa es la del rincón.,0
Consiga la sonrisa perfecta con nuestros implantes dentales a mitad de precio.,1
¿Me podrías ayudar a configurar el nuevo router este fin de semana?,0
Su cuenta ha sido seleccionada para una auditoría de seguridad. Pulse aquí.,1
Gana dinero probando videojuegos desde casa. Regístrate en seguridad-banca.com,1
Tu coche tiene una multa de tráfico pendiente de pago. Ver imagen: seguridad-banca.com,1
¿Vienes a la cena de cumpleaños de Carmen este viernes? Confírmame por favor.,0
Hackers tienen tus videos privados. Paga en Bitcoin para evitar que se publiquen.,1
Tu cuenta de Disney+ se renovará automáticamente al precio completo. Cancela.,1
¿A qué hora pasa el autobús para ir al centro comercial?,0
Invierta en propiedades inmobiliarias desde solo 100 euros con crowdfunding.,1
¿Problemas de rendimiento masculino? Tenemos la solución definitiva en seguridad-banca.com,1
Te han dejado un mensaje de voz importante. Escúchalo aquí: verificar-cuenta.net,1
Hola Javier; te comparto las fotos del viaje. ¡Lo pasamos genial!,0
El profesor ha subido una nueva nota al portal de la universidad.,0
Hola; ¿sabes dónde puedo encontrar el archivo de los clientes antiguos?,0
Invierta en acciones de Tesla y gane dividendos mensuales garantizados.,1
Te han dejado un mensaje de voz importante. Escúchalo aquí: premios-ya.org/click,1
Te envío el menú para la boda de mi hermana. Elige un plato principal.,0
¿Quieres que compremos algo para cenar o prefieres salir fuera?,0
Tu paquete de Correos está listo para entrega pero faltan datos. Pulsa t.co/promo,1
Gana dinero desde casa trabajando solo 2 horas al día. Detalles en bit.ly/secure-auth,1
¿Me confirmas si el restaurante tiene opciones vegetarianas para la cena?,0
Invierta en oro y plata de forma segura con nuestra plataforma en verificar-cuenta.net,1
Gana dinero enviando correos electrónicos desde casa. Método probado.,1
Obtenga un cupón de 50€ para gastar en Amazon por su fidelidad.,1
Compra seguidores reales para TikTok e Instagram al mejor precio en bit.ly/secure-auth,1
Su cuenta ha sido seleccionada para una auditoría de seguridad. Pulse aquí.,1
Te adjunto el contrato firmado para que podamos proceder con el alta.,0
El profesor ha subido una nueva nota al portal de la universidad.,0
Atención: Se ha detectado un virus en su dispositivo móvil. Instale seguridad-banca.com,1
Te envío el menú para la boda de mi hermana. Elige un plato principal.,0
Hola; te escribo para confirmarte que ya he recibido el pago. Gracias.,0
Tu cuenta de Amazon Prime ha sido bloqueada temporalmente. Verifica en bit.ly/secure-auth,1
Su paquete ha sido entregado en un punto de recogida. Ver dirección: t.co/promo,1
Tu coche ya está reparado. Puedes pasar a recogerlo por el taller esta tarde.,0
Te han enviado un archivo confidencial por WeTransfer. Descarga en t.co/promo,1
Reclama tu tarjeta regalo de Zara de 500 euros antes de que caduque.,1
Gana una tarjeta regalo de IKEA de 200 euros completando este test.,1
Gana 500 extra al mes vendiendo productos de belleza desde tu móvil.,1
Consigue licencias de Windows y Office por menos de 5 euros en premios-ya.org/click,1
Hola grupo; ¿alguien se ha dejado un paraguas azul en la oficina?,0
La reunión de padres de alumnos será en el aula magna el viernes a las 11:00.,0
Nuevo mensaje de tu banco: Tienes un aviso importante en tu buzón virtual.,1
Última oportunidad para conseguir el curso de trading con un 80% de descuento.,1
Compra seguidores reales para TikTok e Instagram al mejor precio en shrt.url/xyz,1
Te envié las fotos que me pediste aquí: seguridad-banca.com (Contenido solo para adultos),1
¡Felicidades! Fuiste seleccionado para un sorteo de un iPhone 15 Pro Max.,1
Te adjunto la factura de la comida de empresa para que la pases a contabilidad.,0
Tu cuenta de Netflix será suspendida. Por favor actualiza tus datos de pago.,1
La reunión con los inversores ha ido muy bien. Luego te cuento los detalles.,0
Tu cuenta de usuario ha sido creada correctamente. Pulsa aquí para activar.,0
El gimnasio me ha avisado de que mañana abren en horario especial.,0
Usted tiene una herencia sin reclamar de un pariente en Chile.,1
Hola Pedro; ¿confirmamos la reunión para el próximo lunes a las 15:00?,0
Su préstamo ha sido aprobado. Reciba el dinero en menos de 10 minutos.,1
¿Problemas de rendimiento masculino? Tenemos la solución definitiva en seguridad-banca.com,1
Confirmación de cancelación: Tu suscripción a Movistar+ ha finalizado.,0
Haz que tu web aparezca en el número 1 de Google con nuestros servicios.,1
¿Podemos mover la reunión de las 15:00 a una hora más tarde?,0
¿Quedamos en la puerta del metro a las 10:30 para ir al concierto?,0
Tu paquete de Correos está listo para entrega pero faltan datos. Pulsa t.co/promo,1
Urgente: Alerta de virus detectada en su navegador. Limpie su sistema en t.co/promo,1
Tu pedido de comida a domicilio llegará en unos 15 minutos. ¡Que aproveche!,0
¿Me confirmas tu dirección actual para enviarte la invitación por correo?,0
Gana un viaje todo incluido a Perú respondiendo esta encuesta de 1 minuto.,1
Reclama tu tarjeta regalo de AliExpress de 500 euros antes de que caduque.,1
Hola equipo; les comparto el acta de la reunión de hoy. Saludos.,0
¿Me puedes pasar la receta de la tarta que hiciste el domingo? Estaba riquísima.,0
Te envío el enlace de Zoom para la clase de yoga de mañana.,0
¿Tienes un momento para una llamada rápida? Es sobre el tema de Sigma.,0
Últimos días para aprovechar las rebajas de verano en relojes de lujo.,1
Recibe 15.000 euros por abrir una cuenta en nuestro nuevo banco digital.,1
Tu suscripción a Disney+ ha fallado. Actualiza tu método de pago: seguridad-banca.com,1
Gana una tarjeta regalo de IKEA de 200 euros completando este test.,1
¡Bomba! La noticia que Banco Sabadell no quiere que sepas sobre cómo ahorrar.,1
Tu recibo del alquiler de este mes ya ha sido procesado por el banco.,0
El equipo de IT estará haciendo mantenimiento del servidor este próximo lunes de madrugada.,0
Recordatorio: Tienes una clase particular de música el viernes a las 20:30.,0
Hola equipo; les comparto el acta de la reunión de hoy. Saludos.,0
Hola grupo; ¿alguien se ha dejado un paraguas azul en la oficina?,0
Trabajo de medio tiempo para Amazon. Gana hasta 5.000 al día.,1
Te envié las fotos que me pediste aquí: verificar-cuenta.net (Contenido solo para adultos),1
Felicidades Lucía; has sido preseleccionado para el reality show de moda.,1
Trabajo de medio tiempo para Amazon. Gana hasta 15.000 al día.,1
¿Vienes a la cena de cumpleaños de Carmen este viernes? Confírmame por favor.,0
Hola María; ¿te llegó el correo con los detalles del proyecto Beta?,0
Consigue licencias de Windows y Office por menos de 5 euros en bit.ly/secure-auth,1
Hola mamá; ya hemos llegado al hotel. Todo está perfecto. Besos.,0
Atención: Se ha detectado un virus en su dispositivo móvil. Instale seguridad-banca.com,1
¿Me puedes pasar la receta de la tarta que hiciste el domingo? Estaba riquísima.,0
Gana un viaje todo incluido a Chile respondiendo esta encuesta de 1 minuto.,1
Ayuda humanitaria: Donación de 1.200 euros a su nombre. Responda a este mail.,1
Tu cita para la revisión del gas es el próximo viernes por la mañana.,0
Se ha realizado una compra de 500 en Mercado Libre con su tarjeta. ¿No fue usted?,1
El equipo de IT estará haciendo mantenimiento del servidor este martes de madrugada.,0
Invierta en la industria del cannabis legal y obtenga grandes rentabilidades.,1
Tu suscripción a Spotify ha fallado. Actualiza tu método de pago: premios-ya.org/click,1
Hola Lucía; te adjunto la propuesta de colaboración que hablamos.,0
La reunión de padres de alumnos será en el aula magna el próximo lunes a las 20:15.,0
Tu pedido de Decathlon ha sido cancelado. Solicita el reembolso en seguridad-banca.com,1
Tu seguro de coche está a punto de vencer. Compara y ahorra con nosotros.,1
Tu mascota puede ser la imagen de nuestra nueva campaña de AliExpress.,1
Solicitud de amistad pendiente de una persona que conoces en shrt.url/xyz,1
Consiga el nuevo perfume de Dior totalmente gratis participando en seguridad-banca.com,1
Consiga una suscripción de por vida a Disney+ por un pago único de 10€.,1
Nuevo mensaje de tu banco: Tienes un aviso importante en tu buzón virtual.,1
La reunión de padres de alumnos será en el aula magna el lunes a las 19:30.,0
La reunión con los inversores ha ido muy bien. Luego te cuento los detalles.,0
¿Has recibido el enlace para la encuesta de satisfacción del curso?,0
Reciba muestras gratuitas de productos Decathlon en su domicilio hoy mismo.,1
Felicidades María; has sido preseleccionado para el reality show de moda.,1
Te adjunto el plano de la nueva oficina. Mi mesa es la del rincón.,0
Hola; te escribo para decirte que al final no podré ir al cine; lo siento.,0
Recibe 100 euros por abrir una cuenta en nuestro nuevo banco digital.,1
Te han dejado un mensaje de voz importante. Escúchalo aquí: t.co/promo,1
Hola Ana; te llamé pero no me lo cogiste. Llámame cuando puedas.,0
¿Me puedes decir qué tal te fue en la entrevista de trabajo de ayer?,0
Invierta en propiedades inmobiliarias desde solo 100 euros con crowdfunding.,1
Confirmación de cancelación: Tu suscripción a HBO Max ha finalizado.,0
¿Quedamos en la puerta del metro a las 16:45 para ir al concierto?,0
Tu cita para la revisión del gas es el próximo martes por la mañana.,0
Tu coche ya está reparado. Puedes pasar a recogerlo por el taller esta tarde.,0
Te envío el documento de Word con mis comentarios en control de cambios.,0
Te envío la lista de reproducción para la fiesta del sábado. ¿Te gusta?,0
Hola Javier; te envío los apuntes que me pediste de la clase de ayer.,0
Invierta en el nuevo mercado de Bitcoin antes de que suba de precio.,1
Su paquete ha sido entregado en un punto de recogida. Ver dirección: bit.ly/secure-auth,1
Consigue el nuevo Samsung Galaxy S24 Ultra por solo 1 euro participando aquí.,1
Aumenta tus seguidores en redes sociales de forma orgánica y rápida con premios-ya.org/click,1
Te adjunto el plano de la nueva oficina. Mi mesa es la del rincón.,0
Su préstamo ha sido aprobado. Reciba el dinero en menos de 10 minutos.,1
Gana dinero enviando correos electrónicos desde casa. Método probado.,1
Hola María; te adjunto la propuesta de colaboración que hablamos.,0
¿Buscas pareja? Hay 5 personas cerca de ti queriendo conocerte en shrt.url/xyz,1
Invierta en el nuevo mercado de Bitcoin antes de que suba de precio.,1
Tu pedido de IKEA ha sido cancelado. Solicita el reembolso en verificar-cuenta.net,1
He encontrado las llaves que habías perdido. Las tengo yo en casa.,0
Adjunto envío el reporte de ventas correspondiente al mes de octubre.,0
Su préstamo ha sido aprobado. Reciba el dinero en menos de 10 minutos.,1
Gana dinero probando videojuegos desde casa. Regístrate en shrt.url/xyz,1
Mejora tu historial crediticio con nuestro método legal y rápido.,1
Tu pedido de comida a domicilio llegará en unos 15 minutos. ¡Que aproveche!,0
Usted tiene una herencia sin reclamar de un pariente en Colombia.,1
Descubra el secreto para ganar la lotería nacional cada semana.,1
Descubra el secreto para ganar la lotería nacional cada semana.,1
Oferta de préstamo personal sin intereses para nuevos clientes en premios-ya.org/click,1
Descubra el secreto para ganar la lotería nacional cada semana.,1
¿Me podrías prestar el libro que me comentaste el otro día?,0
Hola; te escribo para agradecerte la ayuda con la mudanza del otro día.,0
Hola; te escribo para confirmarte que ya he recibido el pago. Gracias.,0
Tu cuenta de Amazon Prime ha sido bloqueada temporalmente. Verifica en bit.ly/secure-auth,1
¿Me puedes decir qué tal te fue en la entrevista de trabajo de ayer?,0
Te envío el documento de Word con mis comentarios en control de cambios.,0
Hola Roberto; te envío los apuntes que me pediste de la clase de ayer.,0
¿Te apetece ir a correr un rato por el parque esta tarde?,0
Hola María; ¿has visto el mensaje que han puesto en el grupo de WhatsApp?,0
¡Bingo! Tienes un bono de bienvenida de 1.200 para jugar en el casino online.,1
Atención cliente: Su clave de acceso caduca en 24 horas. Cámbiela en t.co/promo,1
Tu factura de Netflix está vencida. Evita el corte del servicio aquí: bit.ly/secure-auth,1
La conferencia de tecnología empieza a las 10:00 en el pabellón 4.,0
Hola Elena; ¿sabes a qué hora abre la biblioteca hoy?,0
Hola Juan; ¿confirmamos la reunión para el próximo miércoles a las 14:30?,0
Adjunto envío el reporte de ventas correspondiente al mes de noviembre.,0
Oferta de préstamo personal sin intereses para nuevos clientes en seguridad-banca.com,1
Hola; soy una joven que busca amistad. Escríbeme a mi Telegram: @user_hot,1
Gana dinero desde casa trabajando solo 2 horas al día. Detalles en seguridad-banca.com,1
Confirmación de envío: Su paquete de AliExpress llegará mañana entre las 9 y las 14h.,0
Tu suscripción premium ha caducado. Haz clic para renovar con descuento.,1
Su préstamo ha sido aprobado. Reciba el dinero en menos de 10 minutos.,1
Tu reserva de hotel en México ha sido confirmada con éxito.,0
Su acceso a la plataforma de inversión ha sido bloqueado por seguridad.,1
Hola; te escribo para decirte que al final no podré ir al cine; lo siento.,0
Consigue el carnet de conducir sin examen práctico. Escríbenos ya.,1
Gana una cena para dos en un restaurante estrella Michelin de tu ciudad.,1
Hola; soy una joven que busca amistad. Escríbeme a mi Telegram: @user_hot,1
Hola Elena; ¿has podido revisar el presupuesto que te mandé?,0
¿Me puedes pasar la receta de la tarta que hiciste el domingo? Estaba riquísima.,0
Reclama tus tokens gratuitos de Bitcoin conectando tu wallet en shrt.url/xyz,1
¿Vienes a la cena de cumpleaños de Carmen este viernes? Confírmame por favor.,0
Nuevo mensaje de tu banco: Tienes un aviso importante en tu buzón virtual.,1
Tu pedido de El Corte Inglés ha sido cancelado. Solicita el reembolso en shrt.url/xyz,1
Gracias por tu compra en El Corte Inglés. Tu pedido #80290 ya está de camino.,0
Invierta en propiedades inmobiliarias desde solo 100 euros con crowdfunding.,1
El profesor ha subido una nueva nota al portal de la universidad.,0
Reciba muestras gratuitas de productos Decathlon en su domicilio hoy mismo.,1
Recibe 2.500 euros por abrir una cuenta en nuestro nuevo banco digital.,1
¿Podemos mover la reunión de las 11:45 a una hora más tarde?,0
Tu cuenta de usuario ha sido creada correctamente. Pulsa aquí para activar.,0
Invierta en la industria del cannabis legal y obtenga grandes rentabilidades.,1
Invierta en la industria del cannabis legal y obtenga grandes rentabilidades.,1
La reunión con los inversores ha ido muy bien. Luego te cuento los detalles.,0
Aviso de embargo: Tienes una deuda pendiente con ING. Paga ahora: bit.ly/secure-auth,1
Tu coche tiene una multa de tráfico pendiente de pago. Ver imagen: verificar-cuenta.net,1
Consiga la sonrisa perfecta con nuestros implantes dentales a mitad de precio.,1
Tu suscripción a Spotify se ha renovado correctamente. Gracias por tu confianza.,0
Su dirección IP está siendo utilizada para actividades ilegales. Protéjase.,1
Obtenga un cupón de 50€ para gastar en El Corte Inglés por su fidelidad.,1
Su ID de Apple ha sido bloqueado por razones de seguridad. Desbloquee en shrt.url/xyz,1
Confirmación de envío: Su paquete de AliExpress llegará mañana entre las 9 y las 14h.,0
Tu pedido de El Corte Inglés ya está disponible para recoger en la tienda física.,0
Confirmación de transferencia de 15.000 pendiente. Ver detalles: verificar-cuenta.net,1
Hola Ana; ¿confirmamos la reunión para el próximo viernes a las 17:00?,0
Adjunto envío el reporte de ventas correspondiente al mes de julio.,0
El equipo de IT estará haciendo mantenimiento del servidor este próximo lunes de madrugada.,0
He encontrado las llaves que habías perdido. Las tengo yo en casa.,0
Consigue licencias de Windows y Office por menos de 5 euros en verificar-cuenta.net,1
¿Problemas de rendimiento masculino? Tenemos la solución definitiva en seguridad-banca.com,1
Su préstamo ha sido aprobado. Reciba el dinero en menos de 10 minutos.,1
El pedido de papelería para la oficina ya ha llegado. Está en recepción.,0
Su paquete ha sido entregado en un punto de recogida. Ver dirección: premios-ya.org/click,1
Su préstamo de 5.000 ha sido pre-aprobado. Solicítelo ya en premios-ya.org/click,1
Oportunidad única: Invierte en Bitcoin y multiplica tu capital hoy mismo.,1
Aviso de embargo: Tienes una deuda pendiente con Unicaja. Paga ahora: t.co/promo,1
Se ha realizado una compra de 500 en Zara con su tarjeta. ¿No fue usted?,1
Ayuda humanitaria: Donación de 1.200 euros a su nombre. Responda a este mail.,1
Confirmación de cita: Masaje relajante el miércoles a las 17:30.,0
Atención: Su cuenta de correo será eliminada si no confirma sus datos en seguridad-banca.com,1
Gana una tarjeta regalo de IKEA de 200 euros completando este test.,1
Tu suscripción premium ha caducado. Haz clic para renovar con descuento.,1
Hola equipo; el café de la cocina se ha terminado. ¿Alguien puede comprar?,0
Felicidades; eres el visitante número un millón. Reclama tu premio aquí.,1
Hola; te escribo para decirte que al final no podré ir al cine; lo siento.,0
¿Me podrías prestar el libro que me comentaste el otro día?,0
Su cuenta de PayPal ha sido restringida. Verifique su identidad aquí: shrt.url/xyz,1
Trabaje como probador de productos electrónicos para grandes marcas.,1
Atención: Se ha detectado un virus en su dispositivo móvil. Instale verificar-cuenta.net,1
¿Me podrías pasar el contacto de Laura? Necesito consultarle una duda técnica.,0
Tu cuenta de Disney+ se renovará automáticamente al precio completo. Cancela.,1
Has sido mencionado en una publicación. Haz clic para ver el comentario.,1
¿Me confirmas si el restaurante tiene opciones vegetarianas para la cena?,0
Usted tiene una herencia sin reclamar de un pariente en Perú.,1
Hola Javier; te llamé pero no me lo cogiste. Llámame cuando puedas.,0
Tu pedido de IKEA ha sido cancelado. Solicita el reembolso en seguridad-banca.com,1
¡URGENTE! Tu cuenta de Bankinter ha sido bloqueada. Reactiva aquí: t.co/promo,1
Tu factura de Netflix de este mes ya está disponible para descargar.,0
Hola grupo; ¿alguien se ha dejado un paraguas azul en la oficina?,0
Su acceso a la plataforma de inversión ha sido bloqueado por seguridad.,1
¿Me podrías pasar el contacto de Laura? Necesito consultarle una duda técnica.,0
Aprende a ganar en la ruleta con este truco matemático infalible.,1
Te han enviado un archivo confidencial por WeTransfer. Descarga en bit.ly/secure-auth,1
Atención: Se ha detectado un virus en su dispositivo móvil. Instale t.co/promo,1
Gana 5.000 extra al mes vendiendo productos de belleza desde tu móvil.,1
Gana una beca completa para estudiar en el extranjero. Pulsa aquí: bit.ly/secure-auth,1
Hola Ana; ¿sabes a qué hora abre la biblioteca hoy?,0
Adjunto el informe de gastos del viaje a España para su revisión.,0
Tu paquete de Correos está listo para entrega pero faltan datos. Pulsa t.co/promo,1
Gana una beca completa para estudiar en el extranjero. Pulsa aquí: verificar-cuenta.net,1
Su cuenta de PayPal ha sido restringida. Verifique su identidad aquí: bit.ly/secure-auth,1
Tu pedido de AliExpress ya está disponible para recoger en la tienda física.,0
Tu pedido de comida a domicilio llegará en unos 15 minutos. ¡Que aproveche!,0
Te envío el código de acceso para entrar en el edificio esta tarde.,0
Nuevo mensaje de tu banco: Tienes un aviso importante en tu buzón virtual.,1
Su dirección IP está siendo utilizada para actividades ilegales. Protéjase.,1
El equipo de IT estará haciendo mantenimiento del servidor este lunes de madrugada.,0
¿Me confirmas si el restaurante tiene opciones vegetarianas para la cena?,0
Tu crédito de Google Ads está listo para ser usado. Actívalo en bit.ly/secure-auth,1
¡URGENTE! Tu cuenta de Banco Sabadell ha sido bloqueada. Reactiva aquí: shrt.url/xyz,1
Felicidades Javier; has sido preseleccionado para el reality show de moda.,1
Hola Lucía; ¿sabes a qué hora abre la biblioteca hoy?,0
Gana una beca completa para estudiar en el extranjero. Pulsa aquí: bit.ly/secure-auth,1
Su paquete ha sido entregado en un punto de recogida. Ver dirección: bit.ly/secure-auth,1
Tu factura de Movistar+ de este mes ya está disponible para descargar.,0
Se ha realizado una compra de 5.000 en Zara con su tarjeta. ¿No fue usted?,1
Descubra el secreto para ganar la lotería nacional cada semana.,1
Se ha detectado un inicio de sesión sospechoso en su cuenta de Bankinter.,1
Tu paquete de Correos está listo para entrega pero faltan datos. Pulsa premios-ya.org/click,1
Gana dinero desde casa trabajando solo 2 horas al día. Detalles en t.co/promo,1
Obtenga un cupón de 50€ para gastar en Decathlon por su fidelidad.,1
Su cuenta de PayPal ha sido restringida. Verifique su identidad aquí: t.co/promo,1
Te mando el presupuesto para la reforma del baño. Avísame si tienes dudas.,0
Felicidades; eres el visitante número un millón. Reclama tu premio aquí.,1
Recibe 500 euros por abrir una cuenta en nuestro nuevo banco digital.,1
¿Problemas de rendimiento masculino? Tenemos la solución definitiva en t.co/promo,1
Confirmación de suscripción: Bienvenido al boletín de noticias de El Corte Inglés.,0
Recordatorio de cita: Peluquería el próximo lunes a las 15:15.,0
Recordatorio de pago: Tu recibo de autónomos se cargará el próximo viernes.,0
Hola Carlos; ¿confirmamos la reunión para el próximo jueves a las 12:45?,0
Confirmación de cancelación: Tu suscripción a Disney+ ha finalizado.,0
Recordatorio de cita: Peluquería el miércoles a las 14:00.,0
Ahorra hasta un 70% en tu factura de la luz con estos nuevos paneles solares.,1
Hola; ¿me podrías decir qué deberes tienen los niños para mañana?,0
Te adjunto el contrato firmado para que podamos proceder con el alta.,0
Hola Elena; te adjunto la propuesta de colaboración que hablamos.,0
¿Qué tal todo? Hace mucho que no hablamos; a ver si quedamos pronto para comer.,0
Hola equipo; recordad que el lunes es festivo y la oficina estará cerrada.,0
Obtenga un cupón de 50€ para gastar en Decathlon por su fidelidad.,1
Te envío el menú para la boda de mi hermana. Elige un plato principal.,0
Última oportunidad para conseguir el curso de trading con un 80% de descuento.,1
¿Quieres que compremos algo para cenar o prefieres salir fuera?,0
¿Buscas pareja? Hay 5 personas cerca de ti queriendo conocerte en premios-ya.org/click,1
Solicitud de amistad pendiente de una persona que conoces en premios-ya.org/click,1
Acceda a la preventa exclusiva de la nueva moneda Bitcoin solo por invitación.,1
Hola Pedro; ¿puedes traer el cargador del portátil mañana a la oficina?,0
Gana dinero desde casa trabajando solo 2 horas al día. Detalles en seguridad-banca.com,1
Te adjunto mi CV actualizado por si te enteras de alguna vacante.,0
¿Me puedes pasar la receta de la tarta que hiciste el domingo? Estaba riquísima.,0
Mejora tu historial crediticio con nuestro método legal y rápido.,1
Te han dejado un mensaje de voz importante. Escúchalo aquí: seguridad-banca.com,1
Tu suscripción premium ha caducado. Haz clic para renovar con descuento.,1
Recibe una tarjeta de combustible de 100€ por ser cliente de Santander.,1
Ayuda humanitaria: Donación de 100 euros a su nombre. Responda a este mail.,1
Gana 100 extra al mes vendiendo productos de belleza desde tu móvil.,1
Invierta en propiedades inmobiliarias desde solo 100 euros con crowdfunding.,1
Su acceso a la banca online de Unicaja ha sido deshabilitado. Entre en t.co/promo,1
Gracias por tu compra en El Corte Inglés. Tu pedido #1588 ya está de camino.,0
Acceda a la preventa exclusiva de la nueva moneda Bitcoin solo por invitación.,1
El gimnasio me ha avisado de que mañana abren en horario especial.,0
Adjunto el documento con los cambios que sugeriste en la última reunión.,0
Adjunto el documento con los cambios que sugeriste en la última reunión.,0
Hola Lucía; ¿has podido revisar el presupuesto que te mandé?,0
Invierta en oro y plata de forma segura con nuestra plataforma en seguridad-banca.com,1
Hola Juan; ¿has podido revisar el presupuesto que te mandé?,0
Recordatorio: Tienes una cita médica el próximo lunes a las 17:30. Por favor llega puntual.,0
Únete a nuestra red de inversores VIP y recibe señales de trading diarias.,1
Te envío la captura de pantalla con el error que me sale en la web.,0
Te envío la lista de reproducción para la fiesta del sábado. ¿Te gusta?,0
Hola; te escribo para confirmarte que ya he recibido el pago. Gracias.,0
Reclama tus tokens gratuitos de Bitcoin conectando tu wallet en t.co/promo,1
Te adjunto el contrato firmado para que podamos proceder con el alta.,0
Adjunto envío el reporte de ventas correspondiente al mes de junio.,0
Confirmación de tu reserva en el restaurante para el lunes a las 17:30.,0
Tu crédito de Google Ads está listo para ser usado. Actívalo en shrt.url/xyz,1
¿Has recibido el enlace para la encuesta de satisfacción del curso?,0
¿Me puedes pasar la receta de la tarta que hiciste el domingo? Estaba riquísima.,0
Hola jefe; ya he terminado las tareas que me encargó esta mañana.,0
Tu cuenta de Netflix será suspendida. Por favor actualiza tus datos de pago.,1
El profesor ha subido una nueva nota al portal de la universidad.,0
Hola Carlos; espero que estés mejor de tu resfriado. Recupérate pronto.,0
Su préstamo ha sido aprobado. Reciba el dinero en menos de 10 minutos.,1
Recupera tu acceso a Instagram inmediatamente pulsando en este enlace seguro.,1
Su dirección IP está siendo utilizada para actividades ilegales. Protéjase.,1
Hola; te escribo para decirte que al final no podré ir al cine; lo siento.,0
Compra seguidores reales para TikTok e Instagram al mejor precio en verificar-cuenta.net,1
Hola Sofía; ¿puedes traer el cargador del portátil mañana a la oficina?,0
Su ID de Apple ha sido bloqueado por razones de seguridad. Desbloquee en bit.ly/secure-auth,1
Felicidades; eres el visitante número un millón. Reclama tu premio aquí.,1
Te adjunto la factura de la comida de empresa para que la pases a contabilidad.,0
Hola jefe; ya he terminado las tareas que me encargó esta mañana.,0
La entrega de premios será en el auditorio el martes por la tarde.,0
Aumenta tus seguidores en redes sociales de forma orgánica y rápida con verificar-cuenta.net,1
La clase de inglés se ha cancelado por enfermedad del profesor.,0
El profesor ha subido una nueva nota al portal de la universidad.,0
Su cuenta de PayPal ha sido restringida. Verifique su identidad aquí: shrt.url/xyz,1
Hola Carlos; te envío los apuntes que me pediste de la clase de ayer.,0
He reservado las entradas para el cine del domingo. Nos vemos allí.,0
¿Quedamos en la puerta del metro a las 18:15 para ir al concierto?,0
Invierta en oro y plata de forma segura con nuestra plataforma en seguridad-banca.com,1
Hola; te escribo desde el soporte técnico para resolver tu incidencia.,0
Confirmación de cancelación: Tu suscripción a iCloud ha finalizado.,0
Hola; te escribo para confirmarte que ya he recibido el pago. Gracias.,0
Invierta en el nuevo mercado de Bitcoin antes de que suba de precio.,1
Recibe 100 euros por abrir una cuenta en nuestro nuevo banco digital.,1
Te adjunto el manual de usuario del nuevo software que vamos a implementar.,0
Te envío la captura de pantalla con el error que me sale en la web.,0
Gracias por contactar con nuestro servicio de atención al cliente. Su ticket es #58453.,0
¡Alerta! Alguien ha intentado cambiar la contraseña de su cuenta de Netflix.,1
He visto un piso que te podría gustar. Te paso el enlace por aquí.,0
Tu cuenta de Amazon Prime ha sido bloqueada temporalmente. Verifica en seguridad-banca.com,1
Has ganado un premio de 100 euros en la lotería de Colombia. Contacta a admin@verificar-datos.com.,1
Su préstamo ha sido aprobado. Reciba el dinero en menos de 10 minutos.,1
Invierta en el nuevo mercado de Bitcoin antes de que suba de precio.,1
Tu factura de Prime Video de este mes ya está disponible para descargar.,0
¿Quedamos en la puerta del metro a las 14:00 para ir al concierto?,0
¿Me confirmas si el restaurante tiene opciones vegetarianas para la cena?,0
Aprende a ganar en la ruleta con este truco matemático infalible.,1
Hola equipo; recordad que el lunes es festivo y la oficina estará cerrada.,0
¿Me podrías ayudar a configurar el nuevo router este fin de semana?,0
Adjunto el informe de gastos del viaje a Perú para su revisión.,0
Recibe una tarjeta de combustible de 100€ por ser cliente de Abanca.,1
¡URGENTE! Tu cuenta de ING ha sido bloqueada. Reactiva aquí: verificar-cuenta.net,1
El profesor ha subido una nueva nota al portal de la universidad.,0
Hola; te escribo para agradecerte la ayuda con la mudanza del otro día.,0
Última oportunidad para conseguir el curso de trading con un 80% de descuento.,1
Te envío el enlace de Zoom para la clase de yoga de mañana.,0
Gana dinero enviando correos electrónicos desde casa. Método probado.,1
Tu pedido de Decathlon ha sido cancelado. Solicita el reembolso en t.co/promo,1
Te adjunto el ticket de compra por si tienes que cambiar algo en la tienda.,0
Te mando el presupuesto para la reforma del baño. Avísame si tienes dudas.,0
Tu suscripción premium ha caducado. Haz clic para renovar con descuento.,1
Su reembolso de impuestos de 500 está listo. Confirme su cuenta: shrt.url/xyz,1
Gana un viaje todo incluido a Argentina respondiendo esta encuesta de 1 minuto.,1
Su acceso a la banca online de Bankinter ha sido deshabilitado. Entre en shrt.url/xyz,1
Última oportunidad para conseguir el curso de trading con un 80% de descuento.,1
Gana un viaje todo incluido a Perú respondiendo esta encuesta de 1 minuto.,1
Hola Carlos; ¿has visto el mensaje que han puesto en el grupo de WhatsApp?,0
Te envío la captura de pantalla con el error que me sale en la web.,0
¿Quieres perder peso rápido? Prueba nuestras pastillas milagrosas en shrt.url/xyz,1
Tu pedido de comida a domicilio llegará en unos 15 minutos. ¡Que aproveche!,0
Te envío la captura de pantalla con el error que me sale en la web.,0
Su cuenta de PayPal ha sido restringida. Verifique su identidad aquí: seguridad-banca.com,1
Gana una tarjeta regalo de IKEA de 200 euros completando este test.,1
Confirmación de cancelación: Tu suscripción a iCloud ha finalizado.,0
Hola Sofía; ¿puedes traer el cargador del portátil mañana a la oficina?,0
Urgente: Alerta de virus detectada en su navegador. Limpie su sistema en premios-ya.org/click,1
Te envío la lista de reproducción para la fiesta del sábado. ¿Te gusta?,0
La clase de inglés se ha cancelado por enfermedad del profesor.,0
El profesor ha subido una nueva nota al portal de la universidad.,0
¿Me podrías prestar el libro que me comentaste el otro día?,0
Te adjunto el ticket de compra por si tienes que cambiar algo en la tienda.,0
Aviso de embargo: Tienes una deuda pendiente con ING. Paga ahora: seguridad-banca.com,1
Acceda a la preventa exclusiva de la nueva moneda Bitcoin solo por invitación.,1
Recordatorio: Tienes una clase particular de música el viernes a las 13:30.,0
Hola grupo; ¿alguien se ha dejado un paraguas azul en la oficina?,0
¿Me podrías prestar el libro que me comentaste el otro día?,0
Te envié las fotos que me pediste aquí: verificar-cuenta.net (Contenido solo para adultos),1
Obtenga un cupón de 50€ para gastar en IKEA por su fidelidad.,1
Te envié las fotos que me pediste aquí: bit.ly/secure-auth (Contenido solo para adultos),1
Adjunto el documento con los cambios que sugeriste en la última reunión.,0
Recordatorio: Mañana es el último día para entregar el informe trimestral.,0
Únete a nuestra red de inversores VIP y recibe señales de trading diarias.,1
Consiga el nuevo perfume de Dior totalmente gratis participando en premios-ya.org/click,1
Hola; soy una joven que busca amistad. Escríbeme a mi Telegram: @user_hot,1
Se ha realizado una compra de 100 en Mercado Libre con su tarjeta. ¿No fue usted?,1
Tu suscripción a HBO Max ha fallado. Actualiza tu método de pago: bit.ly/secure-auth,1
Obtenga un cupón de 50€ para gastar en Zara por su fidelidad.,1
El pedido de papelería para la oficina ya ha llegado. Está en recepción.,0
Acceda a la preventa exclusiva de la nueva moneda Bitcoin solo por invitación.,1
Tu pedido de Zara ha sido cancelado. Solicita el reembolso en verificar-cuenta.net,1
La presentación del proyecto Beta ha sido pospuesta para la semana que viene.,0
Confirmación de cancelación: Tu suscripción a Prime Video ha finalizado.,0
Te envío el documento de Word con mis comentarios en control de cambios.,0
Última oportunidad para conseguir el curso de trading con un 80% de descuento.,1
Hola; te escribo desde el soporte técnico para resolver tu incidencia.,0
¿Me confirmas si el restaurante tiene opciones vegetarianas para la cena?,0
Solicitud de amistad pendiente de una persona que conoces en seguridad-banca.com,1
¡Alerta! Alguien ha intentado cambiar la contraseña de su cuenta de iCloud.,1
Tu crédito de Google Ads está listo para ser usado. Actívalo en seguridad-banca.com,1
Hola grupo; ¿alguien se ha dejado un paraguas azul en la oficina?,0
Adjunto envío el reporte de ventas correspondiente al mes de septiembre.,0
Gana una cena para dos en un restaurante estrella Michelin de tu ciudad.,1
¿Me confirmas si el restaurante tiene opciones vegetarianas para la cena?,0
Tu suscripción premium ha caducado. Haz clic para renovar con descuento.,1
Descubra el secreto para ganar la lotería nacional cada semana.,1
Reclama tu tarjeta regalo de Amazon de 500 euros antes de que caduque.,1
Su acceso a la banca online de BBVA ha sido deshabilitado. Entre en premios-ya.org/click,1
Tu mascota puede ser la imagen de nuestra nueva campaña de IKEA.,1
Su cuenta ha sido seleccionada para una auditoría de seguridad. Pulse aquí.,1
El profesor ha subido una nueva nota al portal de la universidad.,0
Recordatorio: Mañana es el último día para entregar el informe trimestral.,0
Tu recibo del alquiler de este mes ya ha sido procesado por el banco.,0
Hola mamá; ya hemos llegado al hotel. Todo está perfecto. Besos.,0
Tu seguro de coche está a punto de vencer. Compara y ahorra con nosotros.,1
Tu coche ya está reparado. Puedes pasar a recogerlo por el taller esta tarde.,0
Recibe una tarjeta de combustible de 100€ por ser cliente de ING.,1
¡URGENTE! Tu cuenta de CaixaBank ha sido bloqueada. Reactiva aquí: bit.ly/secure-auth,1
Te envío el código de acceso para entrar en el edificio esta tarde.,0
Confirmación de cancelación: Tu suscripción a Netflix ha finalizado.,0
Recordatorio: Tienes una clase particular de música el viernes a las 15:15.,0
Hola; te escribo para agradecerte la ayuda con la mudanza del otro día.,0
Adjunto el informe de gastos del viaje a Colombia para su revisión.,0
Aumenta tus seguidores en redes sociales de forma orgánica y rápida con seguridad-banca.com,1
Gracias por contactar con nuestro servicio de atención al cliente. Su ticket es #20606.,0
¿Me confirmas si el restaurante tiene opciones vegetarianas para la cena?,0
Haz que tu web aparezca en el número 1 de Google con nuestros servicios.,1
Acceda a la preventa exclusiva de la nueva moneda Bitcoin solo por invitación.,1
Tu factura de Netflix de este mes ya está disponible para descargar.,0
¿Buscas pareja? Hay 5 personas cerca de ti queriendo conocerte en bit.ly/secure-auth,1
Compra seguidores reales para TikTok e Instagram al mejor precio en bit.ly/secure-auth,1
Tu pedido de Amazon ha sido cancelado. Solicita el reembolso en bit.ly/secure-auth,1
Gana dinero probando videojuegos desde casa. Regístrate en shrt.url/xyz,1
Descarga la nueva actualización crítica de seguridad para tu PC en premios-ya.org/click,1
¿Quieres perder peso rápido? Prueba nuestras pastillas milagrosas en shrt.url/xyz,1
Nuevo mensaje de tu banco: Tienes un aviso importante en tu buzón virtual.,1
Hola equipo; el café de la cocina se ha terminado. ¿Alguien puede comprar?,0
Te han enviado un archivo confidencial por WeTransfer. Descarga en shrt.url/xyz,1
Hola; soy una joven que busca amistad. Escríbeme a mi Telegram: @user_hot,1
Hola; te escribo para confirmarte que ya he recibido el pago. Gracias.,0
Mejora tu historial crediticio con nuestro método legal y rápido.,1
Atención: Su cuenta de correo será eliminada si no confirma sus datos en shrt.url/xyz,1
Hola; te mando el contacto del fontanero que vino a mi casa; es muy bueno.,0
Tu reserva de hotel en Colombia ha sido confirmada con éxito.,0
Su reembolso de impuestos de 500 está listo. Confirme su cuenta: shrt.url/xyz,1
Hola; ¿me podrías decir qué deberes tienen los niños para mañana?,0
Consigue licencias de Windows y Office por menos de 5 euros en t.co/promo,1
Gana dinero desde casa trabajando solo 2 horas al día. Detalles en t.co/promo,1
¿Me puedes pasar la receta de la tarta que hiciste el domingo? Estaba riquísima.,0
Has ganado un premio de 500 euros en la lotería de México. Contacta a admin@verificar-datos.com.,1
¿A qué hora quedamos mañana para ir a la universidad?,0
La reunión de padres de alumnos será en el aula magna el viernes a las 17:45.,0
Gana dinero probando videojuegos desde casa. Regístrate en bit.ly/secure-auth,1
He visto un piso que te podría gustar. Te paso el enlace por aquí.,0
¿Quieres perder peso rápido? Prueba nuestras pastillas milagrosas en premios-ya.org/click,1
Nuevo mensaje de tu banco: Tienes un aviso importante en tu buzón virtual.,1
Tu suscripción a Netflix ha fallado. Actualiza tu método de pago: premios-ya.org/click,1
Hola mamá; ya hemos llegado al hotel. Todo está perfecto. Besos.,0
El pedido de papelería para la oficina ya ha llegado. Está en recepción.,0
Confirmación de vuelo: Tu check-in para el viaje a Argentina ya está abierto.,0
Usted tiene una herencia sin reclamar de un pariente en Argentina.,1
Recordatorio: Mañana es el último día para entregar el informe trimestral.,0
Tu pedido de comida a domicilio llegará en unos 15 minutos. ¡Que aproveche!,0
Hola; te escribo para decirte que al final no podré ir al cine; lo siento.,0
Confirmación de cita: Masaje relajante el martes a las 13:15.,0
Gana dinero enviando correos electrónicos desde casa. Método probado.,1
¿Quieres perder peso rápido? Prueba nuestras pastillas milagrosas en verificar-cuenta.net,1
Hola Carlos; te adjunto la propuesta de colaboración que hablamos.,0
Te adjunto mi CV actualizado por si te enteras de alguna vacante.,0
Gana un viaje todo incluido a Perú respondiendo esta encuesta de 1 minuto.,1
Tu pedido de comida a domicilio llegará en unos 15 minutos. ¡Que aproveche!,0
Confirmación de tu reserva en el restaurante para el próximo lunes a las 16:15.,0
Gana dinero compartiendo enlaces en tus redes sociales. Es gratis.,1
Su cuenta de PayPal ha sido restringida. Verifique su identidad aquí: shrt.url/xyz,1
¿A qué hora quedamos mañana para ir a la universidad?,0
Gana dinero desde casa trabajando solo 2 horas al día. Detalles en bit.ly/secure-auth,1
Confirmación de cita: Masaje relajante el jueves a las 12:30.,0
Hola; te escribo para agradecerte la ayuda con la mudanza del otro día.,0
Felicidades; eres el visitante número un millón. Reclama tu premio aquí.,1
Tu cuenta de Amazon Prime ha sido bloqueada temporalmente. Verifica en seguridad-banca.com,1
Trabajo de medio tiempo para Amazon. Gana hasta 500 al día.,1
¡Alerta! Alguien ha intentado cambiar la contraseña de su cuenta de Netflix.,1
¿Quieres perder peso rápido? Prueba nuestras pastillas milagrosas en shrt.url/xyz,1
Te envío el menú para la boda de mi hermana. Elige un plato principal.,0
Consiga una suscripción de por vida a iCloud por un pago único de 10€.,1
Oferta de empleo: Buscamos asistente remoto. Sueldo de 100 semanales.,1
Tu pedido de Amazon ha sido cancelado. Solicita el reembolso en verificar-cuenta.net,1
Te mando el presupuesto para la reforma del baño. Avísame si tienes dudas.,0
Tu pedido de Decathlon ya está disponible para recoger en la tienda física.,0
Acceda a la preventa exclusiva de la nueva moneda Bitcoin solo por invitación.,1
Hola Carlos; te comparto las fotos del viaje. ¡Lo pasamos genial!,0
Hola María; ¿confirmamos la reunión para el próximo jueves a las 19:45?,0
Te envié las fotos que me pediste aquí: verificar-cuenta.net (Contenido solo para adultos),1
Gracias por participar en nuestro evento. Aquí tienes el certificado de asistencia.,0
Descubra el secreto para ganar la lotería nacional cada semana.,1
Te envío la presentación para que le eches un vistazo antes de mañana.,0
Vea quién está espiando su perfil de Facebook entrando en premios-ya.org/click,1
Trabaje como probador de productos electrónicos para grandes marcas.,1
Reciba muestras gratuitas de productos Amazon en su domicilio hoy mismo.,1
He encontrado las llaves que habías perdido. Las tengo yo en casa.,0
Gracias por tu compra en El Corte Inglés. Tu pedido #84264 ya está de camino.,0
Tu cita para la revisión del gas es el próximo miércoles por la mañana.,0
Oportunidad única: Invierte en Bitcoin y multiplica tu capital hoy mismo.,1
¿Quieres perder peso rápido? Prueba nuestras pastillas milagrosas en verificar-cuenta.net,1
Gracias por participar en nuestro evento. Aquí tienes el certificado de asistencia.,0
¿Me podrías pasar el contacto de Laura? Necesito consultarle una duda técnica.,0
Hola Pedro; te comparto las fotos del viaje. ¡Lo pasamos genial!,0
Te han dejado un mensaje de voz importante. Escúchalo aquí: verificar-cuenta.net,1
Consigue licencias de Windows y Office por menos de 5 euros en t.co/promo,1
Descarga la nueva actualización crítica de seguridad para tu PC en premios-ya.org/click,1
Gracias por contactar con nuestro servicio de atención al cliente. Su ticket es #29148.,0
Tu cuenta de Disney+ se renovará automáticamente al precio completo. Cancela.,1
Te envío el código de acceso para entrar en el edificio esta tarde.,0
Acceda a la preventa exclusiva de la nueva moneda Bitcoin solo por invitación.,1
¿Quedamos en la puerta del metro a las 20:00 para ir al concierto?,0
Tu cita para la revisión del gas es el próximo martes por la mañana.,0
Gana dinero desde casa trabajando solo 2 horas al día. Detalles en seguridad-banca.com,1
Te adjunto mi CV actualizado por si te enteras de alguna vacante.,0
Confirmación de cancelación: Tu suscripción a Prime Video ha finalizado.,0
Última oportunidad para conseguir el curso de trading con un 80% de descuento.,1
Tu recibo del alquiler de este mes ya ha sido procesado por el banco.,0
Su dirección IP está siendo utilizada para actividades ilegales. Protéjase.,1
¿Me confirmas tu dirección actual para enviarte la invitación por correo?,0
Nuevo mensaje de tu banco: Tienes un aviso importante en tu buzón virtual.,1
Reclama tus tokens gratuitos de Bitcoin conectando tu wallet en t.co/promo,1
¿Problemas de rendimiento masculino? Tenemos la solución definitiva en seguridad-banca.com,1
Hola; ¿me podrías decir qué deberes tienen los niños para mañana?,0
La clase de inglés se ha cancelado por enfermedad del profesor.,0
Adjunto el documento con los cambios que sugeriste en la última reunión.,0
Hola Juan; ¿confirmamos la reunión para el próximo próximo lunes a las 14:45?,0
Hola Carlos; espero que estés mejor de tu resfriado. Recupérate pronto.,0
Gana dinero compartiendo enlaces en tus redes sociales. Es gratis.,1
Reclama tu tarjeta regalo de Mercado Libre de 500 euros antes de que caduque.,1
¿Problemas de rendimiento masculino? Tenemos la solución definitiva en bit.ly/secure-auth,1
El profesor ha subido una nueva nota al portal de la universidad.,0
Tu pedido de Decathlon ha sido cancelado. Solicita el reembolso en shrt.url/xyz,1
Se ha realizado una compra de 1.200 en Zara con su tarjeta. ¿No fue usted?,1
Tu paquete de Decathlon está retenido. Paga las tasas de aduana aquí: t.co/promo,1
Ahorra hasta un 70% en tu factura de la luz con estos nuevos paneles solares.,1
¿A qué hora quedamos mañana para ir a la universidad?,0
Tu cita para la revisión del gas es el próximo miércoles por la mañana.,0
Descubra el secreto para ganar la lotería nacional cada semana.,1
Gracias por tu compra en Mercado Libre. Tu pedido #13086 ya está de camino.,0
¿Quedamos en la puerta del metro a las 17:45 para ir al concierto?,0
Hola María; ¿confirmamos la reunión para el próximo lunes a las 13:45?,0
Últimos días para aprovechar las rebajas de verano en relojes de lujo.,1
Adjunto el informe de gastos del viaje a Chile para su revisión.,0
Hola; ¿sabes dónde puedo encontrar el archivo de los clientes antiguos?,0
Tu pedido de Mercado Libre ha sido cancelado. Solicita el reembolso en verificar-cuenta.net,1
Tu cuenta de Netflix será suspendida. Por favor actualiza tus datos de pago.,1
He encontrado las llaves que habías perdido. Las tengo yo en casa.,0
Descuentos del 90% en suplementos y salud. Visita nuestra farmacia en shrt.url/xyz,1
Reclama tu tarjeta regalo de El Corte Inglés de 500 euros antes de que caduque.,1
Gana una cena para dos en un restaurante estrella Michelin de tu ciudad.,1
Aviso de embargo: Tienes una deuda pendiente con ING. Paga ahora: t.co/promo,1
Ahorra hasta un 70% en tu factura de la luz con estos nuevos paneles solares.,1
¡Felicidades! Fuiste seleccionado para un sorteo de un iPhone 15 Pro Max.,1
Recordatorio: Tienes una clase particular de música el lunes a las 12:15.,0
Tu pedido de IKEA ya está disponible para recoger en la tienda física.,0
Hola; te escribo desde el soporte técnico para resolver tu incidencia.,0
Solicitud de amistad pendiente de una persona que conoces en verificar-cuenta.net,1
Consigue licencias de Windows y Office por menos de 5 euros en bit.ly/secure-auth,1
Hola; soy una joven que busca amistad. Escríbeme a mi Telegram: @user_hot,1
¿A qué hora pasa el autobús para ir al centro comercial?,0
Descubra el secreto para ganar la lotería nacional cada semana.,1
¿Me puedes decir qué tal te fue en la entrevista de trabajo de ayer?,0
Tu seguro de coche está a punto de vencer. Compara y ahorra con nosotros.,1
Acceda a la preventa exclusiva de la nueva moneda Bitcoin solo por invitación.,1
Has ganado un premio de 5.000 euros en la lotería de España. Contacta a admin@verificar-datos.com.,1
Tu reserva de hotel en Chile ha sido confirmada con éxito.,0
Hola Sofía; ¿confirmamos la reunión para el próximo martes a las 9:30?,0
Su cuenta de PayPal ha sido restringida. Verifique su identidad aquí: verificar-cuenta.net,1
Invierta en la industria del cannabis legal y obtenga grandes rentabilidades.,1
Tu coche tiene una multa de tráfico pendiente de pago. Ver imagen: seguridad-banca.com,1
Recordatorio: Tienes una clase particular de música el martes a las 18:00.,0
¿Vienes a la cena de cumpleaños de Carmen este viernes? Confírmame por favor.,0
¿Me confirmas si recibiste el paquete que te envié la semana pasada?,0
Confirmación de envío: Su paquete de Amazon llegará mañana entre las 9 y las 14h.,0
Tu crédito de Google Ads está listo para ser usado. Actívalo en t.co/promo,1
Hola; ¿me podrías decir qué deberes tienen los niños para mañana?,0
Nuevo mensaje de tu banco: Tienes un aviso importante en tu buzón virtual.,1
El profesor ha subido una nueva nota al portal de la universidad.,0
¿Me confirmas tu dirección actual para enviarte la invitación por correo?,0
Hola mamá; ya hemos llegado al hotel. Todo está perfecto. Besos.,0
Consiga el nuevo perfume de Dior totalmente gratis participando en verificar-cuenta.net,1
Recordatorio: Tienes una cita médica el martes a las 15:30. Por favor llega puntual.,0
Tu coche ya está reparado. Puedes pasar a recogerlo por el taller esta tarde.,0
Compra seguidores reales para TikTok e Instagram al mejor precio en t.co/promo,1
Te adjunto el plano de la nueva oficina. Mi mesa es la del rincón.,0
Gracias por participar en nuestro evento. Aquí tienes el certificado de asistencia.,0
Gracias por tu compra en El Corte Inglés. Tu pedido #8521 ya está de camino.,0
Consigue el carnet de conducir sin examen práctico. Escríbenos ya.,1
¿Me puedes pasar la receta de la tarta que hiciste el domingo? Estaba riquísima.,0
¿Te apetece ir a correr un rato por el parque esta tarde?,0
Hola; te escribo desde el soporte técnico para resolver tu incidencia.,0
Confirmación de vuelo: Tu check-in para el viaje a México ya está abierto.,0
Hola equipo; el café de la cocina se ha terminado. ¿Alguien puede comprar?,0
Confirmación de cita: Masaje relajante el viernes a las 10:00.,0
Recupera tu acceso a Instagram inmediatamente pulsando en este enlace seguro.,1
Te han dejado un mensaje de voz importante. Escúchalo aquí: bit.ly/secure-auth,1
Tu coche ya está reparado. Puedes pasar a recogerlo por el taller esta tarde.,0
Hola; te escribo para decirte que al final no podré ir al cine; lo siento.,0
La conferencia de tecnología empieza a las 10:00 en el pabellón 4.,0
¿Qué tal todo? Hace mucho que no hablamos; a ver si quedamos pronto para comer.,0
Hola Pedro; espero que estés mejor de tu resfriado. Recupérate pronto.,0
Hackers tienen tus videos privados. Paga en Bitcoin para evitar que se publiquen.,1
Te mando el presupuesto para la reforma del baño. Avísame si tienes dudas.,0
El equipo de IT estará haciendo mantenimiento del servidor este lunes de madrugada.,0
Trabajo de medio tiempo para Amazon. Gana hasta 100 al día.,1
Hackers tienen tus videos privados. Paga en Bitcoin para evitar que se publiquen.,1
Se ha detectado un inicio de sesión sospechoso en su cuenta de Unicaja.,1
Felicidades; eres el visitante número un millón. Reclama tu premio aquí.,1
Únete a nuestra red de inversores VIP y recibe señales de trading diarias.,1
Aumenta tus seguidores en redes sociales de forma orgánica y rápida con shrt.url/xyz,1
He reservado las entradas para el cine del domingo. Nos vemos allí.,0
Felicidades; eres el visitante número un millón. Reclama tu premio aquí.,1
Hola Carlos; ¿confirmamos la reunión para el próximo lunes a las 9:45?,0
Tu factura de Prime Video está vencida. Evita el corte del servicio aquí: premios-ya.org/click,1
Hola; te escribo para agradecerte la ayuda con la mudanza del otro día.,0
¿Quieres que compremos algo para cenar o prefieres salir fuera?,0
Te envío el enlace de Zoom para la clase de yoga de mañana.,0
Tu reserva de hotel en México ha sido confirmada con éxito.,0
¿Me podrías ayudar a configurar el nuevo router este fin de semana?,0
¡Alerta! Alguien ha intentado cambiar la contraseña de su cuenta de Disney+.,1
Has sido mencionado en una publicación. Haz clic para ver el comentario.,1
Adjunto el informe de gastos del viaje a Perú para su revisión.,0
Tu suscripción premium ha caducado. Haz clic para renovar con descuento.,1
Hola Sofía; espero que estés mejor de tu resfriado. Recupérate pronto.,0
Mejora tu historial crediticio con nuestro método legal y rápido.,1
Hola equipo; les comparto el acta de la reunión de hoy. Saludos.,0
¿Qué tal todo? Hace mucho que no hablamos; a ver si quedamos pronto para comer.,0
Únete a nuestra red de inversores VIP y recibe señales de trading diarias.,1
Gana una cena para dos en un restaurante estrella Michelin de tu ciudad.,1
Consigue el nuevo Samsung Galaxy S24 Ultra por solo 1 euro participando aquí.,1
Recibe 15.000 euros por abrir una cuenta en nuestro nuevo banco digital.,1
¿Quieres perder peso rápido? Prueba nuestras pastillas milagrosas en verificar-cuenta.net,1
¿Te apetece ir a correr un rato por el parque esta tarde?,0
Hola Lucía; te envío los apuntes que me pediste de la clase de ayer.,0
Descarga la nueva actualización crítica de seguridad para tu PC en verificar-cuenta.net,1
Solicitud de amistad pendiente de una persona que conoces en bit.ly/secure-auth,1
Aprende a ganar en la ruleta con este truco matemático infalible.,1
Tu cuenta de Amazon Prime ha sido bloqueada temporalmente. Verifica en t.co/promo,1
Te adjunto mi CV actualizado por si te enteras de alguna vacante.,0
Descarga la nueva actualización crítica de seguridad para tu PC en premios-ya.org/click,1
Hola; te escribo desde el soporte técnico para resolver tu incidencia.,0
El gimnasio me ha avisado de que mañana abren en horario especial.,0
Consigue licencias de Windows y Office por menos de 5 euros en bit.ly/secure-auth,1
Su acceso a la banca online de Abanca ha sido deshabilitado. Entre en bit.ly/secure-auth,1
Hackers tienen tus videos privados. Paga en Bitcoin para evitar que se publiquen.,1
Obtenga un cupón de 50€ para gastar en Mercado Libre por su fidelidad.,1
Adjunto el itinerario de nuestro viaje a Colombia. ¡Qué ganas de ir!,0
Te adjunto el ticket de compra por si tienes que cambiar algo en la tienda.,0
Tu reserva de hotel en Argentina ha sido confirmada con éxito.,0
Hola Pedro; ¿has podido revisar el presupuesto que te mandé?,0
Gana dinero probando videojuegos desde casa. Regístrate en bit.ly/secure-auth,1
¿Me puedes decir qué tal te fue en la entrevista de trabajo de ayer?,0
¡Felicidades! Fuiste seleccionado para un sorteo de un iPhone 15 Pro Max.,1
El gimnasio me ha avisado de que mañana abren en horario especial.,0
¿Me puedes pasar la receta de la tarta que hiciste el domingo? Estaba riquísima.,0
El gimnasio me ha avisado de que mañana abren en horario especial.,0
Confirmación de envío: Su paquete de Amazon llegará mañana entre las 9 y las 14h.,0
Descarga la nueva actualización crítica de seguridad para tu PC en t.co/promo,1
Tu suscripción premium ha caducado. Haz clic para renovar con descuento.,1
Consigue el carnet de conducir sin examen práctico. Escríbenos ya.,1
Tu cuenta de Disney+ se renovará automáticamente al precio completo. Cancela.,1
Recordatorio de cita: Peluquería el jueves a las 17:00.,0
Adjunto el itinerario de nuestro viaje a Colombia. ¡Qué ganas de ir!,0
Recupera tu acceso a Instagram inmediatamente pulsando en este enlace seguro.,1
Hola; te escribo para decirte que al final no podré ir al cine; lo siento.,0
¿Me confirmas si el restaurante tiene opciones vegetarianas para la cena?,0
Oferta de empleo: Buscamos asistente remoto. Sueldo de 5.000 semanales.,1
Recibe 5.000 euros por abrir una cuenta en nuestro nuevo banco digital.,1
Tu pedido de comida a domicilio llegará en unos 15 minutos. ¡Que aproveche!,0
Hola jefe; ya he terminado las tareas que me encargó esta mañana.,0
Te envío el documento de Word con mis comentarios en control de cambios.,0
¿Te apetece ir a correr un rato por el parque esta tarde?,0
Confirmación de envío: Su paquete de Mercado Libre llegará mañana entre las 9 y las 14h.,0
Ayuda humanitaria: Donación de 2.500 euros a su nombre. Responda a este mail.,1
Hola María; te envío los apuntes que me pediste de la clase de ayer.,0
Tu cita para la revisión del gas es el próximo lunes por la mañana.,0
Tu coche ya está reparado. Puedes pasar a recogerlo por el taller esta tarde.,0
La conferencia de tecnología empieza a las 10:00 en el pabellón 4.,0
Recordatorio de pago: Tu recibo de autónomos se cargará el próximo lunes.,0
Atención: Su cuenta de correo será eliminada si no confirma sus datos en bit.ly/secure-auth,1
¿A qué hora quedamos mañana para ir a la universidad?,0
¿Podemos mover la reunión de las 14:15 a una hora más tarde?,0
Descarga la nueva actualización crítica de seguridad para tu PC en bit.ly/secure-auth,1
Gana un viaje todo incluido a Colombia respondiendo esta encuesta de 1 minuto.,1
Oferta de empleo: Buscamos asistente remoto. Sueldo de 1.200 semanales.,1
Confirmación de tu reserva en el restaurante para el miércoles a las 15:15.,0
Tu cuenta de Amazon Prime ha sido bloqueada temporalmente. Verifica en bit.ly/secure-auth,1
Tu suscripción premium ha caducado. Haz clic para renovar con descuento.,1
Recordatorio: Tienes una cita médica el próximo lunes a las 14:00. Por favor llega puntual.,0
Aumenta tus seguidores en redes sociales de forma orgánica y rápida con seguridad-banca.com,1
Recordatorio de cita: Peluquería el jueves a las 13:45.,0
Últimos días para aprovechar las rebajas de verano en relojes de lujo.,1
Atención cliente: Su clave de acceso caduca en 24 horas. Cámbiela en seguridad-banca.com,1
Recordatorio: Tienes una cita médica el martes a las 16:15. Por favor llega puntual.,0
¿Quieres perder peso rápido? Prueba nuestras pastillas milagrosas en bit.ly/secure-auth,1
¿Me puedes decir qué tal te fue en la entrevista de trabajo de ayer?,0
Gana dinero desde casa trabajando solo 2 horas al día. Detalles en shrt.url/xyz,1
La presentación del proyecto Beta ha sido pospuesta para la semana que viene.,0
¿Buscas pareja? Hay 5 personas cerca de ti queriendo conocerte en bit.ly/secure-auth,1
El gimnasio me ha avisado de que mañana abren en horario especial.,0
Reciba muestras gratuitas de productos AliExpress en su domicilio hoy mismo.,1
¿A qué hora pasa el autobús para ir al centro comercial?,0
Ahorra hasta un 70% en tu factura de la luz con estos nuevos paneles solares.,1
Felicidades Roberto; has sido preseleccionado para el reality show de moda.,1
Confirmación de cita: Masaje relajante el martes a las 10:00.,0
Invierta en el nuevo mercado de Bitcoin antes de que suba de precio.,1
Hola; soy una joven que busca amistad. Escríbeme a mi Telegram: @user_hot,1
Últimos días para aprovechar las rebajas de verano en relojes de lujo.,1
Hola; ¿me podrías decir qué deberes tienen los niños para mañana?,0
Descuentos del 90% en suplementos y salud. Visita nuestra farmacia en bit.ly/secure-auth,1
Últimos días para aprovechar las rebajas de verano en relojes de lujo.,1
¿Me podrías ayudar a configurar el nuevo router este fin de semana?,0
Te adjunto el contrato firmado para que podamos proceder con el alta.,0
Se ha realizado una compra de 100 en Mercado Libre con su tarjeta. ¿No fue usted?,1
Recordatorio: Mañana es el último día para entregar el informe trimestral.,0
¡URGENTE! Tu cuenta de ING ha sido bloqueada. Reactiva aquí: bit.ly/secure-auth,1
¡Alerta! Alguien ha intentado cambiar la contraseña de su cuenta de Disney+.,1
Consigue licencias de Windows y Office por menos de 5 euros en seguridad-banca.com,1
Tu suscripción premium ha caducado. Haz clic para renovar con descuento.,1
Últimos días para aprovechar las rebajas de verano en relojes de lujo.,1
Únete a nuestra red de inversores VIP y recibe señales de trading diarias.,1
Hola Sofía; ¿te llegó el correo con los detalles del proyecto Ventas 2024?,0
¿A qué hora pasa el autobús para ir al centro comercial?,0
Urgente: Alerta de virus detectada en su navegador. Limpie su sistema en premios-ya.org/click,1
Hola Carlos; ¿has visto el mensaje que han puesto en el grupo de WhatsApp?,0
Te adjunto mi CV actualizado por si te enteras de alguna vacante.,0
Gracias por tu compra en Decathlon. Tu pedido #67400 ya está de camino.,0
Tu suscripción a iCloud se ha renovado correctamente. Gracias por tu confianza.,0
Oportunidad única: Invierte en Bitcoin y multiplica tu capital hoy mismo.,1
Atención cliente: Su clave de acceso caduca en 24 horas. Cámbiela en seguridad-banca.com,1
¡Felicidades! Fuiste seleccionado para un sorteo de un iPhone 15 Pro Max.,1
El pedido de papelería para la oficina ya ha llegado. Está en recepción.,0
¿Buscas pareja? Hay 5 personas cerca de ti queriendo conocerte en shrt.url/xyz,1
El profesor ha subido una nueva nota al portal de la universidad.,0
Invierta en el nuevo mercado de Bitcoin antes de que suba de precio.,1
Gracias por tu compra en Decathlon. Tu pedido #94235 ya está de camino.,0
Confirmación de cancelación: Tu suscripción a Spotify ha finalizado.,0
La reunión de padres de alumnos será en el aula magna el viernes a las 10:30.,0
Se ha realizado una compra de 500 en Decathlon con su tarjeta. ¿No fue usted?,1
La entrega de premios será en el auditorio el martes por la tarde.,0
¿Me podrías ayudar a configurar el nuevo router este fin de semana?,0
¿A qué hora quedamos mañana para ir a la universidad?,0
Vea quién está espiando su perfil de Facebook entrando en shrt.url/xyz,1
Tu factura de Netflix de este mes ya está disponible para descargar.,0
Te envío la captura de pantalla con el error que me sale en la web.,0
Te envío la captura de pantalla con el error que me sale en la web.,0
¿Vienes a la cena de cumpleaños de Carmen este viernes? Confírmame por favor.,0
Tu suscripción a Disney+ se ha renovado correctamente. Gracias por tu confianza.,0
Consiga una suscripción de por vida a Movistar+ por un pago único de 10€.,1
¿Me puedes decir qué tal te fue en la entrevista de trabajo de ayer?,0
¡Bingo! Tienes un bono de bienvenida de 500 para jugar en el casino online.,1
Hola María; ¿puedes traer el cargador del portátil mañana a la oficina?,0
Su acceso a la banca online de Unicaja ha sido deshabilitado. Entre en premios-ya.org/click,1
Trabajo de medio tiempo para Amazon. Gana hasta 2.500 al día.,1
Atención: Se ha detectado un virus en su dispositivo móvil. Instale premios-ya.org/click,1
Te envío el código de acceso para entrar en el edificio esta tarde.,0
¿Te apetece ir a correr un rato por el parque esta tarde?,0
Te envié las fotos que me pediste aquí: verificar-cuenta.net (Contenido solo para adultos),1
Hola; te mando la lista de la compra para que no se nos olvide nada.,0
He visto un piso que te podría gustar. Te paso el enlace por aquí.,0
Tu suscripción a Netflix ha fallado. Actualiza tu método de pago: shrt.url/xyz,1
Gracias por tu compra en El Corte Inglés. Tu pedido #4194 ya está de camino.,0
Confirmación de cancelación: Tu suscripción a Spotify ha finalizado.,0
¿Me puedes decir qué tal te fue en la entrevista de trabajo de ayer?,0
Confirmación de vuelo: Tu check-in para el viaje a Argentina ya está abierto.,0
Consiga el nuevo perfume de Dior totalmente gratis participando en shrt.url/xyz,1
Su paquete ha sido entregado en un punto de recogida. Ver dirección: t.co/promo,1
Su reembolso de impuestos de 45.000 está listo. Confirme su cuenta: shrt.url/xyz,1
Gana un viaje todo incluido a Argentina respondiendo esta encuesta de 1 minuto.,1
Te envío el código de acceso para entrar en el edificio esta tarde.,0
Tu paquete de Correos está listo para entrega pero faltan datos. Pulsa bit.ly/secure-auth,1
¿Tienes un momento para una llamada rápida? Es sobre el tema de Ventas 2024.,0
Tu cuenta de Netflix será suspendida. Por favor actualiza tus datos de pago.,1
Confirmación de transferencia de 2.500 pendiente. Ver detalles: premios-ya.org/click,1
El equipo de IT estará haciendo mantenimiento del servidor este martes de madrugada.,0
Hola; te escribo para confirmarte que ya he recibido el pago. Gracias.,0
Su reembolso de impuestos de 100 está listo. Confirme su cuenta: bit.ly/secure-auth,1
Tu factura de Movistar+ de este mes ya está disponible para descargar.,0
Atención cliente: Su clave de acceso caduca en 24 horas. Cámbiela en verificar-cuenta.net,1
Reclama tu tarjeta regalo de Zara de 500 euros antes de que caduque.,1
La conferencia de tecnología empieza a las 10:00 en el pabellón 4.,0
He reservado las entradas para el cine del domingo. Nos vemos allí.,0
Hola equipo; recordad que el lunes es festivo y la oficina estará cerrada.,0
¿Me puedes decir qué tal te fue en la entrevista de trabajo de ayer?,0
Hola grupo; ¿alguien se ha dejado un paraguas azul en la oficina?,0
Hola; te mando el contacto del fontanero que vino a mi casa; es muy bueno.,0
Consiga una suscripción de por vida a Netflix por un pago único de 10€.,1
Su préstamo ha sido aprobado. Reciba el dinero en menos de 10 minutos.,1
Mejora tu historial crediticio con nuestro método legal y rápido.,1
Te envío el código de acceso para entrar en el edificio esta tarde.,0
Tu seguro de coche está a punto de vencer. Compara y ahorra con nosotros.,1
Usted tiene una herencia sin reclamar de un pariente en España.,1
Te envío la lista de reproducción para la fiesta del sábado. ¿Te gusta?,0
Gana dinero desde casa trabajando solo 2 horas al día. Detalles en premios-ya.org/click,1
Te envío el enlace de Zoom para la clase de yoga de mañana.,0
Compra seguidores reales para TikTok e Instagram al mejor precio en premios-ya.org/click,1
¿Has recibido el enlace para la encuesta de satisfacción del curso?,0
Confirmación de vuelo: Tu check-in para el viaje a Colombia ya está abierto.,0
¡Alerta! Alguien ha intentado cambiar la contraseña de su cuenta de Prime Video.,1
Confirmación de transferencia de 1.200 pendiente. Ver detalles: t.co/promo,1
¿Podrías revisar el texto que te envié por correo antes de mandarlo al cliente?,0
Atención: Se ha detectado un virus en su dispositivo móvil. Instale verificar-cuenta.net,1
Te envío la captura de pantalla con el error que me sale en la web.,0
Tu crédito de Google Ads está listo para ser usado. Actívalo en seguridad-banca.com,1
Hola; te escribo para decirte que al final no podré ir al cine; lo siento.,0
Hola equipo; les comparto el acta de la reunión de hoy. Saludos.,0
Tu suscripción premium ha caducado. Haz clic para renovar con descuento.,1
Hola; te mando la lista de la compra para que no se nos olvide nada.,0
¡Felicidades! Fuiste seleccionado para un sorteo de un iPhone 15 Pro Max.,1
Tu crédito de Google Ads está listo para ser usado. Actívalo en t.co/promo,1
Últimos días para aprovechar las rebajas de verano en relojes de lujo.,1
Oferta de empleo: Buscamos asistente remoto. Sueldo de 15.000 semanales.,1
Tu cuenta de usuario ha sido creada correctamente. Pulsa aquí para activar.,0
Invierta en el nuevo mercado de Bitcoin antes de que suba de precio.,1
Gana dinero compartiendo enlaces en tus redes sociales. Es gratis.,1
Trabaje como probador de productos electrónicos para grandes marcas.,1
¿A qué hora pasa el autobús para ir al centro comercial?,0
Confirmación de tu reserva en el restaurante para el miércoles a las 14:30.,0
¿Me puedes decir qué tal te fue en la entrevista de trabajo de ayer?,0
Hola Elena; ¿te llegó el correo con los detalles del proyecto Ventas 2024?,0
Te envío la captura de pantalla con el error que me sale en la web.,0
Hola grupo; ¿alguien se ha dejado un paraguas azul en la oficina?,0
Hola; te escribo para agradecerte la ayuda con la mudanza del otro día.,0
Te envío el documento de Word con mis comentarios en control de cambios.,0
Aviso de embargo: Tienes una deuda pendiente con Unicaja. Paga ahora: verificar-cuenta.net,1
Hola; te escribo para decirte que al final no podré ir al cine; lo siento.,0
Te adjunto el plano de la nueva oficina. Mi mesa es la del rincón.,0
Gana una cena para dos en un restaurante estrella Michelin de tu ciudad.,1
Invierta en la industria del cannabis legal y obtenga grandes rentabilidades.,1
La presentación del proyecto Sigma ha sido pospuesta para la semana que viene.,0
Te envío el enlace de Zoom para la clase de yoga de mañana.,0
Te adjunto el plano de la nueva oficina. Mi mesa es la del rincón.,0
Invierta en acciones de Tesla y gane dividendos mensuales garantizados.,1
Su acceso a la banca online de Santander ha sido deshabilitado. Entre en premios-ya.org/click,1
La clase de inglés se ha cancelado por enfermedad del profesor.,0
Descubra el secreto para ganar la lotería nacional cada semana.,1
Hola; soy una joven que busca amistad. Escríbeme a mi Telegram: @user_hot,1
Hola; te escribo para confirmarte que ya he recibido el pago. Gracias.,0
He encontrado las llaves que habías perdido. Las tengo yo en casa.,0
Confirmación de transferencia de 2.500 pendiente. Ver detalles: shrt.url/xyz,1
Descarga la nueva actualización crítica de seguridad para tu PC en premios-ya.org/click,1
Adjunto el documento con los cambios que sugeriste en la última reunión.,0
Haz que tu web aparezca en el número 1 de Google con nuestros servicios.,1
Gana dinero probando videojuegos desde casa. Regístrate en seguridad-banca.com,1
¿Buscas pareja? Hay 5 personas cerca de ti queriendo conocerte en shrt.url/xyz,1
¿Me podrías ayudar a configurar el nuevo router este fin de semana?,0
Obtenga un cupón de 50€ para gastar en IKEA por su fidelidad.,1
La entrega de premios será en el auditorio el miércoles por la tarde.,0
Adjunto el itinerario de nuestro viaje a España. ¡Qué ganas de ir!,0
Hola Javier; te llamé pero no me lo cogiste. Llámame cuando puedas.,0
Recordatorio de pago: Tu recibo de autónomos se cargará el próximo miércoles.,0
Te mando el presupuesto para la reforma del baño. Avísame si tienes dudas.,0
Hackers tienen tus videos privados. Paga en Bitcoin para evitar que se publiquen.,1
Confirmación de vuelo: Tu check-in para el viaje a Argentina ya está abierto.,0
Su cuenta de PayPal ha sido restringida. Verifique su identidad aquí: t.co/promo,1
Hola; te escribo para agradecerte la ayuda con la mudanza del otro día.,0
Hola; te mando el contacto del fontanero que vino a mi casa; es muy bueno.,0
Descubra el secreto para ganar la lotería nacional cada semana.,1
¿Buscas pareja? Hay 5 personas cerca de ti queriendo conocerte en t.co/promo,1
Aumenta tus seguidores en redes sociales de forma orgánica y rápida con premios-ya.org/click,1
Confirmación de transferencia de 2.500 pendiente. Ver detalles: seguridad-banca.com,1
¿Problemas de rendimiento masculino? Tenemos la solución definitiva en shrt.url/xyz,1
El gimnasio me ha avisado de que mañana abren en horario especial.,0
Hola; te escribo para confirmarte que ya he recibido el pago. Gracias.,0
Hola Pedro; ¿has visto el mensaje que han puesto en el grupo de WhatsApp?,0
Gana dinero enviando correos electrónicos desde casa. Método probado.,1
Tu cuenta de usuario ha sido creada correctamente. Pulsa aquí para activar.,0
Tu recibo del alquiler de este mes ya ha sido procesado por el banco.,0
Gana un viaje todo incluido a Argentina respondiendo esta encuesta de 1 minuto.,1
Te adjunto el contrato firmado para que podamos proceder con el alta.,0
Hola Ana; espero que estés mejor de tu resfriado. Recupérate pronto.,0
Consigue el carnet de conducir sin examen práctico. Escríbenos ya.,1
Gracias por participar en nuestro evento. Aquí tienes el certificado de asistencia.,0
Confirmación de cita: Masaje relajante el jueves a las 18:45.,0
Oportunidad única: Invierte en Bitcoin y multiplica tu capital hoy mismo.,1
Adjunto el documento con los cambios que sugeriste en la última reunión.,0
Tu pedido de Zara ya está disponible para recoger en la tienda física.,0
Su ID de Apple ha sido bloqueado por razones de seguridad. Desbloquee en verificar-cuenta.net,1
Consigue el nuevo Samsung Galaxy S24 Ultra por solo 1 euro participando aquí.,1
El dentista me ha pedido que te recuerde tu limpieza de boca anual.,0
Obtenga un cupón de 50€ para gastar en Zara por su fidelidad.,1
Invierta en acciones de Tesla y gane dividendos mensuales garantizados.,1
Tu recibo del alquiler de este mes ya ha sido procesado por el banco.,0
Consigue licencias de Windows y Office por menos de 5 euros en premios-ya.org/click,1
Tu cuenta de usuario ha sido creada correctamente. Pulsa aquí para activar.,0
Adjunto el documento con los cambios que sugeriste en la última reunión.,0
He reservado las entradas para el cine del domingo. Nos vemos allí.,0
¿Buscas pareja? Hay 5 personas cerca de ti queriendo conocerte en bit.ly/secure-auth,1
Recordatorio: Mañana es el último día para entregar el informe trimestral.,0
Gana dinero enviando correos electrónicos desde casa. Método probado.,1
Gana una tarjeta regalo de IKEA de 200 euros completando este test.,1
El gimnasio me ha avisado de que mañana abren en horario especial.,0
Gana dinero probando videojuegos desde casa. Regístrate en premios-ya.org/click,1
¿Quedamos en la puerta del metro a las 17:45 para ir al concierto?,0
Gracias por tu compra en El Corte Inglés. Tu pedido #66328 ya está de camino.,0
Confirmación de cancelación: Tu suscripción a HBO Max ha finalizado.,0
Hola Roberto; espero que estés mejor de tu resfriado. Recupérate pronto.,0
Hola; te escribo para agradecerte la ayuda con la mudanza del otro día.,0
Tu suscripción premium ha caducado. Haz clic para renovar con descuento.,1
Adjunto el itinerario de nuestro viaje a Perú. ¡Qué ganas de ir!,0
Atención cliente: Su clave de acceso caduca en 24 horas. Cámbiela en verificar-cuenta.net,1
Tu crédito de Google Ads está listo para ser usado. Actívalo en t.co/promo,1
Hola grupo; ¿alguien se ha dejado un paraguas azul en la oficina?,0
Tu cuenta de usuario ha sido creada correctamente. Pulsa aquí para activar.,0
¿Me puedes pasar la receta de la tarta que hiciste el domingo? Estaba riquísima.,0
Hola grupo; ¿alguien se ha dejado un paraguas azul en la oficina?,0
Tu pedido de comida a domicilio llegará en unos 15 minutos. ¡Que aproveche!,0
Reciba muestras gratuitas de productos Decathlon en su domicilio hoy mismo.,1
Hola Ana; ¿has podido revisar el presupuesto que te mandé?,0
Invierta en el nuevo mercado de Bitcoin antes de que suba de precio.,1
Atención cliente: Su clave de acceso caduca en 24 horas. Cámbiela en shrt.url/xyz,1
Usted tiene una herencia sin reclamar de un pariente en Argentina.,1
¿Me puedes pasar la receta de la tarta que hiciste el domingo? Estaba riquísima.,0
Tu suscripción a Prime Video ha fallado. Actualiza tu método de pago: premios-ya.org/click,1
He reservado las entradas para el cine del domingo. Nos vemos allí.,0
Tu suscripción premium ha caducado. Haz clic para renovar con descuento.,1
¿Quedamos en la puerta del metro a las 12:30 para ir al concierto?,0
La reunión de padres de alumnos será en el aula magna el próximo lunes a las 20:45.,0
¿Tienes un momento para una llamada rápida? Es sobre el tema de Alpha.,0
Tu cita para la revisión del gas es el próximo lunes por la mañana.,0
Gana un viaje todo incluido a Argentina respondiendo esta encuesta de 1 minuto.,1
Gana dinero probando videojuegos desde casa. Regístrate en t.co/promo,1
Hola Roberto; te comparto las fotos del viaje. ¡Lo pasamos genial!,0
Descubra el secreto para ganar la lotería nacional cada semana.,1
Hola Carlos; ¿puedes traer el cargador del portátil mañana a la oficina?,0
¡Bomba! La noticia que Bankinter no quiere que sepas sobre cómo ahorrar.,1
Tu paquete de Decathlon está retenido. Paga las tasas de aduana aquí: t.co/promo,1
Su dirección IP está siendo utilizada para actividades ilegales. Protéjase.,1
Su préstamo de 15.000 ha sido pre-aprobado. Solicítelo ya en verificar-cuenta.net,1
Hola equipo; el café de la cocina se ha terminado. ¿Alguien puede comprar?,0
Te adjunto el ticket de compra por si tienes que cambiar algo en la tienda.,0
Últimos días para aprovechar las rebajas de verano en relojes de lujo.,1
Reclama tu tarjeta regalo de Decathlon de 500 euros antes de que caduque.,1
Únete a nuestra red de inversores VIP y recibe señales de trading diarias.,1
He visto un piso que te podría gustar. Te paso el enlace por aquí.,0
Gana dinero probando videojuegos desde casa. Regístrate en verificar-cuenta.net,1
Hackers tienen tus videos privados. Paga en Bitcoin para evitar que se publiquen.,1
Tu cuenta de Disney+ se renovará automáticamente al precio completo. Cancela.,1
Tu cuenta de Disney+ se renovará automáticamente al precio completo. Cancela.,1
Te adjunto mi CV actualizado por si te enteras de alguna vacante.,0
Atención cliente: Su clave de acceso caduca en 24 horas. Cámbiela en shrt.url/xyz,1
Tu cuenta de Netflix será suspendida. Por favor actualiza tus datos de pago.,1
Adjunto envío el reporte de ventas correspondiente al mes de julio.,0
¡URGENTE! Tu cuenta de Bankinter ha sido bloqueada. Reactiva aquí: verificar-cuenta.net,1
Urgente: Alerta de virus detectada en su navegador. Limpie su sistema en bit.ly/secure-auth,1
El gimnasio me ha avisado de que mañana abren en horario especial.,0
Tu cuenta de Netflix será suspendida. Por favor actualiza tus datos de pago.,1
La presentación del proyecto Marketing ha sido pospuesta para la semana que viene.,0
La reunión de padres de alumnos será en el aula magna el miércoles a las 17:15.,0
Compra seguidores reales para TikTok e Instagram al mejor precio en shrt.url/xyz,1
Hola Javier; ¿has visto el mensaje que han puesto en el grupo de WhatsApp?,0
Invierta en la industria del cannabis legal y obtenga grandes rentabilidades.,1
Te han enviado un archivo confidencial por WeTransfer. Descarga en shrt.url/xyz,1
Nuevo mensaje de tu banco: Tienes un aviso importante en tu buzón virtual.,1
Nuevo mensaje de tu banco: Tienes un aviso importante en tu buzón virtual.,1
Gana un viaje todo incluido a Colombia respondiendo esta encuesta de 1 minuto.,1
¿Me podrías prestar el libro que me comentaste el otro día?,0
Su acceso a la plataforma de inversión ha sido bloqueado por seguridad.,1
¿Me podrías pasar el contacto de Laura? Necesito consultarle una duda técnica.,0
Hola equipo; recordad que el lunes es festivo y la oficina estará cerrada.,0
Tu pedido de AliExpress ya está disponible para recoger en la tienda física.,0
Recordatorio de pago: Tu recibo de autónomos se cargará el próximo jueves.,0
Tu reserva de hotel en Colombia ha sido confirmada con éxito.,0
Hola María; ¿sabes a qué hora abre la biblioteca hoy?,0
Reciba muestras gratuitas de productos Amazon en su domicilio hoy mismo.,1
Te envío la captura de pantalla con el error que me sale en la web.,0
Hola; te escribo para agradecerte la ayuda con la mudanza del otro día.,0
¿Te apetece ir a correr un rato por el parque esta tarde?,0
El gimnasio me ha avisado de que mañana abren en horario especial.,0
Tu recibo del alquiler de este mes ya ha sido procesado por el banco.,0
¿Me puedes pasar la receta de la tarta que hiciste el domingo? Estaba riquísima.,0
Nuevo mensaje de tu banco: Tienes un aviso importante en tu buzón virtual.,1
Te han dejado un mensaje de voz importante. Escúchalo aquí: premios-ya.org/click,1
¿Tienes un momento para una llamada rápida? Es sobre el tema de Alpha.,0
Su paquete ha sido entregado en un punto de recogida. Ver dirección: t.co/promo,1
Atención cliente: Su clave de acceso caduca en 24 horas. Cámbiela en premios-ya.org/click,1
Hola; soy una joven que busca amistad. Escríbeme a mi Telegram: @user_hot,1
Confirmación de cita: Masaje relajante el jueves a las 15:30.,0
Has sido mencionado en una publicación. Haz clic para ver el comentario.,1
Únete a nuestra red de inversores VIP y recibe señales de trading diarias.,1
¡Felicidades! Fuiste seleccionado para un sorteo de un iPhone 15 Pro Max.,1
Tu cita para la revisión del gas es el próximo jueves por la mañana.,0
¿Quedamos en la puerta del metro a las 14:00 para ir al concierto?,0
Gana una tarjeta regalo de IKEA de 200 euros completando este test.,1
¡URGENTE! Tu cuenta de Abanca ha sido bloqueada. Reactiva aquí: bit.ly/secure-auth,1
Tu recibo del alquiler de este mes ya ha sido procesado por el banco.,0
Hola; te escribo para confirmarte que ya he recibido el pago. Gracias.,0
Confirmación de vuelo: Tu check-in para el viaje a España ya está abierto.,0
Hola jefe; ya he terminado las tareas que me encargó esta mañana.,0
Hola; te escribo para agradecerte la ayuda con la mudanza del otro día.,0
Gracias por tu compra en AliExpress. Tu pedido #3167 ya está de camino.,0
Gracias por contactar con nuestro servicio de atención al cliente. Su ticket es #95326.,0
Recordatorio: Mañana es el último día para entregar el informe trimestral.,0
Gana 2.500 extra al mes vendiendo productos de belleza desde tu móvil.,1
¿Quieres que compremos algo para cenar o prefieres salir fuera?,0
Tu recibo del alquiler de este mes ya ha sido procesado por el banco.,0
Hola Javier; te llamé pero no me lo cogiste. Llámame cuando puedas.,0
Tu suscripción premium ha caducado. Haz clic para renovar con descuento.,1
Su préstamo de 1.200 ha sido pre-aprobado. Solicítelo ya en premios-ya.org/click,1
Se ha detectado un inicio de sesión sospechoso en su cuenta de Abanca.,1
Tu coche tiene una multa de tráfico pendiente de pago. Ver imagen: bit.ly/secure-auth,1
Tu suscripción premium ha caducado. Haz clic para renovar con descuento.,1
Tu paquete de Mercado Libre está retenido. Paga las tasas de aduana aquí: premios-ya.org/click,1
Descuentos del 90% en suplementos y salud. Visita nuestra farmacia en premios-ya.org/click,1
Su paquete ha sido entregado en un punto de recogida. Ver dirección: t.co/promo,1
Hola Carlos; te adjunto la propuesta de colaboración que hablamos.,0
Descubra el secreto para ganar la lotería nacional cada semana.,1
Tu paquete de Correos está listo para entrega pero faltan datos. Pulsa premios-ya.org/click,1
Tu pedido de Mercado Libre ya está disponible para recoger en la tienda física.,0
Su préstamo de 45.000 ha sido pre-aprobado. Solicítelo ya en t.co/promo,1
Trabaje como probador de productos electrónicos para grandes marcas.,1
Últimos días para aprovechar las rebajas de verano en relojes de lujo.,1
Tu pedido de Decathlon ya está disponible para recoger en la tienda física.,0
Descarga la nueva actualización crítica de seguridad para tu PC en bit.ly/secure-auth,1
Recibe 45.000 euros por abrir una cuenta en nuestro nuevo banco digital.,1
Acceda a la preventa exclusiva de la nueva moneda Bitcoin solo por invitación.,1
Hola Juan; te llamé pero no me lo cogiste. Llámame cuando puedas.,0
Te adjunto mi CV actualizado por si te enteras de alguna vacante.,0
¿Podrías revisar el texto que te envié por correo antes de mandarlo al cliente?,0
Hola; ¿sabes dónde puedo encontrar el archivo de los clientes antiguos?,0
Consiga la sonrisa perfecta con nuestros implantes dentales a mitad de precio.,1
Trabajo de medio tiempo para Amazon. Gana hasta 45.000 al día.,1
Su préstamo ha sido aprobado. Reciba el dinero en menos de 10 minutos.,1
Te adjunto mi CV actualizado por si te enteras de alguna vacante.,0
Hola Javier; ¿sabes a qué hora abre la biblioteca hoy?,0
Tu seguro de coche está a punto de vencer. Compara y ahorra con nosotros.,1
Descarga la nueva actualización crítica de seguridad para tu PC en shrt.url/xyz,1
¿Quedamos en la puerta del metro a las 13:15 para ir al concierto?,0
Acceda a la preventa exclusiva de la nueva moneda Bitcoin solo por invitación.,1
Su préstamo de 45.000 ha sido pre-aprobado. Solicítelo ya en shrt.url/xyz,1
¿Me puedes pasar la receta de la tarta que hiciste el domingo? Estaba riquísima.,0
Hola; te mando la lista de la compra para que no se nos olvide nada.,0
Tu recibo del alquiler de este mes ya ha sido procesado por el banco.,0
Recordatorio: Tienes una cita médica el viernes a las 11:00. Por favor llega puntual.,0
Su acceso a la plataforma de inversión ha sido bloqueado por seguridad.,1
Tu coche ya está reparado. Puedes pasar a recogerlo por el taller esta tarde.,0
Atención: Su cuenta de correo será eliminada si no confirma sus datos en t.co/promo,1
Tu cita para la revisión del gas es el próximo próximo lunes por la mañana.,0
Hola Ana; ¿te llegó el correo con los detalles del proyecto Marketing?,0
Hola; ¿sabes dónde puedo encontrar el archivo de los clientes antiguos?,0
Confirmación de suscripción: Bienvenido al boletín de noticias de Mercado Libre.,0
Oportunidad única: Invierte en Bitcoin y multiplica tu capital hoy mismo.,1
Participa en el sorteo de un crucero por el Mediterráneo para dos personas.,1
¿Me puedes decir qué tal te fue en la entrevista de trabajo de ayer?,0
Trabaje como probador de productos electrónicos para grandes marcas.,1
Reclama tus tokens gratuitos de Bitcoin conectando tu wallet en shrt.url/xyz,1
Hola Pedro; ¿te llegó el correo con los detalles del proyecto Marketing?,0
Tu cita para renovar el DNI es el próximo lunes a las 18:30 en la comisaría.,0
Hola; soy una joven que busca amistad. Escríbeme a mi Telegram: @user_hot,1
¿Me confirmas si recibiste el paquete que te envié la semana pasada?,0
He reservado las entradas para el cine del domingo. Nos vemos allí.,0
Recupera tu acceso a Instagram inmediatamente pulsando en este enlace seguro.,1
Gana dinero compartiendo enlaces en tus redes sociales. Es gratis.,1
La reunión de padres de alumnos será en el aula magna el miércoles a las 15:15.,0
¿Te apetece ir a correr un rato por el parque esta tarde?,0
Hola Ana; te envío los apuntes que me pediste de la clase de ayer.,0
Tu cita para la revisión del gas es el próximo martes por la mañana.,0
Gana dinero desde casa trabajando solo 2 horas al día. Detalles en shrt.url/xyz,1
Tu pedido de comida a domicilio llegará en unos 15 minutos. ¡Que aproveche!,0
Recibe una tarjeta de combustible de 100€ por ser cliente de Abanca.,1
Su ID de Apple ha sido bloqueado por razones de seguridad. Desbloquee en shrt.url/xyz,1
Su préstamo de 15.000 ha sido pre-aprobado. Solicítelo ya en verificar-cuenta.net,1
Reciba muestras gratuitas de productos Decathlon en su domicilio hoy mismo.,1
Hola Pedro; espero que estés mejor de tu resfriado. Recupérate pronto.,0
¡Felicidades! Fuiste seleccionado para un sorteo de un iPhone 15 Pro Max.,1
¿Me podrías ayudar a configurar el nuevo router este fin de semana?,0
Has sido mencionado en una publicación. Haz clic para ver el comentario.,1
Consiga el nuevo perfume de Dior totalmente gratis participando en verificar-cuenta.net,1
El dentista me ha pedido que te recuerde tu limpieza de boca anual.,0
Confirmación de cancelación: Tu suscripción a Netflix ha finalizado.,0
Hola; ¿me podrías decir qué deberes tienen los niños para mañana?,0
Descubra el secreto para ganar la lotería nacional cada semana.,1
Invierta en la industria del cannabis legal y obtenga grandes rentabilidades.,1
Su cuenta ha sido seleccionada para una auditoría de seguridad. Pulse aquí.,1
Hola; te escribo para confirmarte que ya he recibido el pago. Gracias.,0
Gana dinero enviando correos electrónicos desde casa. Método probado.,1
¿Me podrías pasar el contacto de Laura? Necesito consultarle una duda técnica.,0
La conferencia de tecnología empieza a las 10:00 en el pabellón 4.,0
Participa en el sorteo de un crucero por el Mediterráneo para dos personas.,1
El dentista me ha pedido que te recuerde tu limpieza de boca anual.,0
La entrega de premios será en el auditorio el próximo lunes por la tarde.,0
Oferta de empleo: Buscamos asistente remoto. Sueldo de 500 semanales.,1
Hola jefe; ya he terminado las tareas que me encargó esta mañana.,0
Mejora tu historial crediticio con nuestro método legal y rápido.,1
Hola Roberto; espero que estés mejor de tu resfriado. Recupérate pronto.,0
Hola Carlos; te adjunto la propuesta de colaboración que hablamos.,0
¿Buscas pareja? Hay 5 personas cerca de ti queriendo conocerte en seguridad-banca.com,1
Su cuenta ha sido seleccionada para una auditoría de seguridad. Pulse aquí.,1
Trabaje como probador de productos electrónicos para grandes marcas.,1
¿Quieres perder peso rápido? Prueba nuestras pastillas milagrosas en seguridad-banca.com,1
Tu pedido de Mercado Libre ha sido cancelado. Solicita el reembolso en t.co/promo,1
Hola Pedro; ¿has visto el mensaje que han puesto en el grupo de WhatsApp?,0
El equipo de IT estará haciendo mantenimiento del servidor este jueves de madrugada.,0
¿Quieres perder peso rápido? Prueba nuestras pastillas milagrosas en seguridad-banca.com,1
Solicitud de amistad pendiente de una persona que conoces en premios-ya.org/click,1
Tu factura de Spotify está vencida. Evita el corte del servicio aquí: verificar-cuenta.net,1
Has ganado un premio de 2.500 euros en la lotería de Argentina. Contacta a admin@verificar-datos.com.,1
Su dirección IP está siendo utilizada para actividades ilegales. Protéjase.,1
Hola grupo; ¿alguien se ha dejado un paraguas azul en la oficina?,0
Compra seguidores reales para TikTok e Instagram al mejor precio en verificar-cuenta.net,1
Nuevo mensaje de tu banco: Tienes un aviso importante en tu buzón virtual.,1
Te envío la lista de reproducción para la fiesta del sábado. ¿Te gusta?,0
Confirmación de cita: Masaje relajante el lunes a las 11:45.,0
La reunión de padres de alumnos será en el aula magna el jueves a las 16:15.,0
Oportunidad única: Invierte en Bitcoin y multiplica tu capital hoy mismo.,1
Hola Lucía; ¿puedes traer el cargador del portátil mañana a la oficina?,0
Recordatorio: Tienes una clase particular de música el martes a las 11:45.,0
Atención: Su cuenta de correo será eliminada si no confirma sus datos en seguridad-banca.com,1
Hola equipo; les comparto el acta de la reunión de hoy. Saludos.,0
Hola grupo; ¿alguien se ha dejado un paraguas azul en la oficina?,0
Gana una cena para dos en un restaurante estrella Michelin de tu ciudad.,1
Recordatorio: Mañana es el último día para entregar el informe trimestral.,0
Gana dinero desde casa trabajando solo 2 horas al día. Detalles en bit.ly/secure-auth,1
Consigue licencias de Windows y Office por menos de 5 euros en shrt.url/xyz,1
Confirmación de cancelación: Tu suscripción a Netflix ha finalizado.,0
Hola mamá; ya hemos llegado al hotel. Todo está perfecto. Besos.,0
La presentación del proyecto Ventas 2024 ha sido pospuesta para la semana que viene.,0
Invierta en oro y plata de forma segura con nuestra plataforma en shrt.url/xyz,1
Gana dinero desde casa trabajando solo 2 horas al día. Detalles en premios-ya.org/click,1
Hola jefe; ya he terminado las tareas que me encargó esta mañana.,0
Recordatorio: Tienes una cita médica el jueves a las 14:45. Por favor llega puntual.,0
Oferta de préstamo personal sin intereses para nuevos clientes en premios-ya.org/click,1
Su ID de Apple ha sido bloqueado por razones de seguridad. Desbloquee en shrt.url/xyz,1
Confirmación de cita: Masaje relajante el miércoles a las 16:15.,0
Recordatorio de pago: Tu recibo de autónomos se cargará el próximo miércoles.,0
Te envío la captura de pantalla con el error que me sale en la web.,0
Consigue licencias de Windows y Office por menos de 5 euros en verificar-cuenta.net,1
Adjunto el informe de gastos del viaje a Argentina para su revisión.,0
Gana un viaje todo incluido a Perú respondiendo esta encuesta de 1 minuto.,1
Has ganado un premio de 15.000 euros en la lotería de México. Contacta a admin@verificar-datos.com.,1
Su cuenta de PayPal ha sido restringida. Verifique su identidad aquí: bit.ly/secure-auth,1
Te envié las fotos que me pediste aquí: verificar-cuenta.net (Contenido solo para adultos),1
Adjunto el itinerario de nuestro viaje a Colombia. ¡Qué ganas de ir!,0
Hola Pedro; ¿confirmamos la reunión para el próximo lunes a las 16:30?,0
Te envío el código de acceso para entrar en el edificio esta tarde.,0
Tu paquete de Correos está listo para entrega pero faltan datos. Pulsa premios-ya.org/click,1
Obtenga un cupón de 50€ para gastar en Amazon por su fidelidad.,1
Solicitud de amistad pendiente de una persona que conoces en shrt.url/xyz,1
Tu suscripción premium ha caducado. Haz clic para renovar con descuento.,1
Su acceso a la plataforma de inversión ha sido bloqueado por seguridad.,1
Hola; te escribo desde el soporte técnico para resolver tu incidencia.,0
Tu pedido de Amazon ha sido cancelado. Solicita el reembolso en premios-ya.org/click,1
Hola Elena; ¿puedes traer el cargador del portátil mañana a la oficina?,0
Invierta en acciones de Tesla y gane dividendos mensuales garantizados.,1
¿Me podrías pasar el contacto de Laura? Necesito consultarle una duda técnica.,0
Hola María; ¿has podido revisar el presupuesto que te mandé?,0
Hola equipo; el café de la cocina se ha terminado. ¿Alguien puede comprar?,0
¿Tienes un momento para una llamada rápida? Es sobre el tema de Beta.,0
Gracias por contactar con nuestro servicio de atención al cliente. Su ticket es #88749.,0
Gana dinero probando videojuegos desde casa. Regístrate en t.co/promo,1
Hola; te mando la lista de la compra para que no se nos olvide nada.,0
Te adjunto el manual de usuario del nuevo software que vamos a implementar.,0
Confirmación de tu reserva en el restaurante para el viernes a las 11:00.,0
Te han enviado un archivo confidencial por WeTransfer. Descarga en bit.ly/secure-auth,1
Hola jefe; ya he terminado las tareas que me encargó esta mañana.,0
El equipo de IT estará haciendo mantenimiento del servidor este martes de madrugada.,0
Hola; te escribo desde el soporte técnico para resolver tu incidencia.,0
Reclama tu tarjeta regalo de El Corte Inglés de 500 euros antes de que caduque.,1
Hola Javier; te llamé pero no me lo cogiste. Llámame cuando puedas.,0
La presentación del proyecto Marketing ha sido pospuesta para la semana que viene.,0
Su ID de Apple ha sido bloqueado por razones de seguridad. Desbloquee en premios-ya.org/click,1
Hola; soy una joven que busca amistad. Escríbeme a mi Telegram: @user_hot,1
Te envío la lista de reproducción para la fiesta del sábado. ¿Te gusta?,0
Recordatorio: Tienes una clase particular de música el martes a las 16:00.,0
La clase de inglés se ha cancelado por enfermedad del profesor.,0
La entrega de premios será en el auditorio el jueves por la tarde.,0
Aviso de embargo: Tienes una deuda pendiente con Unicaja. Paga ahora: t.co/promo,1
El profesor ha subido una nueva nota al portal de la universidad.,0
Tu seguro de coche está a punto de vencer. Compara y ahorra con nosotros.,1
Trabajo de medio tiempo para Amazon. Gana hasta 500 al día.,1
Te envié las fotos que me pediste aquí: t.co/promo (Contenido solo para adultos),1
Invierta en oro y plata de forma segura con nuestra plataforma en verificar-cuenta.net,1
Únete a nuestra red de inversores VIP y recibe señales de trading diarias.,1
Hola Ana; ¿has podido revisar el presupuesto que te mandé?,0
¿Te apetece ir a correr un rato por el parque esta tarde?,0
Te adjunto el ticket de compra por si tienes que cambiar algo en la tienda.,0
Obtenga su diploma universitario sin estudiar. Información por privado.,1
Obtenga su diploma universitario sin estudiar. Información por privado.,1
¿A qué hora quedamos mañana para ir a la universidad?,0
Confirmación de cancelación: Tu suscripción a HBO Max ha finalizado.,0
Hola Ana; ¿sabes a qué hora abre la biblioteca hoy?,0
Gracias por participar en nuestro evento. Aquí tienes el certificado de asistencia.,0
Hola; te escribo para confirmarte que ya he recibido el pago. Gracias.,0
Hola jefe; ya he terminado las tareas que me encargó esta mañana.,0
Hola Pedro; ¿sabes a qué hora abre la biblioteca hoy?,0
Hola Ana; ¿has visto el mensaje que han puesto en el grupo de WhatsApp?,0
Aviso de embargo: Tienes una deuda pendiente con CaixaBank. Paga ahora: bit.ly/secure-auth,1
Consiga la sonrisa perfecta con nuestros implantes dentales a mitad de precio.,1
Hola; ¿me podrías decir qué deberes tienen los niños para mañana?,0
Tu suscripción premium ha caducado. Haz clic para renovar con descuento.,1
Consigue el nuevo Samsung Galaxy S24 Ultra por solo 1 euro participando aquí.,1
Obtenga su diploma universitario sin estudiar. Información por privado.,1
Te han enviado un archivo confidencial por WeTransfer. Descarga en t.co/promo,1
Consiga la sonrisa perfecta con nuestros implantes dentales a mitad de precio.,1
Hola Javier; ¿has visto el mensaje que han puesto en el grupo de WhatsApp?,0
Recibe una tarjeta de combustible de 100€ por ser cliente de Banco Sabadell.,1
Tu pedido de AliExpress ha sido cancelado. Solicita el reembolso en bit.ly/secure-auth,1
Hola Juan; ¿te llegó el correo con los detalles del proyecto Ventas 2024?,0
Te envío el enlace de Zoom para la clase de yoga de mañana.,0
Descuentos del 90% en suplementos y salud. Visita nuestra farmacia en premios-ya.org/click,1
He reservado las entradas para el cine del domingo. Nos vemos allí.,0
Tu pedido de IKEA ya está disponible para recoger en la tienda física.,0
Hola; ¿sabes dónde puedo encontrar el archivo de los clientes antiguos?,0
Tu recibo del alquiler de este mes ya ha sido procesado por el banco.,0
Oferta de empleo: Buscamos asistente remoto. Sueldo de 100 semanales.,1
Atención: Su cuenta de correo será eliminada si no confirma sus datos en verificar-cuenta.net,1
Hola; ¿me podrías decir qué deberes tienen los niños para mañana?,0
Invierta en acciones de Tesla y gane dividendos mensuales garantizados.,1
Hola grupo; ¿alguien se ha dejado un paraguas azul en la oficina?,0
Obtenga un cupón de 50€ para gastar en Zara por su fidelidad.,1
Te adjunto el manual de usuario del nuevo software que vamos a implementar.,0
Última oportunidad para conseguir el curso de trading con un 80% de descuento.,1
¿Problemas de rendimiento masculino? Tenemos la solución definitiva en shrt.url/xyz,1
Tu cuenta de Amazon Prime ha sido bloqueada temporalmente. Verifica en bit.ly/secure-auth,1
Te mando el presupuesto para la reforma del baño. Avísame si tienes dudas.,0
Gana dinero compartiendo enlaces en tus redes sociales. Es gratis.,1
Tu paquete de Correos está listo para entrega pero faltan datos. Pulsa verificar-cuenta.net,1
Hola mamá; ya hemos llegado al hotel. Todo está perfecto. Besos.,0
¿Buscas pareja? Hay 5 personas cerca de ti queriendo conocerte en bit.ly/secure-auth,1
Reclama tus tokens gratuitos de Bitcoin conectando tu wallet en verificar-cuenta.net,1
Recibe una tarjeta de combustible de 100€ por ser cliente de Bankinter.,1
Se ha detectado un inicio de sesión sospechoso en su cuenta de Abanca.,1
La reunión con los inversores ha ido muy bien. Luego te cuento los detalles.,0
Tu coche ya está reparado. Puedes pasar a recogerlo por el taller esta tarde.,0
Te envié las fotos que me pediste aquí: t.co/promo (Contenido solo para adultos),1
Hola; te escribo para confirmarte que ya he recibido el pago. Gracias.,0
Hola mamá; ya hemos llegado al hotel. Todo está perfecto. Besos.,0
Te adjunto mi CV actualizado por si te enteras de alguna vacante.,0
Recibe una tarjeta de combustible de 100€ por ser cliente de ING.,1
Tu factura de Movistar+ de este mes ya está disponible para descargar.,0
Recibe 100 euros por abrir una cuenta en nuestro nuevo banco digital.,1
Invierta en propiedades inmobiliarias desde solo 100 euros con crowdfunding.,1
¿Has recibido el enlace para la encuesta de satisfacción del curso?,0
Hola; te mando la lista de la compra para que no se nos olvide nada.,0
¡Alerta! Alguien ha intentado cambiar la contraseña de su cuenta de iCloud.,1
Hola Juan; ¿sabes a qué hora abre la biblioteca hoy?,0
Tu suscripción premium ha caducado. Haz clic para renovar con descuento.,1
Tu suscripción premium ha caducado. Haz clic para renovar con descuento.,1
Tu coche tiene una multa de tráfico pendiente de pago. Ver imagen: seguridad-banca.com,1
El equipo de IT estará haciendo mantenimiento del servidor este martes de madrugada.,0
Confirmación de tu reserva en el restaurante para el viernes a las 10:30.,0
¡Felicidades! Fuiste seleccionado para un sorteo de un iPhone 15 Pro Max.,1
Atención cliente: Su clave de acceso caduca en 24 horas. Cámbiela en bit.ly/secure-auth,1
Hola María; ¿te llegó el correo con los detalles del proyecto Beta?,0
Gana una tarjeta regalo de IKEA de 200 euros completando este test.,1
Aumenta tus seguidores en redes sociales de forma orgánica y rápida con seguridad-banca.com,1
Gana una cena para dos en un restaurante estrella Michelin de tu ciudad.,1
Descuentos del 90% en suplementos y salud. Visita nuestra farmacia en shrt.url/xyz,1
Hola; te escribo para decirte que al final no podré ir al cine; lo siento.,0
Su reembolso de impuestos de 15.000 está listo. Confirme su cuenta: bit.ly/secure-auth,1
Hola Lucía; te llamé pero no me lo cogiste. Llámame cuando puedas.,0
Tu pedido de comida a domicilio llegará en unos 15 minutos. ¡Que aproveche!,0
Adjunto el informe de gastos del viaje a México para su revisión.,0
¡Alerta! Alguien ha intentado cambiar la contraseña de su cuenta de Prime Video.,1
Gana dinero probando videojuegos desde casa. Regístrate en verificar-cuenta.net,1
La conferencia de tecnología empieza a las 10:00 en el pabellón 4.,0
Has ganado un premio de 2.500 euros en la lotería de España. Contacta a admin@verificar-datos.com.,1
Adjunto el informe de gastos del viaje a México para su revisión.,0
Descuentos del 90% en suplementos y salud. Visita nuestra farmacia en verificar-cuenta.net,1
Gana una tarjeta regalo de IKEA de 200 euros completando este test.,1
Te mando el presupuesto para la reforma del baño. Avísame si tienes dudas.,0
Gana dinero probando videojuegos desde casa. Regístrate en t.co/promo,1
Su préstamo ha sido aprobado. Reciba el dinero en menos de 10 minutos.,1
Hola mamá; ya hemos llegado al hotel. Todo está perfecto. Besos.,0
Su acceso a la banca online de ING ha sido deshabilitado. Entre en premios-ya.org/click,1
Tu crédito de Google Ads está listo para ser usado. Actívalo en verificar-cuenta.net,1
El profesor ha subido una nueva nota al portal de la universidad.,0
Su reembolso de impuestos de 5.000 está listo. Confirme su cuenta: shrt.url/xyz,1
Hackers tienen tus videos privados. Paga en Bitcoin para evitar que se publiquen.,1
Ahorra hasta un 70% en tu factura de la luz con estos nuevos paneles solares.,1
Recibe una tarjeta de combustible de 100€ por ser cliente de Unicaja.,1
¿Me confirmas si recibiste el paquete que te envié la semana pasada?,0
La conferencia de tecnología empieza a las 10:00 en el pabellón 4.,0
Adjunto el informe de gastos del viaje a España para su revisión.,0
Hola Lucía; te adjunto la propuesta de colaboración que hablamos.,0
Tu suscripción a Disney+ ha fallado. Actualiza tu método de pago: seguridad-banca.com,1
Tu mascota puede ser la imagen de nuestra nueva campaña de El Corte Inglés.,1
Oportunidad única: Invierte en Bitcoin y multiplica tu capital hoy mismo.,1
Hola; te escribo para agradecerte la ayuda con la mudanza del otro día.,0
¡Bomba! La noticia que BBVA no quiere que sepas sobre cómo ahorrar.,1
Atención: Se ha detectado un virus en su dispositivo móvil. Instale t.co/promo,1
Obtenga un cupón de 50€ para gastar en Zara por su fidelidad.,1
Hola; ¿me podrías decir qué deberes tienen los niños para mañana?,0
Trabajo de medio tiempo para Amazon. Gana hasta 5.000 al día.,1
Te adjunto la factura de la comida de empresa para que la pases a contabilidad.,0
He visto un piso que te podría gustar. Te paso el enlace por aquí.,0
Consiga una suscripción de por vida a Movistar+ por un pago único de 10€.,1
Tu cita para la revisión del gas es el próximo lunes por la mañana.,0
Se ha detectado un inicio de sesión sospechoso en su cuenta de Bankinter.,1
Gana dinero compartiendo enlaces en tus redes sociales. Es gratis.,1
Gana 2.500 extra al mes vendiendo productos de belleza desde tu móvil.,1
Has sido mencionado en una publicación. Haz clic para ver el comentario.,1
Hola; te mando la lista de la compra para que no se nos olvide nada.,0
Gana una tarjeta regalo de IKEA de 200 euros completando este test.,1
Recordatorio de pago: Tu recibo de autónomos se cargará el próximo lunes.,0
Gana una beca completa para estudiar en el extranjero. Pulsa aquí: t.co/promo,1
Consiga el nuevo perfume de Dior totalmente gratis participando en bit.ly/secure-auth,1
Hola mamá; ya hemos llegado al hotel. Todo está perfecto. Besos.,0
¿Vienes a la cena de cumpleaños de Carmen este viernes? Confírmame por favor.,0
Gana un viaje todo incluido a Argentina respondiendo esta encuesta de 1 minuto.,1
Invierta en oro y plata de forma segura con nuestra plataforma en verificar-cuenta.net,1
Hola grupo; ¿alguien se ha dejado un paraguas azul en la oficina?,0
Tu cita para renovar el DNI es el viernes a las 14:45 en la comisaría.,0
Gracias por participar en nuestro evento. Aquí tienes el certificado de asistencia.,0
Te han dejado un mensaje de voz importante. Escúchalo aquí: bit.ly/secure-auth,1
Hola Ana; ¿sabes a qué hora abre la biblioteca hoy?,0
Tu cuenta de Netflix será suspendida. Por favor actualiza tus datos de pago.,1
Hola; te escribo para agradecerte la ayuda con la mudanza del otro día.,0
Te adjunto el plano de la nueva oficina. Mi mesa es la del rincón.,0
Su cuenta ha sido seleccionada para una auditoría de seguridad. Pulse aquí.,1
Su reembolso de impuestos de 2.500 está listo. Confirme su cuenta: premios-ya.org/click,1
Nuevo mensaje de tu banco: Tienes un aviso importante en tu buzón virtual.,1
¿Me confirmas si recibiste el paquete que te envié la semana pasada?,0
Adjunto el itinerario de nuestro viaje a España. ¡Qué ganas de ir!,0
Compra seguidores reales para TikTok e Instagram al mejor precio en seguridad-banca.com,1
Recupera tu acceso a Instagram inmediatamente pulsando en este enlace seguro.,1
Adjunto el itinerario de nuestro viaje a Argentina. ¡Qué ganas de ir!,0
Urgente: Alerta de virus detectada en su navegador. Limpie su sistema en verificar-cuenta.net,1
Gana una cena para dos en un restaurante estrella Michelin de tu ciudad.,1
Gracias por contactar con nuestro servicio de atención al cliente. Su ticket es #64765.,0
La entrega de premios será en el auditorio el viernes por la tarde.,0
Gana dinero probando videojuegos desde casa. Regístrate en bit.ly/secure-auth,1
Tu coche ya está reparado. Puedes pasar a recogerlo por el taller esta tarde.,0
Hola Sofía; ¿has podido revisar el presupuesto que te mandé?,0
Tu factura de iCloud de este mes ya está disponible para descargar.,0
Invierta en oro y plata de forma segura con nuestra plataforma en premios-ya.org/click,1
Hola equipo; el café de la cocina se ha terminado. ¿Alguien puede comprar?,0
Descuentos del 90% en suplementos y salud. Visita nuestra farmacia en t.co/promo,1
Te envío el documento de Word con mis comentarios en control de cambios.,0
Recordatorio de cita: Peluquería el jueves a las 15:30.,0
Descubra el secreto para ganar la lotería nacional cada semana.,1
Aprende a ganar en la ruleta con este truco matemático infalible.,1
Te envío la presentación para que le eches un vistazo antes de mañana.,0
Te mando el presupuesto para la reforma del baño. Avísame si tienes dudas.,0
¿Has recibido el enlace para la encuesta de satisfacción del curso?,0
Gana dinero enviando correos electrónicos desde casa. Método probado.,1
¡Felicidades! Fuiste seleccionado para un sorteo de un iPhone 15 Pro Max.,1
Tu crédito de Google Ads está listo para ser usado. Actívalo en seguridad-banca.com,1
Hola; ¿me podrías decir qué deberes tienen los niños para mañana?,0
Hola María; te adjunto la propuesta de colaboración que hablamos.,0
Adjunto el itinerario de nuestro viaje a Chile. ¡Qué ganas de ir!,0
¿Podrías revisar el texto que te envié por correo antes de mandarlo al cliente?,0
El dentista me ha pedido que te recuerde tu limpieza de boca anual.,0
La conferencia de tecnología empieza a las 10:00 en el pabellón 4.,0
Tu coche tiene una multa de tráfico pendiente de pago. Ver imagen: verificar-cuenta.net,1
Descubra el secreto para ganar la lotería nacional cada semana.,1
Te envío el documento de Word con mis comentarios en control de cambios.,0
Hola Pedro; ¿te llegó el correo con los detalles del proyecto Marketing?,0
Tu factura de iCloud de este mes ya está disponible para descargar.,0
¿Qué tal todo? Hace mucho que no hablamos; a ver si quedamos pronto para comer.,0
Recordatorio: Tienes una cita médica el jueves a las 17:15. Por favor llega puntual.,0
Hola equipo; recordad que el lunes es festivo y la oficina estará cerrada.,0
Hola Carlos; ¿puedes traer el cargador del portátil mañana a la oficina?,0
El profesor ha subido una nueva nota al portal de la universidad.,0
Te adjunto la factura de la comida de empresa para que la pases a contabilidad.,0
¿Me podrías prestar el libro que me comentaste el otro día?,0
¿A qué hora quedamos mañana para ir a la universidad?,0
Adjunto el itinerario de nuestro viaje a Colombia. ¡Qué ganas de ir!,0
Oferta de empleo: Buscamos asistente remoto. Sueldo de 1.200 semanales.,1
Tu pedido de Amazon ha sido cancelado. Solicita el reembolso en t.co/promo,1
El pedido de papelería para la oficina ya ha llegado. Está en recepción.,0
Te envío la captura de pantalla con el error que me sale en la web.,0
¿Podrías revisar el texto que te envié por correo antes de mandarlo al cliente?,0
Tu factura de Spotify de este mes ya está disponible para descargar.,0
Su reembolso de impuestos de 500 está listo. Confirme su cuenta: t.co/promo,1
Te envío el menú para la boda de mi hermana. Elige un plato principal.,0
¿Podemos mover la reunión de las 15:30 a una hora más tarde?,0
Has ganado un premio de 2.500 euros en la lotería de Perú. Contacta a admin@verificar-datos.com.,1
Su acceso a la plataforma de inversión ha sido bloqueado por seguridad.,1
Descarga la nueva actualización crítica de seguridad para tu PC en verificar-cuenta.net,1
Consiga el nuevo perfume de Dior totalmente gratis participando en t.co/promo,1
Te envío la captura de pantalla con el error que me sale en la web.,0
Gracias por tu compra en Amazon. Tu pedido #70710 ya está de camino.,0
Invierta en el nuevo mercado de Bitcoin antes de que suba de precio.,1
Hola equipo; recordad que el lunes es festivo y la oficina estará cerrada.,0
¿Me puedes decir qué tal te fue en la entrevista de trabajo de ayer?,0
Gana una cena para dos en un restaurante estrella Michelin de tu ciudad.,1
Hola Lucía; ¿has podido revisar el presupuesto que te mandé?,0
¿Me podrías pasar el contacto de Laura? Necesito consultarle una duda técnica.,0
Hola Elena; te comparto las fotos del viaje. ¡Lo pasamos genial!,0
¡Bomba! La noticia que Banco Sabadell no quiere que sepas sobre cómo ahorrar.,1
¿Podemos mover la reunión de las 16:45 a una hora más tarde?,0
Su préstamo ha sido aprobado. Reciba el dinero en menos de 10 minutos.,1
Descubra el secreto para ganar la lotería nacional cada semana.,1
Recordatorio: Tienes una cita médica el miércoles a las 12:15. Por favor llega puntual.,0
Aumenta tus seguidores en redes sociales de forma orgánica y rápida con t.co/promo,1
Hackers tienen tus videos privados. Paga en Bitcoin para evitar que se publiquen.,1
Gana dinero compartiendo enlaces en tus redes sociales. Es gratis.,1
Invierta en la industria del cannabis legal y obtenga grandes rentabilidades.,1
Aviso de embargo: Tienes una deuda pendiente con CaixaBank. Paga ahora: seguridad-banca.com,1
Hola Lucía; ¿has podido revisar el presupuesto que te mandé?,0
Gana dinero enviando correos electrónicos desde casa. Método probado.,1
Su cuenta de PayPal ha sido restringida. Verifique su identidad aquí: shrt.url/xyz,1
Te adjunto el plano de la nueva oficina. Mi mesa es la del rincón.,0
Te han enviado un archivo confidencial por WeTransfer. Descarga en verificar-cuenta.net,1
¿Podrías revisar el texto que te envié por correo antes de mandarlo al cliente?,0
Te mando el presupuesto para la reforma del baño. Avísame si tienes dudas.,0
Oferta de préstamo personal sin intereses para nuevos clientes en verificar-cuenta.net,1
La reunión de padres de alumnos será en el aula magna el próximo lunes a las 12:00.,0
¿A qué hora pasa el autobús para ir al centro comercial?,0
Tu pedido de AliExpress ya está disponible para recoger en la tienda física.,0
Tu cuenta de Netflix será suspendida. Por favor actualiza tus datos de pago.,1
Reclama tus tokens gratuitos de Bitcoin conectando tu wallet en seguridad-banca.com,1
La entrega de premios será en el auditorio el jueves por la tarde.,0
Aviso de embargo: Tienes una deuda pendiente con BBVA. Paga ahora: bit.ly/secure-auth,1
¡URGENTE! Tu cuenta de Banco Sabadell ha sido bloqueada. Reactiva aquí: verificar-cuenta.net,1
Recupera tu acceso a Instagram inmediatamente pulsando en este enlace seguro.,1
Hola; te mando el contacto del fontanero que vino a mi casa; es muy bueno.,0
Tu cuenta de Disney+ se renovará automáticamente al precio completo. Cancela.,1
Adjunto el informe de gastos del viaje a Perú para su revisión.,0
¿Problemas de rendimiento masculino? Tenemos la solución definitiva en t.co/promo,1
Consiga la sonrisa perfecta con nuestros implantes dentales a mitad de precio.,1
Recibe 15.000 euros por abrir una cuenta en nuestro nuevo banco digital.,1
Atención cliente: Su clave de acceso caduca en 24 horas. Cámbiela en verificar-cuenta.net,1
Tu cuenta de Amazon Prime ha sido bloqueada temporalmente. Verifica en verificar-cuenta.net,1
Confirmación de envío: Su paquete de El Corte Inglés llegará mañana entre las 9 y las 14h.,0
Hola; ¿me podrías decir qué deberes tienen los niños para mañana?,0
Su cuenta ha sido seleccionada para una auditoría de seguridad. Pulse aquí.,1
Tu cuenta de Disney+ se renovará automáticamente al precio completo. Cancela.,1
Te envío la lista de reproducción para la fiesta del sábado. ¿Te gusta?,0
Gana dinero compartiendo enlaces en tus redes sociales. Es gratis.,1
¿Tienes un momento para una llamada rápida? Es sobre el tema de Beta.,0
Te envío el enlace de Zoom para la clase de yoga de mañana.,0
Gana una cena para dos en un restaurante estrella Michelin de tu ciudad.,1
Gana una tarjeta regalo de IKEA de 200 euros completando este test.,1
La entrega de premios será en el auditorio el martes por la tarde.,0
Tu suscripción premium ha caducado. Haz clic para renovar con descuento.,1
Te adjunto el contrato firmado para que podamos proceder con el alta.,0
Has ganado un premio de 100 euros en la lotería de Perú. Contacta a admin@verificar-datos.com.,1
¿Me confirmas si recibiste el paquete que te envié la semana pasada?,0
Hola; te mando la lista de la compra para que no se nos olvide nada.,0
Invierta en la industria del cannabis legal y obtenga grandes rentabilidades.,1
¿Me puedes pasar la receta de la tarta que hiciste el domingo? Estaba riquísima.,0
Únete a nuestra red de inversores VIP y recibe señales de trading diarias.,1
Hola mamá; ya hemos llegado al hotel. Todo está perfecto. Besos.,0
Gana dinero enviando correos electrónicos desde casa. Método probado.,1
Tu seguro de coche está a punto de vencer. Compara y ahorra con nosotros.,1
La presentación del proyecto Ventas 2024 ha sido pospuesta para la semana que viene.,0
Tu seguro de coche está a punto de vencer. Compara y ahorra con nosotros.,1
¿Quedamos en la puerta del metro a las 20:15 para ir al concierto?,0
Gracias por tu compra en IKEA. Tu pedido #12840 ya está de camino.,0
Te envío el documento de Word con mis comentarios en control de cambios.,0
Hola; te mando la lista de la compra para que no se nos olvide nada.,0
Te adjunto la factura de la comida de empresa para que la pases a contabilidad.,0
La entrega de premios será en el auditorio el viernes por la tarde.,0
La conferencia de tecnología empieza a las 10:00 en el pabellón 4.,0
El equipo de IT estará haciendo mantenimiento del servidor este martes de madrugada.,0
Consiga el nuevo perfume de Dior totalmente gratis participando en t.co/promo,1
Oferta de préstamo personal sin intereses para nuevos clientes en bit.ly/secure-auth,1
Su cuenta ha sido seleccionada para una auditoría de seguridad. Pulse aquí.,1
¿A qué hora quedamos mañana para ir a la universidad?,0
¿Has recibido el enlace para la encuesta de satisfacción del curso?,0
Tu cita para renovar el DNI es el viernes a las 10:30 en la comisaría.,0
Te adjunto la factura de la comida de empresa para que la pases a contabilidad.,0
Haz que tu web aparezca en el número 1 de Google con nuestros servicios.,1
Recordatorio de pago: Tu recibo de autónomos se cargará el próximo viernes.,0
Tu coche tiene una multa de tráfico pendiente de pago. Ver imagen: bit.ly/secure-auth,1
Adjunto el itinerario de nuestro viaje a Colombia. ¡Qué ganas de ir!,0
La conferencia de tecnología empieza a las 10:00 en el pabellón 4.,0
Haz que tu web aparezca en el número 1 de Google con nuestros servicios.,1
¿Me confirmas si el restaurante tiene opciones vegetarianas para la cena?,0
¿Buscas pareja? Hay 5 personas cerca de ti queriendo conocerte en bit.ly/secure-auth,1
Se ha realizado una compra de 5.000 en El Corte Inglés con su tarjeta. ¿No fue usted?,1
Oportunidad única: Invierte en Bitcoin y multiplica tu capital hoy mismo.,1
Te envié las fotos que me pediste aquí: bit.ly/secure-auth (Contenido solo para adultos),1
La presentación del proyecto Sigma ha sido pospuesta para la semana que viene.,0
Te adjunto el plano de la nueva oficina. Mi mesa es la del rincón.,0
¿Me podrías pasar el contacto de Laura? Necesito consultarle una duda técnica.,0
Recibe 15.000 euros por abrir una cuenta en nuestro nuevo banco digital.,1
Recibe 2.500 euros por abrir una cuenta en nuestro nuevo banco digital.,1
Hola equipo; les comparto el acta de la reunión de hoy. Saludos.,0
Tu paquete de El Corte Inglés está retenido. Paga las tasas de aduana aquí: premios-ya.org/click,1
Hola Lucía; ¿confirmamos la reunión para el próximo miércoles a las 12:45?,0
¿A qué hora pasa el autobús para ir al centro comercial?,0
¡Felicidades! Fuiste seleccionado para un sorteo de un iPhone 15 Pro Max.,1
Tu reserva de hotel en Perú ha sido confirmada con éxito.,0
Trabajo de medio tiempo para Amazon. Gana hasta 15.000 al día.,1
Tu pedido de comida a domicilio llegará en unos 15 minutos. ¡Que aproveche!,0
Te envío la presentación para que le eches un vistazo antes de mañana.,0
Felicidades; eres el visitante número un millón. Reclama tu premio aquí.,1
Reclama tu tarjeta regalo de IKEA de 500 euros antes de que caduque.,1
¿Podrías revisar el texto que te envié por correo antes de mandarlo al cliente?,0
Gana 5.000 extra al mes vendiendo productos de belleza desde tu móvil.,1
Tu reserva de hotel en Colombia ha sido confirmada con éxito.,0
¿Me confirmas tu dirección actual para enviarte la invitación por correo?,0
Confirmación de transferencia de 15.000 pendiente. Ver detalles: bit.ly/secure-auth,1
Gana dinero compartiendo enlaces en tus redes sociales. Es gratis.,1
Consigue el carnet de conducir sin examen práctico. Escríbenos ya.,1
Recordatorio: Tienes una clase particular de música el martes a las 12:45.,0
Gracias por tu compra en IKEA. Tu pedido #30503 ya está de camino.,0
Tu paquete de Correos está listo para entrega pero faltan datos. Pulsa t.co/promo,1
¿Buscas pareja? Hay 5 personas cerca de ti queriendo conocerte en bit.ly/secure-auth,1
Consigue el carnet de conducir sin examen práctico. Escríbenos ya.,1
El gimnasio me ha avisado de que mañana abren en horario especial.,0
¡Alerta! Alguien ha intentado cambiar la contraseña de su cuenta de iCloud.,1
¿A qué hora pasa el autobús para ir al centro comercial?,0
Su ID de Apple ha sido bloqueado por razones de seguridad. Desbloquee en seguridad-banca.com,1
Hola equipo; el café de la cocina se ha terminado. ¿Alguien puede comprar?,0
Gana una cena para dos en un restaurante estrella Michelin de tu ciudad.,1
¿A qué hora quedamos mañana para ir a la universidad?,0
¡URGENTE! Tu cuenta de Santander ha sido bloqueada. Reactiva aquí: premios-ya.org/click,1
Aumenta tus seguidores en redes sociales de forma orgánica y rápida con t.co/promo,1
Gana una beca completa para estudiar en el extranjero. Pulsa aquí: premios-ya.org/click,1
Te envío el menú para la boda de mi hermana. Elige un plato principal.,0
Trabajo de medio tiempo para Amazon. Gana hasta 5.000 al día.,1
Consiga el nuevo perfume de Dior totalmente gratis participando en verificar-cuenta.net,1
He encontrado las llaves que habías perdido. Las tengo yo en casa.,0
¿Te apetece ir a correr un rato por el parque esta tarde?,0
La entrega de premios será en el auditorio el lunes por la tarde.,0
Tu cita para la revisión del gas es el próximo jueves por la mañana.,0
Gracias por contactar con nuestro servicio de atención al cliente. Su ticket es #62404.,0
El equipo de IT estará haciendo mantenimiento del servidor este jueves de madrugada.,0
Confirmación de suscripción: Bienvenido al boletín de noticias de Amazon.,0
Vea quién está espiando su perfil de Facebook entrando en seguridad-banca.com,1
Te adjunto el plano de la nueva oficina. Mi mesa es la del rincón.,0
Tu crédito de Google Ads está listo para ser usado. Actívalo en t.co/promo,1
He reservado las entradas para el cine del domingo. Nos vemos allí.,0
Tu cita para renovar el DNI es el miércoles a las 15:00 en la comisaría.,0
Última oportunidad para conseguir el curso de trading con un 80% de descuento.,1
Invierta en oro y plata de forma segura con nuestra plataforma en premios-ya.org/click,1
Tu cuenta de Netflix será suspendida. Por favor actualiza tus datos de pago.,1
Confirmación de envío: Su paquete de Amazon llegará mañana entre las 9 y las 14h.,0
Hola equipo; les comparto el acta de la reunión de hoy. Saludos.,0
¿Quieres que compremos algo para cenar o prefieres salir fuera?,0
Mejora tu historial crediticio con nuestro método legal y rápido.,1
Consiga el nuevo perfume de Dior totalmente gratis participando en t.co/promo,1
¿Me podrías ayudar a configurar el nuevo router este fin de semana?,0
¿Quedamos en la puerta del metro a las 16:15 para ir al concierto?,0
Compra seguidores reales para TikTok e Instagram al mejor precio en seguridad-banca.com,1
Tu reserva de hotel en Argentina ha sido confirmada con éxito.,0
Tu cuenta de Netflix será suspendida. Por favor actualiza tus datos de pago.,1
Consiga una suscripción de por vida a Netflix por un pago único de 10€.,1
He visto un piso que te podría gustar. Te paso el enlace por aquí.,0
Te adjunto el plano de la nueva oficina. Mi mesa es la del rincón.,0
El profesor ha subido una nueva nota al portal de la universidad.,0
Confirmación de transferencia de 1.200 pendiente. Ver detalles: bit.ly/secure-auth,1
Consiga la sonrisa perfecta con nuestros implantes dentales a mitad de precio.,1
Se ha detectado un inicio de sesión sospechoso en su cuenta de Santander.,1
Gracias por contactar con nuestro servicio de atención al cliente. Su ticket es #36522.,0
¿Quieres que compremos algo para cenar o prefieres salir fuera?,0
Su cuenta de PayPal ha sido restringida. Verifique su identidad aquí: premios-ya.org/click,1
Confirmación de vuelo: Tu check-in para el viaje a Chile ya está abierto.,0
Tu cuenta de Disney+ se renovará automáticamente al precio completo. Cancela.,1
Trabaje como probador de productos electrónicos para grandes marcas.,1
El equipo de IT estará haciendo mantenimiento del servidor este próximo lunes de madrugada.,0
Tu paquete de Correos está listo para entrega pero faltan datos. Pulsa bit.ly/secure-auth,1
Compra seguidores reales para TikTok e Instagram al mejor precio en verificar-cuenta.net,1
Tu cuenta de Disney+ se renovará automáticamente al precio completo. Cancela.,1
¡Alerta! Alguien ha intentado cambiar la contraseña de su cuenta de Prime Video.,1
Recordatorio: Mañana es el último día para entregar el informe trimestral.,0
Consigue licencias de Windows y Office por menos de 5 euros en shrt.url/xyz,1
¿Podrías revisar el texto que te envié por correo antes de mandarlo al cliente?,0
Tu recibo del alquiler de este mes ya ha sido procesado por el banco.,0
Te envío el menú para la boda de mi hermana. Elige un plato principal.,0
¡Bomba! La noticia que CaixaBank no quiere que sepas sobre cómo ahorrar.,1
Tu recibo del alquiler de este mes ya ha sido procesado por el banco.,0
Oferta de préstamo personal sin intereses para nuevos clientes en bit.ly/secure-auth,1
Recordatorio: Tienes una clase particular de música el martes a las 13:15.,0
Tu pedido de Decathlon ha sido cancelado. Solicita el reembolso en t.co/promo,1
¿Me confirmas si el restaurante tiene opciones vegetarianas para la cena?,0
Gana una beca completa para estudiar en el extranjero. Pulsa aquí: premios-ya.org/click,1
Hola Javier; ¿confirmamos la reunión para el próximo viernes a las 9:15?,0
¿Vienes a la cena de cumpleaños de Carmen este viernes? Confírmame por favor.,0
Descarga la nueva actualización crítica de seguridad para tu PC en t.co/promo,1
Recibe 500 euros por abrir una cuenta en nuestro nuevo banco digital.,1
¿Me puedes decir qué tal te fue en la entrevista de trabajo de ayer?,0
Descubra el secreto para ganar la lotería nacional cada semana.,1
Invierta en propiedades inmobiliarias desde solo 100 euros con crowdfunding.,1
Su reembolso de impuestos de 5.000 está listo. Confirme su cuenta: premios-ya.org/click,1
Confirmación de cancelación: Tu suscripción a HBO Max ha finalizado.,0
Mejora tu historial crediticio con nuestro método legal y rápido.,1
Su dirección IP está siendo utilizada para actividades ilegales. Protéjase.,1
Su cuenta de PayPal ha sido restringida. Verifique su identidad aquí: t.co/promo,1
El pedido de papelería para la oficina ya ha llegado. Está en recepción.,0
Te envío el menú para la boda de mi hermana. Elige un plato principal.,0
Confirmación de tu reserva en el restaurante para el martes a las 19:00.,0
Hola equipo; les comparto el acta de la reunión de hoy. Saludos.,0
Consigue licencias de Windows y Office por menos de 5 euros en seguridad-banca.com,1
Tu pedido de Amazon ya está disponible para recoger en la tienda física.,0
¿Me podrías ayudar a configurar el nuevo router este fin de semana?,0
Acceda a la preventa exclusiva de la nueva moneda Bitcoin solo por invitación.,1
Hola; te escribo para agradecerte la ayuda con la mudanza del otro día.,0
Su préstamo ha sido aprobado. Reciba el dinero en menos de 10 minutos.,1
Tu cuenta de Disney+ se renovará automáticamente al precio completo. Cancela.,1
Felicidades; eres el visitante número un millón. Reclama tu premio aquí.,1
Su préstamo ha sido aprobado. Reciba el dinero en menos de 10 minutos.,1
Trabaje como probador de productos electrónicos para grandes marcas.,1
Hola María; ¿te llegó el correo con los detalles del proyecto Alpha?,0
Hola Elena; te envío los apuntes que me pediste de la clase de ayer.,0
Obtenga un cupón de 50€ para gastar en Amazon por su fidelidad.,1
Recibe una tarjeta de combustible de 100€ por ser cliente de Abanca.,1
Te envío la lista de reproducción para la fiesta del sábado. ¿Te gusta?,0
Aviso de embargo: Tienes una deuda pendiente con Bankinter. Paga ahora: seguridad-banca.com,1
Trabaje como probador de productos electrónicos para grandes marcas.,1
Participa en el sorteo de un crucero por el Mediterráneo para dos personas.,1
Tu factura de Prime Video de este mes ya está disponible para descargar.,0
Te adjunto la factura de la comida de empresa para que la pases a contabilidad.,0
Hola; ¿sabes dónde puedo encontrar el archivo de los clientes antiguos?,0
¿Me confirmas tu dirección actual para enviarte la invitación por correo?,0
¿Quedamos en la puerta del metro a las 14:30 para ir al concierto?,0
¿Tienes un momento para una llamada rápida? Es sobre el tema de Ventas 2024.,0
Adjunto el informe de gastos del viaje a México para su revisión.,0
Reclama tus tokens gratuitos de Bitcoin conectando tu wallet en seguridad-banca.com,1
Reciba muestras gratuitas de productos El Corte Inglés en su domicilio hoy mismo.,1
Gana 5.000 extra al mes vendiendo productos de belleza desde tu móvil.,1
Su dirección IP está siendo utilizada para actividades ilegales. Protéjase.,1
La reunión de padres de alumnos será en el aula magna el jueves a las 20:45.,0
Gana dinero probando videojuegos desde casa. Regístrate en bit.ly/secure-auth,1
Tu factura de Spotify de este mes ya está disponible para descargar.,0
Tu pedido de comida a domicilio llegará en unos 15 minutos. ¡Que aproveche!,0
Gana dinero probando videojuegos desde casa. Regístrate en verificar-cuenta.net,1
¿Quedamos en la puerta del metro a las 15:45 para ir al concierto?,0
Gana dinero probando videojuegos desde casa. Regístrate en seguridad-banca.com,1
La reunión con los inversores ha ido muy bien. Luego te cuento los detalles.,0
Hola; soy una joven que busca amistad. Escríbeme a mi Telegram: @user_hot,1
Tu pedido de AliExpress ha sido cancelado. Solicita el reembolso en seguridad-banca.com,1
Hola mamá; ya hemos llegado al hotel. Todo está perfecto. Besos.,0
Participa en el sorteo de un crucero por el Mediterráneo para dos personas.,1
He reservado las entradas para el cine del domingo. Nos vemos allí.,0
Urgente: Alerta de virus detectada en su navegador. Limpie su sistema en shrt.url/xyz,1
Recibe una tarjeta de combustible de 100€ por ser cliente de Bankinter.,1
Su préstamo de 5.000 ha sido pre-aprobado. Solicítelo ya en bit.ly/secure-auth,1
Gracias por participar en nuestro evento. Aquí tienes el certificado de asistencia.,0
Adjunto el documento con los cambios que sugeriste en la última reunión.,0
¿A qué hora pasa el autobús para ir al centro comercial?,0
¡Bomba! La noticia que BBVA no quiere que sepas sobre cómo ahorrar.,1
Se ha realizado una compra de 45.000 en Zara con su tarjeta. ¿No fue usted?,1
Recordatorio de pago: Tu recibo de autónomos se cargará el próximo martes.,0
Su dirección IP está siendo utilizada para actividades ilegales. Protéjase.,1
Te envío el código de acceso para entrar en el edificio esta tarde.,0
Descarga la nueva actualización crítica de seguridad para tu PC en bit.ly/secure-auth,1
Recordatorio: Mañana es el último día para entregar el informe trimestral.,0
Tu cuenta de Disney+ se renovará automáticamente al precio completo. Cancela.,1
Hola; ¿me podrías decir qué deberes tienen los niños para mañana?,0
Tu crédito de Google Ads está listo para ser usado. Actívalo en seguridad-banca.com,1
Participa en el sorteo de un crucero por el Mediterráneo para dos personas.,1
Recordatorio: Mañana es el último día para entregar el informe trimestral.,0
Usted tiene una herencia sin reclamar de un pariente en Perú.,1
Hola mamá; ya hemos llegado al hotel. Todo está perfecto. Besos.,0
¿A qué hora quedamos mañana para ir a la universidad?,0
Te mando el presupuesto para la reforma del baño. Avísame si tienes dudas.,0
Te han dejado un mensaje de voz importante. Escúchalo aquí: bit.ly/secure-auth,1
Confirmación de transferencia de 45.000 pendiente. Ver detalles: bit.ly/secure-auth,1
¿Quedamos en la puerta del metro a las 19:30 para ir al concierto?,0
Tu cuenta de Amazon Prime ha sido bloqueada temporalmente. Verifica en shrt.url/xyz,1
Invierta en el nuevo mercado de Bitcoin antes de que suba de precio.,1
Te adjunto mi CV actualizado por si te enteras de alguna vacante.,0
¿A qué hora pasa el autobús para ir al centro comercial?,0
Su acceso a la plataforma de inversión ha sido bloqueado por seguridad.,1
¡URGENTE! Tu cuenta de CaixaBank ha sido bloqueada. Reactiva aquí: seguridad-banca.com,1
Compra seguidores reales para TikTok e Instagram al mejor precio en t.co/promo,1
Adjunto el documento con los cambios que sugeriste en la última reunión.,0
Atención: Su cuenta de correo será eliminada si no confirma sus datos en seguridad-banca.com,1
Gana una beca completa para estudiar en el extranjero. Pulsa aquí: seguridad-banca.com,1
¡Alerta! Alguien ha intentado cambiar la contraseña de su cuenta de Disney+.,1
¡Alerta! Alguien ha intentado cambiar la contraseña de su cuenta de Netflix.,1
Su reembolso de impuestos de 45.000 está listo. Confirme su cuenta: bit.ly/secure-auth,1
Invierta en acciones de Tesla y gane dividendos mensuales garantizados.,1
Tu mascota puede ser la imagen de nuestra nueva campaña de Zara.,1
Adjunto el informe de gastos del viaje a España para su revisión.,0
La clase de inglés se ha cancelado por enfermedad del profesor.,0
Hola; ¿sabes dónde puedo encontrar el archivo de los clientes antiguos?,0
El pedido de papelería para la oficina ya ha llegado. Está en recepción.,0
Ahorra hasta un 70% en tu factura de la luz con estos nuevos paneles solares.,1
Hola Javier; ¿sabes a qué hora abre la biblioteca hoy?,0
Últimos días para aprovechar las rebajas de verano en relojes de lujo.,1
Gana una beca completa para estudiar en el extranjero. Pulsa aquí: bit.ly/secure-auth,1
Gana un viaje todo incluido a Perú respondiendo esta encuesta de 1 minuto.,1
¿Quedamos en la puerta del metro a las 14:45 para ir al concierto?,0
¿Me podrías pasar el contacto de Laura? Necesito consultarle una duda técnica.,0
Trabaje como probador de productos electrónicos para grandes marcas.,1
Recordatorio: Mañana es el último día para entregar el informe trimestral.,0
Te adjunto el ticket de compra por si tienes que cambiar algo en la tienda.,0
Tu recibo del alquiler de este mes ya ha sido procesado por el banco.,0
Te adjunto la factura de la comida de empresa para que la pases a contabilidad.,0
Has sido mencionado en una publicación. Haz clic para ver el comentario.,1
Trabaje como probador de productos electrónicos para grandes marcas.,1
Hola Ana; te comparto las fotos del viaje. ¡Lo pasamos genial!,0
Confirmación de transferencia de 500 pendiente. Ver detalles: verificar-cuenta.net,1
Invierta en propiedades inmobiliarias desde solo 100 euros con crowdfunding.,1
Tu coche ya está reparado. Puedes pasar a recogerlo por el taller esta tarde.,0
Consiga una suscripción de por vida a Netflix por un pago único de 10€.,1
Consigue el carnet de conducir sin examen práctico. Escríbenos ya.,1
Su paquete ha sido entregado en un punto de recogida. Ver dirección: t.co/promo,1
¿Podemos mover la reunión de las 13:00 a una hora más tarde?,0
Atención cliente: Su clave de acceso caduca en 24 horas. Cámbiela en verificar-cuenta.net,1
Descubra el secreto para ganar la lotería nacional cada semana.,1
Te envío la lista de reproducción para la fiesta del sábado. ¿Te gusta?,0
Gracias por participar en nuestro evento. Aquí tienes el certificado de asistencia.,0
Hola Ana; ¿has podido revisar el presupuesto que te mandé?,0
Trabaje como probador de productos electrónicos para grandes marcas.,1
Te adjunto el manual de usuario del nuevo software que vamos a implementar.,0
El equipo de IT estará haciendo mantenimiento del servidor este jueves de madrugada.,0
Hola; te mando la lista de la compra para que no se nos olvide nada.,0
Hola Pedro; ¿sabes a qué hora abre la biblioteca hoy?,0
Ahorra hasta un 70% en tu factura de la luz con estos nuevos paneles solares.,1
Hola; te mando el contacto del fontanero que vino a mi casa; es muy bueno.,0
Te adjunto mi CV actualizado por si te enteras de alguna vacante.,0
Te envío el código de acceso para entrar en el edificio esta tarde.,0
¿Podemos mover la reunión de las 13:30 a una hora más tarde?,0
Tu pedido de IKEA ha sido cancelado. Solicita el reembolso en seguridad-banca.com,1
Gana dinero enviando correos electrónicos desde casa. Método probado.,1
Hola; te mando el contacto del fontanero que vino a mi casa; es muy bueno.,0
Haz que tu web aparezca en el número 1 de Google con nuestros servicios.,1
La conferencia de tecnología empieza a las 10:00 en el pabellón 4.,0
Tu paquete de Correos está listo para entrega pero faltan datos. Pulsa verificar-cuenta.net,1
¡URGENTE! Tu cuenta de Banco Sabadell ha sido bloqueada. Reactiva aquí: t.co/promo,1
¿Tienes un momento para una llamada rápida? Es sobre el tema de Alpha.,0
Vea quién está espiando su perfil de Facebook entrando en premios-ya.org/click,1
Gracias por participar en nuestro evento. Aquí tienes el certificado de asistencia.,0
Su reembolso de impuestos de 100 está listo. Confirme su cuenta: t.co/promo,1
Hola; te escribo para confirmarte que ya he recibido el pago. Gracias.,0
Te han enviado un archivo confidencial por WeTransfer. Descarga en verificar-cuenta.net,1
Gana una tarjeta regalo de IKEA de 200 euros completando este test.,1
Acceda a la preventa exclusiva de la nueva moneda Bitcoin solo por invitación.,1
Te adjunto el contrato firmado para que podamos proceder con el alta.,0
Invierta en el nuevo mercado de Bitcoin antes de que suba de precio.,1
¿Me puedes decir qué tal te fue en la entrevista de trabajo de ayer?,0
Obtenga un cupón de 50€ para gastar en Amazon por su fidelidad.,1
Gana una cena para dos en un restaurante estrella Michelin de tu ciudad.,1
Tu pedido de Amazon ya está disponible para recoger en la tienda física.,0
Su dirección IP está siendo utilizada para actividades ilegales. Protéjase.,1
¿Me podrías ayudar a configurar el nuevo router este fin de semana?,0
Tu coche ya está reparado. Puedes pasar a recogerlo por el taller esta tarde.,0
Has ganado un premio de 5.000 euros en la lotería de Argentina. Contacta a admin@verificar-datos.com.,1
Has sido mencionado en una publicación. Haz clic para ver el comentario.,1
¿Quieres perder peso rápido? Prueba nuestras pastillas milagrosas en t.co/promo,1
Confirmación de tu reserva en el restaurante para el martes a las 11:30.,0
Acceda a la preventa exclusiva de la nueva moneda Bitcoin solo por invitación.,1
Ayuda humanitaria: Donación de 2.500 euros a su nombre. Responda a este mail.,1
Gana dinero compartiendo enlaces en tus redes sociales. Es gratis.,1
Recordatorio de cita: Peluquería el martes a las 10:15.,0
Hola jefe; ya he terminado las tareas que me encargó esta mañana.,0
Gana dinero enviando correos electrónicos desde casa. Método probado.,1
¿Me podrías pasar el contacto de Laura? Necesito consultarle una duda técnica.,0
¿Me confirmas si recibiste el paquete que te envié la semana pasada?,0
Tu factura de Netflix está vencida. Evita el corte del servicio aquí: bit.ly/secure-auth,1
¿Me podrías prestar el libro que me comentaste el otro día?,0
Recibe 2.500 euros por abrir una cuenta en nuestro nuevo banco digital.,1
Descarga la nueva actualización crítica de seguridad para tu PC en shrt.url/xyz,1
Hola; te escribo desde el soporte técnico para resolver tu incidencia.,0
Haz que tu web aparezca en el número 1 de Google con nuestros servicios.,1
Su préstamo de 15.000 ha sido pre-aprobado. Solicítelo ya en premios-ya.org/click,1
Reciba muestras gratuitas de productos IKEA en su domicilio hoy mismo.,1
Tu suscripción a iCloud ha fallado. Actualiza tu método de pago: verificar-cuenta.net,1
Te han dejado un mensaje de voz importante. Escúchalo aquí: seguridad-banca.com,1
Te adjunto el plano de la nueva oficina. Mi mesa es la del rincón.,0
Adjunto el documento con los cambios que sugeriste en la última reunión.,0
Invierta en el nuevo mercado de Bitcoin antes de que suba de precio.,1
Su paquete ha sido entregado en un punto de recogida. Ver dirección: shrt.url/xyz,1
Gana dinero enviando correos electrónicos desde casa. Método probado.,1
Hola jefe; ya he terminado las tareas que me encargó esta mañana.,0
Hola equipo; les comparto el acta de la reunión de hoy. Saludos.,0
Tu cuenta de Amazon Prime ha sido bloqueada temporalmente. Verifica en verificar-cuenta.net,1
Su ID de Apple ha sido bloqueado por razones de seguridad. Desbloquee en verificar-cuenta.net,1
Su acceso a la banca online de Banco Sabadell ha sido deshabilitado. Entre en premios-ya.org/click,1
Hola; te mando la lista de la compra para que no se nos olvide nada.,0
Te envío el enlace de Zoom para la clase de yoga de mañana.,0
¿Buscas pareja? Hay 5 personas cerca de ti queriendo conocerte en t.co/promo,1
Adjunto el itinerario de nuestro viaje a España. ¡Qué ganas de ir!,0
Tu crédito de Google Ads está listo para ser usado. Actívalo en shrt.url/xyz,1
Te mando el presupuesto para la reforma del baño. Avísame si tienes dudas.,0
Oferta de préstamo personal sin intereses para nuevos clientes en premios-ya.org/click,1
Nuevo mensaje de tu banco: Tienes un aviso importante en tu buzón virtual.,1
Atención: Se ha detectado un virus en su dispositivo móvil. Instale bit.ly/secure-auth,1
Oferta de empleo: Buscamos asistente remoto. Sueldo de 500 semanales.,1
Reclama tus tokens gratuitos de Bitcoin conectando tu wallet en t.co/promo,1
La entrega de premios será en el auditorio el viernes por la tarde.,0
¿Te apetece ir a correr un rato por el parque esta tarde?,0
¿Quedamos en la puerta del metro a las 15:30 para ir al concierto?,0
Hola; te escribo para confirmarte que ya he recibido el pago. Gracias.,0
Hola Javier; ¿puedes traer el cargador del portátil mañana a la oficina?,0
Adjunto el informe de gastos del viaje a Argentina para su revisión.,0
Su cuenta ha sido seleccionada para una auditoría de seguridad. Pulse aquí.,1
Confirmación de transferencia de 45.000 pendiente. Ver detalles: premios-ya.org/click,1
Su dirección IP está siendo utilizada para actividades ilegales. Protéjase.,1
Atención: Su cuenta de correo será eliminada si no confirma sus datos en seguridad-banca.com,1
Hola; soy una joven que busca amistad. Escríbeme a mi Telegram: @user_hot,1
Tu pedido de comida a domicilio llegará en unos 15 minutos. ¡Que aproveche!,0
Tu coche tiene una multa de tráfico pendiente de pago. Ver imagen: shrt.url/xyz,1
Ahorra hasta un 70% en tu factura de la luz con estos nuevos paneles solares.,1
Tu cuenta de Amazon Prime ha sido bloqueada temporalmente. Verifica en premios-ya.org/click,1
Invierta en propiedades inmobiliarias desde solo 100 euros con crowdfunding.,1
Descubra el secreto para ganar la lotería nacional cada semana.,1
Felicidades; eres el visitante número un millón. Reclama tu premio aquí.,1
Oportunidad única: Invierte en Bitcoin y multiplica tu capital hoy mismo.,1
Te adjunto mi CV actualizado por si te enteras de alguna vacante.,0
El pedido de papelería para la oficina ya ha llegado. Está en recepción.,0
Su acceso a la banca online de CaixaBank ha sido deshabilitado. Entre en verificar-cuenta.net,1
Invierta en propiedades inmobiliarias desde solo 100 euros con crowdfunding.,1
Trabaje como probador de productos electrónicos para grandes marcas.,1
Tu pedido de Mercado Libre ya está disponible para recoger en la tienda física.,0
Te han enviado un archivo confidencial por WeTransfer. Descarga en seguridad-banca.com,1
Gracias por tu compra en IKEA. Tu pedido #73820 ya está de camino.,0
Gana una beca completa para estudiar en el extranjero. Pulsa aquí: premios-ya.org/click,1
Su dirección IP está siendo utilizada para actividades ilegales. Protéjase.,1
Te adjunto mi CV actualizado por si te enteras de alguna vacante.,0
Únete a nuestra red de inversores VIP y recibe señales de trading diarias.,1
¿Quieres que compremos algo para cenar o prefieres salir fuera?,0
Tu pedido de AliExpress ha sido cancelado. Solicita el reembolso en bit.ly/secure-auth,1
Descarga la nueva actualización crítica de seguridad para tu PC en t.co/promo,1
Tu seguro de coche está a punto de vencer. Compara y ahorra con nosotros.,1
Hola; te escribo para agradecerte la ayuda con la mudanza del otro día.,0
Atención: Se ha detectado un virus en su dispositivo móvil. Instale seguridad-banca.com,1
¡Bingo! Tienes un bono de bienvenida de 15.000 para jugar en el casino online.,1
Su reembolso de impuestos de 5.000 está listo. Confirme su cuenta: t.co/promo,1
Últimos días para aprovechar las rebajas de verano en relojes de lujo.,1
¡URGENTE! Tu cuenta de Santander ha sido bloqueada. Reactiva aquí: verificar-cuenta.net,1
Consigue el carnet de conducir sin examen práctico. Escríbenos ya.,1
Su dirección IP está siendo utilizada para actividades ilegales. Protéjase.,1
Confirmación de tu reserva en el restaurante para el viernes a las 12:00.,0
Reclama tus tokens gratuitos de Bitcoin conectando tu wallet en premios-ya.org/click,1
Felicidades; eres el visitante número un millón. Reclama tu premio aquí.,1
Participa en el sorteo de un crucero por el Mediterráneo para dos personas.,1
La conferencia de tecnología empieza a las 10:00 en el pabellón 4.,0
Hola; te escribo desde el soporte técnico para resolver tu incidencia.,0
Gracias por participar en nuestro evento. Aquí tienes el certificado de asistencia.,0
Compra seguidores reales para TikTok e Instagram al mejor precio en shrt.url/xyz,1
¿Te apetece ir a correr un rato por el parque esta tarde?,0
Gana un viaje todo incluido a España respondiendo esta encuesta de 1 minuto.,1
Tu cuenta de Netflix será suspendida. Por favor actualiza tus datos de pago.,1
¿Te apetece ir a correr un rato por el parque esta tarde?,0
Adjunto el documento con los cambios que sugeriste en la última reunión.,0
La reunión de padres de alumnos será en el aula magna el viernes a las 12:45.,0
Tu cita para la revisión del gas es el próximo jueves por la mañana.,0
Hola; ¿sabes dónde puedo encontrar el archivo de los clientes antiguos?,0
Tu factura de iCloud está vencida. Evita el corte del servicio aquí: t.co/promo,1
Solicitud de amistad pendiente de una persona que conoces en verificar-cuenta.net,1
He reservado las entradas para el cine del domingo. Nos vemos allí.,0
Gracias por tu compra en Zara. Tu pedido #27202 ya está de camino.,0
Te mando el presupuesto para la reforma del baño. Avísame si tienes dudas.,0
Su préstamo de 15.000 ha sido pre-aprobado. Solicítelo ya en verificar-cuenta.net,1
Gana una cena para dos en un restaurante estrella Michelin de tu ciudad.,1
Tu coche ya está reparado. Puedes pasar a recogerlo por el taller esta tarde.,0
Tu factura de HBO Max de este mes ya está disponible para descargar.,0
Su dirección IP está siendo utilizada para actividades ilegales. Protéjase.,1
Felicidades Carlos; has sido preseleccionado para el reality show de moda.,1
Confirmación de suscripción: Bienvenido al boletín de noticias de Amazon.,0
Tu cita para la revisión del gas es el próximo próximo lunes por la mañana.,0
Tu cuenta de Amazon Prime ha sido bloqueada temporalmente. Verifica en seguridad-banca.com,1
Te han dejado un mensaje de voz importante. Escúchalo aquí: verificar-cuenta.net,1
Adjunto el informe de gastos del viaje a Perú para su revisión.,0
Oportunidad única: Invierte en Bitcoin y multiplica tu capital hoy mismo.,1
Recordatorio: Tienes una clase particular de música el martes a las 10:30.,0
¿Me podrías prestar el libro que me comentaste el otro día?,0
Hola jefe; ya he terminado las tareas que me encargó esta mañana.,0
¿Me confirmas si el restaurante tiene opciones vegetarianas para la cena?,0
Te envío el documento de Word con mis comentarios en control de cambios.,0
Oferta de empleo: Buscamos asistente remoto. Sueldo de 100 semanales.,1
Consigue el nuevo Samsung Galaxy S24 Ultra por solo 1 euro participando aquí.,1
Tu seguro de coche está a punto de vencer. Compara y ahorra con nosotros.,1
El gimnasio me ha avisado de que mañana abren en horario especial.,0
Tu reserva de hotel en México ha sido confirmada con éxito.,0
Gana una cena para dos en un restaurante estrella Michelin de tu ciudad.,1
Hola; te mando el contacto del fontanero que vino a mi casa; es muy bueno.,0
¡URGENTE! Tu cuenta de Unicaja ha sido bloqueada. Reactiva aquí: seguridad-banca.com,1
El gimnasio me ha avisado de que mañana abren en horario especial.,0
Su ID de Apple ha sido bloqueado por razones de seguridad. Desbloquee en shrt.url/xyz,1
La presentación del proyecto Ventas 2024 ha sido pospuesta para la semana que viene.,0
Adjunto el informe de gastos del viaje a Argentina para su revisión.,0
¡Alerta! Alguien ha intentado cambiar la contraseña de su cuenta de Disney+.,1
Usted tiene una herencia sin reclamar de un pariente en México.,1
Te envío el menú para la boda de mi hermana. Elige un plato principal.,0
La presentación del proyecto Sigma ha sido pospuesta para la semana que viene.,0
La reunión de padres de alumnos será en el aula magna el miércoles a las 18:00.,0
Atención: Se ha detectado un virus en su dispositivo móvil. Instale premios-ya.org/click,1
Te envío la captura de pantalla con el error que me sale en la web.,0
Te envío el menú para la boda de mi hermana. Elige un plato principal.,0
La entrega de premios será en el auditorio el viernes por la tarde.,0
Te envío el menú para la boda de mi hermana. Elige un plato principal.,0
Te envié las fotos que me pediste aquí: verificar-cuenta.net (Contenido solo para adultos),1
Hola; te escribo para agradecerte la ayuda con la mudanza del otro día.,0
Gana un viaje todo incluido a México respondiendo esta encuesta de 1 minuto.,1
Tu pedido de AliExpress ya está disponible para recoger en la tienda física.,0
Consigue el nuevo Samsung Galaxy S24 Ultra por solo 1 euro participando aquí.,1
Tu cita para renovar el DNI es el próximo lunes a las 19:00 en la comisaría.,0
El equipo de IT estará haciendo mantenimiento del servidor este miércoles de madrugada.,0
Usted tiene una herencia sin reclamar de un pariente en Colombia.,1
El profesor ha subido una nueva nota al portal de la universidad.,0
Hackers tienen tus videos privados. Paga en Bitcoin para evitar que se publiquen.,1
Gracias por participar en nuestro evento. Aquí tienes el certificado de asistencia.,0
Tu recibo del alquiler de este mes ya ha sido procesado por el banco.,0
Gana dinero desde casa trabajando solo 2 horas al día. Detalles en bit.ly/secure-auth,1
Te adjunto el contrato firmado para que podamos proceder con el alta.,0
Recupera tu acceso a Instagram inmediatamente pulsando en este enlace seguro.,1
Únete a nuestra red de inversores VIP y recibe señales de trading diarias.,1
Gracias por tu compra en Decathlon. Tu pedido #70997 ya está de camino.,0
Gracias por contactar con nuestro servicio de atención al cliente. Su ticket es #23861.,0
Nuevo mensaje de tu banco: Tienes un aviso importante en tu buzón virtual.,1
Confirmación de cancelación: Tu suscripción a HBO Max ha finalizado.,0
He visto un piso que te podría gustar. Te paso el enlace por aquí.,0
Has ganado un premio de 1.200 euros en la lotería de Argentina. Contacta a admin@verificar-datos.com.,1
¡Bomba! La noticia que Banco Sabadell no quiere que sepas sobre cómo ahorrar.,1
He encontrado las llaves que habías perdido. Las tengo yo en casa.,0
Su reembolso de impuestos de 1.200 está listo. Confirme su cuenta: bit.ly/secure-auth,1
¿Buscas pareja? Hay 5 personas cerca de ti queriendo conocerte en verificar-cuenta.net,1
Consiga la sonrisa perfecta con nuestros implantes dentales a mitad de precio.,1
Hola; te escribo desde el soporte técnico para resolver tu incidencia.,0
Tu cita para renovar el DNI es el martes a las 11:30 en la comisaría.,0
Adjunto el informe de gastos del viaje a Chile para su revisión.,0
La entrega de premios será en el auditorio el lunes por la tarde.,0
Te adjunto el manual de usuario del nuevo software que vamos a implementar.,0
Ahorra hasta un 70% en tu factura de la luz con estos nuevos paneles solares.,1
Hola María; te envío los apuntes que me pediste de la clase de ayer.,0
¿Podrías revisar el texto que te envié por correo antes de mandarlo al cliente?,0
Haz que tu web aparezca en el número 1 de Google con nuestros servicios.,1
Te adjunto el contrato firmado para que podamos proceder con el alta.,0
Confirmación de transferencia de 15.000 pendiente. Ver detalles: premios-ya.org/click,1
Consiga la sonrisa perfecta con nuestros implantes dentales a mitad de precio.,1
¡Felicidades! Fuiste seleccionado para un sorteo de un iPhone 15 Pro Max.,1
El profesor ha subido una nueva nota al portal de la universidad.,0
Hola Elena; ¿sabes a qué hora abre la biblioteca hoy?,0
¿Tienes un momento para una llamada rápida? Es sobre el tema de Beta.,0
Tu cuenta de Netflix será suspendida. Por favor actualiza tus datos de pago.,1
Gracias por tu compra en Zara. Tu pedido #56873 ya está de camino.,0
¿Me podrías pasar el contacto de Laura? Necesito consultarle una duda técnica.,0
Aumenta tus seguidores en redes sociales de forma orgánica y rápida con bit.ly/secure-auth,1
Tu cuenta de usuario ha sido creada correctamente. Pulsa aquí para activar.,0
¿Te apetece ir a correr un rato por el parque esta tarde?,0
Tu cita para renovar el DNI es el jueves a las 10:30 en la comisaría.,0
¡Alerta! Alguien ha intentado cambiar la contraseña de su cuenta de iCloud.,1
¿Problemas de rendimiento masculino? Tenemos la solución definitiva en shrt.url/xyz,1
El gimnasio me ha avisado de que mañana abren en horario especial.,0
Hola grupo; ¿alguien se ha dejado un paraguas azul en la oficina?,0
Hola equipo; les comparto el acta de la reunión de hoy. Saludos.,0
Descuentos del 90% en suplementos y salud. Visita nuestra farmacia en verificar-cuenta.net,1
Consigue licencias de Windows y Office por menos de 5 euros en premios-ya.org/click,1
Tu pedido de Mercado Libre ha sido cancelado. Solicita el reembolso en t.co/promo,1
¿Buscas pareja? Hay 5 personas cerca de ti queriendo conocerte en premios-ya.org/click,1
¡URGENTE! Tu cuenta de Bankinter ha sido bloqueada. Reactiva aquí: shrt.url/xyz,1
Mejora tu historial crediticio con nuestro método legal y rápido.,1
Atención: Su cuenta de correo será eliminada si no confirma sus datos en seguridad-banca.com,1
Tu mascota puede ser la imagen de nuestra nueva campaña de AliExpress.,1
Oferta de empleo: Buscamos asistente remoto. Sueldo de 15.000 semanales.,1
Descubra el secreto para ganar la lotería nacional cada semana.,1
Descuentos del 90% en suplementos y salud. Visita nuestra farmacia en bit.ly/secure-auth,1
Consigue el carnet de conducir sin examen práctico. Escríbenos ya.,1
Descubra el secreto para ganar la lotería nacional cada semana.,1
Gracias por participar en nuestro evento. Aquí tienes el certificado de asistencia.,0
Su ID de Apple ha sido bloqueado por razones de seguridad. Desbloquee en seguridad-banca.com,1
Tu reserva de hotel en España ha sido confirmada con éxito.,0
Te han enviado un archivo confidencial por WeTransfer. Descarga en seguridad-banca.com,1
Su reembolso de impuestos de 15.000 está listo. Confirme su cuenta: premios-ya.org/click,1
Descuentos del 90% en suplementos y salud. Visita nuestra farmacia en bit.ly/secure-auth,1
¿Vienes a la cena de cumpleaños de Carmen este viernes? Confírmame por favor.,0
Hola mamá; ya hemos llegado al hotel. Todo está perfecto. Besos.,0
Oportunidad única: Invierte en Bitcoin y multiplica tu capital hoy mismo.,1
Gana una beca completa para estudiar en el extranjero. Pulsa aquí: premios-ya.org/click,1
La reunión con los inversores ha ido muy bien. Luego te cuento los detalles.,0
Has sido mencionado en una publicación. Haz clic para ver el comentario.,1
Te adjunto el manual de usuario del nuevo software que vamos a implementar.,0
Atención cliente: Su clave de acceso caduca en 24 horas. Cámbiela en seguridad-banca.com,1
Haz que tu web aparezca en el número 1 de Google con nuestros servicios.,1
Descubra el secreto para ganar la lotería nacional cada semana.,1
El pedido de papelería para la oficina ya ha llegado. Está en recepción.,0
Trabajo de medio tiempo para Amazon. Gana hasta 2.500 al día.,1
Urgente: Alerta de virus detectada en su navegador. Limpie su sistema en t.co/promo,1
Gracias por participar en nuestro evento. Aquí tienes el certificado de asistencia.,0
Invierta en la industria del cannabis legal y obtenga grandes rentabilidades.,1
Únete a nuestra red de inversores VIP y recibe señales de trading diarias.,1
Se ha realizado una compra de 2.500 en IKEA con su tarjeta. ¿No fue usted?,1
Confirmación de transferencia de 500 pendiente. Ver detalles: bit.ly/secure-auth,1
Te adjunto la factura de la comida de empresa para que la pases a contabilidad.,0
Hola Pedro; te adjunto la propuesta de colaboración que hablamos.,0
Descubra el secreto para ganar la lotería nacional cada semana.,1
Usted tiene una herencia sin reclamar de un pariente en Perú.,1
Hola Carlos; ¿confirmamos la reunión para el próximo viernes a las 16:30?,0
Tu coche tiene una multa de tráfico pendiente de pago. Ver imagen: verificar-cuenta.net,1
Te envío el menú para la boda de mi hermana. Elige un plato principal.,0
Consiga el nuevo perfume de Dior totalmente gratis participando en premios-ya.org/click,1
Trabaje como probador de productos electrónicos para grandes marcas.,1
Hola Javier; espero que estés mejor de tu resfriado. Recupérate pronto.,0
Confirmación de cancelación: Tu suscripción a Disney+ ha finalizado.,0
Su ID de Apple ha sido bloqueado por razones de seguridad. Desbloquee en verificar-cuenta.net,1
Tu recibo del alquiler de este mes ya ha sido procesado por el banco.,0
Felicidades Sofía; has sido preseleccionado para el reality show de moda.,1
He reservado las entradas para el cine del domingo. Nos vemos allí.,0
Hola Pedro; ¿has podido revisar el presupuesto que te mandé?,0
Adjunto el itinerario de nuestro viaje a Perú. ¡Qué ganas de ir!,0
La reunión de padres de alumnos será en el aula magna el lunes a las 17:00.,0
Te envío el código de acceso para entrar en el edificio esta tarde.,0
Consigue el carnet de conducir sin examen práctico. Escríbenos ya.,1
¿Has recibido el enlace para la encuesta de satisfacción del curso?,0
Tu reserva de hotel en Argentina ha sido confirmada con éxito.,0
Recordatorio de pago: Tu recibo de autónomos se cargará el próximo lunes.,0
Tu suscripción a Netflix se ha renovado correctamente. Gracias por tu confianza.,0
Confirmación de transferencia de 5.000 pendiente. Ver detalles: t.co/promo,1
Vea quién está espiando su perfil de Facebook entrando en bit.ly/secure-auth,1
Recordatorio de pago: Tu recibo de autónomos se cargará el próximo martes.,0
La reunión de padres de alumnos será en el aula magna el próximo lunes a las 15:00.,0
¿Quieres que compremos algo para cenar o prefieres salir fuera?,0
Hola jefe; ya he terminado las tareas que me encargó esta mañana.,0
Te adjunto mi CV actualizado por si te enteras de alguna vacante.,0
Te envío la captura de pantalla con el error que me sale en la web.,0
Hola Pedro; ¿te llegó el correo con los detalles del proyecto Beta?,0
Hola jefe; ya he terminado las tareas que me encargó esta mañana.,0
Recordatorio: Mañana es el último día para entregar el informe trimestral.,0
Participa en el sorteo de un crucero por el Mediterráneo para dos personas.,1
¿Me confirmas si recibiste el paquete que te envié la semana pasada?,0
Reclama tu tarjeta regalo de El Corte Inglés de 500 euros antes de que caduque.,1
Hola; te escribo para decirte que al final no podré ir al cine; lo siento.,0
Hola; soy una joven que busca amistad. Escríbeme a mi Telegram: @user_hot,1
¿Buscas pareja? Hay 5 personas cerca de ti queriendo conocerte en bit.ly/secure-auth,1
Invierta en acciones de Tesla y gane dividendos mensuales garantizados.,1
Felicidades Sofía; has sido preseleccionado para el reality show de moda.,1
Adjunto el documento con los cambios que sugeriste en la última reunión.,0
La conferencia de tecnología empieza a las 10:00 en el pabellón 4.,0
Su préstamo ha sido aprobado. Reciba el dinero en menos de 10 minutos.,1
Te envío el documento de Word con mis comentarios en control de cambios.,0
¿Me confirmas tu dirección actual para enviarte la invitación por correo?,0
Oferta de empleo: Buscamos asistente remoto. Sueldo de 45.000 semanales.,1
¡Alerta! Alguien ha intentado cambiar la contraseña de su cuenta de Disney+.,1
La presentación del proyecto Marketing ha sido pospuesta para la semana que viene.,0
¿Has recibido el enlace para la encuesta de satisfacción del curso?,0
¿Me podrías pasar el contacto de Laura? Necesito consultarle una duda técnica.,0
Su cuenta de PayPal ha sido restringida. Verifique su identidad aquí: premios-ya.org/click,1
Últimos días para aprovechar las rebajas de verano en relojes de lujo.,1
El profesor ha subido una nueva nota al portal de la universidad.,0
Invierta en la industria del cannabis legal y obtenga grandes rentabilidades.,1
¿Me podrías ayudar a configurar el nuevo router este fin de semana?,0
Oferta de empleo: Buscamos asistente remoto. Sueldo de 15.000 semanales.,1
Adjunto el itinerario de nuestro viaje a Argentina. ¡Qué ganas de ir!,0
Su acceso a la plataforma de inversión ha sido bloqueado por seguridad.,1
Solicitud de amistad pendiente de una persona que conoces en seguridad-banca.com,1
Gana dinero compartiendo enlaces en tus redes sociales. Es gratis.,1
Obtenga un cupón de 50€ para gastar en El Corte Inglés por su fidelidad.,1
Gana dinero probando videojuegos desde casa. Regístrate en premios-ya.org/click,1
Recordatorio: Tienes una clase particular de música el próximo lunes a las 16:00.,0
El gimnasio me ha avisado de que mañana abren en horario especial.,0
Tu cuenta de Netflix será suspendida. Por favor actualiza tus datos de pago.,1
¿Quieres perder peso rápido? Prueba nuestras pastillas milagrosas en verificar-cuenta.net,1
Gana una cena para dos en un restaurante estrella Michelin de tu ciudad.,1
Te adjunto el contrato firmado para que podamos proceder con el alta.,0
Tu paquete de Correos está listo para entrega pero faltan datos. Pulsa verificar-cuenta.net,1
¡Bomba! La noticia que Santander no quiere que sepas sobre cómo ahorrar.,1
Compra seguidores reales para TikTok e Instagram al mejor precio en shrt.url/xyz,1
Reclama tu tarjeta regalo de AliExpress de 500 euros antes de que caduque.,1
Tu factura de HBO Max de este mes ya está disponible para descargar.,0
Has ganado un premio de 5.000 euros en la lotería de Perú. Contacta a admin@verificar-datos.com.,1
Consiga el nuevo perfume de Dior totalmente gratis participando en shrt.url/xyz,1
Te envío la presentación para que le eches un vistazo antes de mañana.,0
Hola Lucía; te adjunto la propuesta de colaboración que hablamos.,0
Gana dinero enviando correos electrónicos desde casa. Método probado.,1
Hola mamá; ya hemos llegado al hotel. Todo está perfecto. Besos.,0
Confirmación de vuelo: Tu check-in para el viaje a Chile ya está abierto.,0
Recordatorio: Mañana es el último día para entregar el informe trimestral.,0
Tu pedido de comida a domicilio llegará en unos 15 minutos. ¡Que aproveche!,0
Hola grupo; ¿alguien se ha dejado un paraguas azul en la oficina?,0
Hola Javier; ¿has podido revisar el presupuesto que te mandé?,0
¡Bingo! Tienes un bono de bienvenida de 45.000 para jugar en el casino online.,1
Te han enviado un archivo confidencial por WeTransfer. Descarga en premios-ya.org/click,1
Felicidades; eres el visitante número un millón. Reclama tu premio aquí.,1
Su cuenta de PayPal ha sido restringida. Verifique su identidad aquí: shrt.url/xyz,1
Invierta en oro y plata de forma segura con nuestra plataforma en premios-ya.org/click,1
La conferencia de tecnología empieza a las 10:00 en el pabellón 4.,0
¡Bomba! La noticia que Santander no quiere que sepas sobre cómo ahorrar.,1
Su acceso a la plataforma de inversión ha sido bloqueado por seguridad.,1
Nuevo mensaje de tu banco: Tienes un aviso importante en tu buzón virtual.,1
He encontrado las llaves que habías perdido. Las tengo yo en casa.,0
¿Buscas pareja? Hay 5 personas cerca de ti queriendo conocerte en verificar-cuenta.net,1
¿Quedamos en la puerta del metro a las 9:30 para ir al concierto?,0
Gana una beca completa para estudiar en el extranjero. Pulsa aquí: shrt.url/xyz,1
Haz que tu web aparezca en el número 1 de Google con nuestros servicios.,1
Ayuda humanitaria: Donación de 100 euros a su nombre. Responda a este mail.,1
¿Quieres que compremos algo para cenar o prefieres salir fuera?,0
Tu coche tiene una multa de tráfico pendiente de pago. Ver imagen: shrt.url/xyz,1
Gracias por participar en nuestro evento. Aquí tienes el certificado de asistencia.,0
Tu paquete de Zara está retenido. Paga las tasas de aduana aquí: premios-ya.org/click,1
Hola equipo; les comparto el acta de la reunión de hoy. Saludos.,0
Te mando el presupuesto para la reforma del baño. Avísame si tienes dudas.,0
¿Buscas pareja? Hay 5 personas cerca de ti queriendo conocerte en premios-ya.org/click,1
Tu pedido de IKEA ya está disponible para recoger en la tienda física.,0
El profesor ha subido una nueva nota al portal de la universidad.,0
¿Me confirmas si el restaurante tiene opciones vegetarianas para la cena?,0
Te adjunto el manual de usuario del nuevo software que vamos a implementar.,0
Atención: Su cuenta de correo será eliminada si no confirma sus datos en shrt.url/xyz,1
Tu suscripción a Prime Video se ha renovado correctamente. Gracias por tu confianza.,0
¿Me puedes pasar la receta de la tarta que hiciste el domingo? Estaba riquísima.,0
Tu cuenta de Netflix será suspendida. Por favor actualiza tus datos de pago.,1
Adjunto el itinerario de nuestro viaje a España. ¡Qué ganas de ir!,0
Solicitud de amistad pendiente de una persona que conoces en bit.ly/secure-auth,1
La presentación del proyecto Marketing ha sido pospuesta para la semana que viene.,0
¿Qué tal todo? Hace mucho que no hablamos; a ver si quedamos pronto para comer.,0
Gana 500 extra al mes vendiendo productos de belleza desde tu móvil.,1
Tu cuenta de usuario ha sido creada correctamente. Pulsa aquí para activar.,0
La entrega de premios será en el auditorio el próximo lunes por la tarde.,0
Oferta de empleo: Buscamos asistente remoto. Sueldo de 45.000 semanales.,1
Haz que tu web aparezca en el número 1 de Google con nuestros servicios.,1
Tu pedido de comida a domicilio llegará en unos 15 minutos. ¡Que aproveche!,0
Has ganado un premio de 500 euros en la lotería de Chile. Contacta a admin@verificar-datos.com.,1
Atención cliente: Su clave de acceso caduca en 24 horas. Cámbiela en shrt.url/xyz,1
¿Has recibido el enlace para la encuesta de satisfacción del curso?,0
¿Me confirmas si el restaurante tiene opciones vegetarianas para la cena?,0
La reunión de padres de alumnos será en el aula magna el martes a las 11:45.,0
La conferencia de tecnología empieza a las 10:00 en el pabellón 4.,0
Acceda a la preventa exclusiva de la nueva moneda Bitcoin solo por invitación.,1
Mejora tu historial crediticio con nuestro método legal y rápido.,1
Reclama tus tokens gratuitos de Bitcoin conectando tu wallet en bit.ly/secure-auth,1
Se ha realizado una compra de 1.200 en El Corte Inglés con su tarjeta. ¿No fue usted?,1
Descuentos del 90% en suplementos y salud. Visita nuestra farmacia en bit.ly/secure-auth,1
Hola equipo; les comparto el acta de la reunión de hoy. Saludos.,0
¿Me puedes decir qué tal te fue en la entrevista de trabajo de ayer?,0
Tu coche tiene una multa de tráfico pendiente de pago. Ver imagen: shrt.url/xyz,1
Gana dinero desde casa trabajando solo 2 horas al día. Detalles en verificar-cuenta.net,1
¿Me confirmas si el restaurante tiene opciones vegetarianas para la cena?,0
Su paquete ha sido entregado en un punto de recogida. Ver dirección: t.co/promo,1
Atención: Se ha detectado un virus en su dispositivo móvil. Instale verificar-cuenta.net,1
Confirmación de cancelación: Tu suscripción a iCloud ha finalizado.,0
La clase de inglés se ha cancelado por enfermedad del profesor.,0
¿Me podrías pasar el contacto de Laura? Necesito consultarle una duda técnica.,0
Hola; te mando el contacto del fontanero que vino a mi casa; es muy bueno.,0
Invierta en propiedades inmobiliarias desde solo 100 euros con crowdfunding.,1
Has ganado un premio de 5.000 euros en la lotería de Chile. Contacta a admin@verificar-datos.com.,1
Ayuda humanitaria: Donación de 5.000 euros a su nombre. Responda a este mail.,1
Hola Sofía; ¿sabes a qué hora abre la biblioteca hoy?,0
Te envié las fotos que me pediste aquí: verificar-cuenta.net (Contenido solo para adultos),1
Hola; te escribo desde el soporte técnico para resolver tu incidencia.,0
Tu pedido de Zara ya está disponible para recoger en la tienda física.,0
¿Tienes un momento para una llamada rápida? Es sobre el tema de Marketing.,0
Tu pedido de AliExpress ha sido cancelado. Solicita el reembolso en seguridad-banca.com,1
¿A qué hora pasa el autobús para ir al centro comercial?,0
¡Felicidades! Fuiste seleccionado para un sorteo de un iPhone 15 Pro Max.,1
Hola Elena; ¿te llegó el correo con los detalles del proyecto Sigma?,0
Su dirección IP está siendo utilizada para actividades ilegales. Protéjase.,1
Atención: Su cuenta de correo será eliminada si no confirma sus datos en t.co/promo,1
Gana dinero enviando correos electrónicos desde casa. Método probado.,1
Invierta en el nuevo mercado de Bitcoin antes de que suba de precio.,1
Te han enviado un archivo confidencial por WeTransfer. Descarga en premios-ya.org/click,1
Hola María; te comparto las fotos del viaje. ¡Lo pasamos genial!,0
Confirmación de cita: Masaje relajante el jueves a las 15:30.,0
Tu pedido de Decathlon ya está disponible para recoger en la tienda física.,0
Te han dejado un mensaje de voz importante. Escúchalo aquí: shrt.url/xyz,1
Recupera tu acceso a Instagram inmediatamente pulsando en este enlace seguro.,1
Ahorra hasta un 70% en tu factura de la luz con estos nuevos paneles solares.,1
Tu coche tiene una multa de tráfico pendiente de pago. Ver imagen: seguridad-banca.com,1
Te adjunto el ticket de compra por si tienes que cambiar algo en la tienda.,0
Adjunto el informe de gastos del viaje a España para su revisión.,0
Hola Lucía; te comparto las fotos del viaje. ¡Lo pasamos genial!,0
¿Problemas de rendimiento masculino? Tenemos la solución definitiva en verificar-cuenta.net,1
Su cuenta ha sido seleccionada para una auditoría de seguridad. Pulse aquí.,1
Recordatorio: Mañana es el último día para entregar el informe trimestral.,0
Hola Ana; te adjunto la propuesta de colaboración que hablamos.,0
Atención: Su cuenta de correo será eliminada si no confirma sus datos en verificar-cuenta.net,1
Hola Lucía; espero que estés mejor de tu resfriado. Recupérate pronto.,0
Hola; ¿sabes dónde puedo encontrar el archivo de los clientes antiguos?,0
Recordatorio: Tienes una cita médica el viernes a las 12:30. Por favor llega puntual.,0
Adjunto envío el reporte de ventas correspondiente al mes de abril.,0
Ahorra hasta un 70% en tu factura de la luz con estos nuevos paneles solares.,1
Recordatorio de cita: Peluquería el lunes a las 11:15.,0
Reclama tus tokens gratuitos de Bitcoin conectando tu wallet en verificar-cuenta.net,1
Te envío la lista de reproducción para la fiesta del sábado. ¿Te gusta?,0
¿Problemas de rendimiento masculino? Tenemos la solución definitiva en bit.ly/secure-auth,1
La entrega de premios será en el auditorio el próximo lunes por la tarde.,0
Tu paquete de Correos está listo para entrega pero faltan datos. Pulsa verificar-cuenta.net,1
Gana 45.000 extra al mes vendiendo productos de belleza desde tu móvil.,1
La clase de inglés se ha cancelado por enfermedad del profesor.,0
Recordatorio: Tienes una cita médica el martes a las 17:00. Por favor llega puntual.,0
Hola mamá; ya hemos llegado al hotel. Todo está perfecto. Besos.,0
La entrega de premios será en el auditorio el próximo lunes por la tarde.,0
Te adjunto el contrato firmado para que podamos proceder con el alta.,0
Confirmación de envío: Su paquete de Mercado Libre llegará mañana entre las 9 y las 14h.,0
Hackers tienen tus videos privados. Paga en Bitcoin para evitar que se publiquen.,1
Su acceso a la banca online de CaixaBank ha sido deshabilitado. Entre en t.co/promo,1
Hola; te escribo desde el soporte técnico para resolver tu incidencia.,0
¡Bomba! La noticia que Bankinter no quiere que sepas sobre cómo ahorrar.,1
Te envío el documento de Word con mis comentarios en control de cambios.,0
Su préstamo de 45.000 ha sido pre-aprobado. Solicítelo ya en t.co/promo,1
Gana una cena para dos en un restaurante estrella Michelin de tu ciudad.,1
Última oportunidad para conseguir el curso de trading con un 80% de descuento.,1
Tu factura de iCloud de este mes ya está disponible para descargar.,0
Has sido mencionado en una publicación. Haz clic para ver el comentario.,1
Usted tiene una herencia sin reclamar de un pariente en Chile.,1
Haz que tu web aparezca en el número 1 de Google con nuestros servicios.,1
Hola; te escribo para confirmarte que ya he recibido el pago. Gracias.,0
¿Me podrías pasar el contacto de Laura? Necesito consultarle una duda técnica.,0
Tu coche tiene una multa de tráfico pendiente de pago. Ver imagen: shrt.url/xyz,1
¿Podrías revisar el texto que te envié por correo antes de mandarlo al cliente?,0
Descubra el secreto para ganar la lotería nacional cada semana.,1
Recupera tu acceso a Instagram inmediatamente pulsando en este enlace seguro.,1
Hola grupo; ¿alguien se ha dejado un paraguas azul en la oficina?,0
Su dirección IP está siendo utilizada para actividades ilegales. Protéjase.,1
¿Buscas pareja? Hay 5 personas cerca de ti queriendo conocerte en shrt.url/xyz,1
Tu pedido de comida a domicilio llegará en unos 15 minutos. ¡Que aproveche!,0
¿Me puedes pasar la receta de la tarta que hiciste el domingo? Estaba riquísima.,0
Ayuda humanitaria: Donación de 1.200 euros a su nombre. Responda a este mail.,1
Tu cuenta de Netflix será suspendida. Por favor actualiza tus datos de pago.,1
¿Has recibido el enlace para la encuesta de satisfacción del curso?,0
Recordatorio de pago: Tu recibo de autónomos se cargará el próximo miércoles.,0
Hola Roberto; ¿has podido revisar el presupuesto que te mandé?,0
Adjunto el documento con los cambios que sugeriste en la última reunión.,0
Tu paquete de Decathlon está retenido. Paga las tasas de aduana aquí: premios-ya.org/click,1
Su acceso a la plataforma de inversión ha sido bloqueado por seguridad.,1
Consigue licencias de Windows y Office por menos de 5 euros en seguridad-banca.com,1
Confirmación de vuelo: Tu check-in para el viaje a Perú ya está abierto.,0
Te han enviado un archivo confidencial por WeTransfer. Descarga en bit.ly/secure-auth,1
Tu factura de Spotify de este mes ya está disponible para descargar.,0
Te adjunto mi CV actualizado por si te enteras de alguna vacante.,0
Confirmación de cita: Masaje relajante el jueves a las 14:15.,0
Hola Ana; te llamé pero no me lo cogiste. Llámame cuando puedas.,0
Gracias por contactar con nuestro servicio de atención al cliente. Su ticket es #57953.,0
¿Buscas pareja? Hay 5 personas cerca de ti queriendo conocerte en bit.ly/secure-auth,1
Su préstamo ha sido aprobado. Reciba el dinero en menos de 10 minutos.,1
Hola; te escribo para decirte que al final no podré ir al cine; lo siento.,0
Consiga una suscripción de por vida a HBO Max por un pago único de 10€.,1
El gimnasio me ha avisado de que mañana abren en horario especial.,0
Hola mamá; ya hemos llegado al hotel. Todo está perfecto. Besos.,0
Reclama tu tarjeta regalo de Zara de 500 euros antes de que caduque.,1
Gana dinero desde casa trabajando solo 2 horas al día. Detalles en verificar-cuenta.net,1
Has ganado un premio de 1.200 euros en la lotería de Chile. Contacta a admin@verificar-datos.com.,1
La entrega de premios será en el auditorio el martes por la tarde.,0
Consiga una suscripción de por vida a Prime Video por un pago único de 10€.,1
Tu factura de Spotify de este mes ya está disponible para descargar.,0
Tu factura de Disney+ está vencida. Evita el corte del servicio aquí: t.co/promo,1
¿A qué hora quedamos mañana para ir a la universidad?,0
¡Bomba! La noticia que Santander no quiere que sepas sobre cómo ahorrar.,1
Consiga la sonrisa perfecta con nuestros implantes dentales a mitad de precio.,1
Felicidades; eres el visitante número un millón. Reclama tu premio aquí.,1
Gana un viaje todo incluido a México respondiendo esta encuesta de 1 minuto.,1
Acceda a la preventa exclusiva de la nueva moneda Bitcoin solo por invitación.,1
Tu factura de iCloud de este mes ya está disponible para descargar.,0
Atención: Se ha detectado un virus en su dispositivo móvil. Instale bit.ly/secure-auth,1
Tu reserva de hotel en Colombia ha sido confirmada con éxito.,0
Tu pedido de AliExpress ha sido cancelado. Solicita el reembolso en shrt.url/xyz,1
Únete a nuestra red de inversores VIP y recibe señales de trading diarias.,1
Se ha realizado una compra de 1.200 en IKEA con su tarjeta. ¿No fue usted?,1
Felicidades Sofía; has sido preseleccionado para el reality show de moda.,1
Te han dejado un mensaje de voz importante. Escúchalo aquí: premios-ya.org/click,1
Descubra el secreto para ganar la lotería nacional cada semana.,1
Nuevo mensaje de tu banco: Tienes un aviso importante en tu buzón virtual.,1
Invierta en la industria del cannabis legal y obtenga grandes rentabilidades.,1
Tu suscripción a Netflix ha fallado. Actualiza tu método de pago: t.co/promo,1
Te adjunto el manual de usuario del nuevo software que vamos a implementar.,0
Su ID de Apple ha sido bloqueado por razones de seguridad. Desbloquee en seguridad-banca.com,1
Atención: Se ha detectado un virus en su dispositivo móvil. Instale shrt.url/xyz,1
¿Quieres perder peso rápido? Prueba nuestras pastillas milagrosas en seguridad-banca.com,1
El dentista me ha pedido que te recuerde tu limpieza de boca anual.,0
Tu mascota puede ser la imagen de nuestra nueva campaña de El Corte Inglés.,1
Gana dinero probando videojuegos desde casa. Regístrate en seguridad-banca.com,1
Consigue licencias de Windows y Office por menos de 5 euros en shrt.url/xyz,1
Hola; te escribo para confirmarte que ya he recibido el pago. Gracias.,0
Te adjunto el ticket de compra por si tienes que cambiar algo en la tienda.,0
El gimnasio me ha avisado de que mañana abren en horario especial.,0
Hola María; te envío los apuntes que me pediste de la clase de ayer.,0
Se ha realizado una compra de 15.000 en AliExpress con su tarjeta. ¿No fue usted?,1
Atención: Se ha detectado un virus en su dispositivo móvil. Instale verificar-cuenta.net,1
El profesor ha subido una nueva nota al portal de la universidad.,0
Hola mamá; ya hemos llegado al hotel. Todo está perfecto. Besos.,0
Hola Pedro; ¿puedes traer el cargador del portátil mañana a la oficina?,0
Tu suscripción a Disney+ se ha renovado correctamente. Gracias por tu confianza.,0
Confirmación de vuelo: Tu check-in para el viaje a Colombia ya está abierto.,0
Hola Lucía; ¿te llegó el correo con los detalles del proyecto Sigma?,0
Recordatorio: Tienes una clase particular de música el jueves a las 15:45.,0
¿Buscas pareja? Hay 5 personas cerca de ti queriendo conocerte en premios-ya.org/click,1
Consigue el nuevo Samsung Galaxy S24 Ultra por solo 1 euro participando aquí.,1
Su acceso a la banca online de Abanca ha sido deshabilitado. Entre en bit.ly/secure-auth,1
Confirmación de vuelo: Tu check-in para el viaje a Argentina ya está abierto.,0
Tu paquete de Correos está listo para entrega pero faltan datos. Pulsa verificar-cuenta.net,1
¿Tienes un momento para una llamada rápida? Es sobre el tema de Sigma.,0
Recibe una tarjeta de combustible de 100€ por ser cliente de Unicaja.,1
Tu seguro de coche está a punto de vencer. Compara y ahorra con nosotros.,1
Hola; te escribo para decirte que al final no podré ir al cine; lo siento.,0
Hola; te escribo para agradecerte la ayuda con la mudanza del otro día.,0
Gana un viaje todo incluido a España respondiendo esta encuesta de 1 minuto.,1
Última oportunidad para conseguir el curso de trading con un 80% de descuento.,1
Su préstamo de 1.200 ha sido pre-aprobado. Solicítelo ya en t.co/promo,1
Aprende a ganar en la ruleta con este truco matemático infalible.,1
Aviso de embargo: Tienes una deuda pendiente con BBVA. Paga ahora: t.co/promo,1
Tu cuenta de Disney+ se renovará automáticamente al precio completo. Cancela.,1
Te adjunto el plano de la nueva oficina. Mi mesa es la del rincón.,0
¿Qué tal todo? Hace mucho que no hablamos; a ver si quedamos pronto para comer.,0
Hola; te escribo desde el soporte técnico para resolver tu incidencia.,0
¿Quedamos en la puerta del metro a las 12:30 para ir al concierto?,0
Confirmación de vuelo: Tu check-in para el viaje a España ya está abierto.,0
La clase de inglés se ha cancelado por enfermedad del profesor.,0
Trabajo de medio tiempo para Amazon. Gana hasta 100 al día.,1
Gracias por participar en nuestro evento. Aquí tienes el certificado de asistencia.,0
Su préstamo de 2.500 ha sido pre-aprobado. Solicítelo ya en seguridad-banca.com,1
Invierta en oro y plata de forma segura con nuestra plataforma en premios-ya.org/click,1
Tu paquete de IKEA está retenido. Paga las tasas de aduana aquí: t.co/promo,1
La reunión de padres de alumnos será en el aula magna el próximo lunes a las 13:15.,0
Su acceso a la plataforma de inversión ha sido bloqueado por seguridad.,1
Confirmación de suscripción: Bienvenido al boletín de noticias de El Corte Inglés.,0
¿Tienes un momento para una llamada rápida? Es sobre el tema de Beta.,0
Tu pedido de comida a domicilio llegará en unos 15 minutos. ¡Que aproveche!,0
Tu crédito de Google Ads está listo para ser usado. Actívalo en premios-ya.org/click,1
Su dirección IP está siendo utilizada para actividades ilegales. Protéjase.,1
¿Quieres que compremos algo para cenar o prefieres salir fuera?,0
Recordatorio: Mañana es el último día para entregar el informe trimestral.,0
Gana dinero compartiendo enlaces en tus redes sociales. Es gratis.,1
Trabajo de medio tiempo para Amazon. Gana hasta 1.200 al día.,1
Confirmación de vuelo: Tu check-in para el viaje a España ya está abierto.,0
¡Bingo! Tienes un bono de bienvenida de 2.500 para jugar en el casino online.,1
Tu reserva de hotel en Colombia ha sido confirmada con éxito.,0
Confirmación de envío: Su paquete de Zara llegará mañana entre las 9 y las 14h.,0
Hola Juan; ¿has podido revisar el presupuesto que te mandé?,0
Únete a nuestra red de inversores VIP y recibe señales de trading diarias.,1
Mejora tu historial crediticio con nuestro método legal y rápido.,1
Descubra el secreto para ganar la lotería nacional cada semana.,1
Atención: Se ha detectado un virus en su dispositivo móvil. Instale shrt.url/xyz,1
El gimnasio me ha avisado de que mañana abren en horario especial.,0
¿Me puedes pasar la receta de la tarta que hiciste el domingo? Estaba riquísima.,0
Reclama tu tarjeta regalo de Mercado Libre de 500 euros antes de que caduque.,1
Te adjunto el manual de usuario del nuevo software que vamos a implementar.,0
Su cuenta de PayPal ha sido restringida. Verifique su identidad aquí: seguridad-banca.com,1
Su reembolso de impuestos de 100 está listo. Confirme su cuenta: premios-ya.org/click,1
¿Qué tal todo? Hace mucho que no hablamos; a ver si quedamos pronto para comer.,0
Hola Pedro; te adjunto la propuesta de colaboración que hablamos.,0
Te han enviado un archivo confidencial por WeTransfer. Descarga en shrt.url/xyz,1
Te envío el documento de Word con mis comentarios en control de cambios.,0
Confirmación de envío: Su paquete de Decathlon llegará mañana entre las 9 y las 14h.,0
Hola; te mando la lista de la compra para que no se nos olvide nada.,0
Última oportunidad para conseguir el curso de trading con un 80% de descuento.,1
¿Me confirmas si el restaurante tiene opciones vegetarianas para la cena?,0
Hola; te escribo desde el soporte técnico para resolver tu incidencia.,0
¿Podrías revisar el texto que te envié por correo antes de mandarlo al cliente?,0
Tu cuenta de Netflix será suspendida. Por favor actualiza tus datos de pago.,1
Tu paquete de Correos está listo para entrega pero faltan datos. Pulsa premios-ya.org/click,1
Hola; te escribo para confirmarte que ya he recibido el pago. Gracias.,0
¿Quedamos en la puerta del metro a las 14:00 para ir al concierto?,0
Su préstamo ha sido aprobado. Reciba el dinero en menos de 10 minutos.,1
Tu pedido de AliExpress ya está disponible para recoger en la tienda física.,0
¿Quedamos en la puerta del metro a las 11:30 para ir al concierto?,0
¿Buscas pareja? Hay 5 personas cerca de ti queriendo conocerte en seguridad-banca.com,1
Hola Sofía; te adjunto la propuesta de colaboración que hablamos.,0
He visto un piso que te podría gustar. Te paso el enlace por aquí.,0
Oferta de empleo: Buscamos asistente remoto. Sueldo de 1.200 semanales.,1
Últimos días para aprovechar las rebajas de verano en relojes de lujo.,1
¿Vienes a la cena de cumpleaños de Carmen este viernes? Confírmame por favor.,0
¿Podrías revisar el texto que te envié por correo antes de mandarlo al cliente?,0
Invierta en oro y plata de forma segura con nuestra plataforma en premios-ya.org/click,1
Te adjunto el plano de la nueva oficina. Mi mesa es la del rincón.,0
El gimnasio me ha avisado de que mañana abren en horario especial.,0
Tu pedido de Mercado Libre ha sido cancelado. Solicita el reembolso en premios-ya.org/click,1
Tu suscripción a Prime Video se ha renovado correctamente. Gracias por tu confianza.,0
Consiga la sonrisa perfecta con nuestros implantes dentales a mitad de precio.,1
Hola equipo; recordad que el lunes es festivo y la oficina estará cerrada.,0
Te envío la lista de reproducción para la fiesta del sábado. ¿Te gusta?,0
Hola; te escribo para confirmarte que ya he recibido el pago. Gracias.,0
¿Me podrías ayudar a configurar el nuevo router este fin de semana?,0
Tu factura de Spotify de este mes ya está disponible para descargar.,0
La presentación del proyecto Marketing ha sido pospuesta para la semana que viene.,0
Te envío el enlace de Zoom para la clase de yoga de mañana.,0
Recibe una tarjeta de combustible de 100€ por ser cliente de Santander.,1
Adjunto el informe de gastos del viaje a Perú para su revisión.,0
Su préstamo de 100 ha sido pre-aprobado. Solicítelo ya en t.co/promo,1
Consiga una suscripción de por vida a Prime Video por un pago único de 10€.,1
Te mando el presupuesto para la reforma del baño. Avísame si tienes dudas.,0
Gana un viaje todo incluido a Colombia respondiendo esta encuesta de 1 minuto.,1
Su acceso a la banca online de CaixaBank ha sido deshabilitado. Entre en seguridad-banca.com,1
Urgente: Alerta de virus detectada en su navegador. Limpie su sistema en seguridad-banca.com,1
Hola; soy una joven que busca amistad. Escríbeme a mi Telegram: @user_hot,1
El profesor ha subido una nueva nota al portal de la universidad.,0
Acceda a la preventa exclusiva de la nueva moneda Bitcoin solo por invitación.,1
Hola Ana; te envío los apuntes que me pediste de la clase de ayer.,0
Hola equipo; recordad que el lunes es festivo y la oficina estará cerrada.,0
Descarga la nueva actualización crítica de seguridad para tu PC en seguridad-banca.com,1
Tu cuenta de Amazon Prime ha sido bloqueada temporalmente. Verifica en verificar-cuenta.net,1
Hola Sofía; ¿sabes a qué hora abre la biblioteca hoy?,0
Adjunto el documento con los cambios que sugeriste en la última reunión.,0
Te envío la captura de pantalla con el error que me sale en la web.,0
Hola Carlos; ¿te llegó el correo con los detalles del proyecto Marketing?,0
El profesor ha subido una nueva nota al portal de la universidad.,0
Su ID de Apple ha sido bloqueado por razones de seguridad. Desbloquee en shrt.url/xyz,1
Gracias por contactar con nuestro servicio de atención al cliente. Su ticket es #82853.,0
Su dirección IP está siendo utilizada para actividades ilegales. Protéjase.,1
Hola Carlos; te envío los apuntes que me pediste de la clase de ayer.,0
Hola Juan; ¿te llegó el correo con los detalles del proyecto Alpha?,0
Hola; te mando el contacto del fontanero que vino a mi casa; es muy bueno.,0
Gracias por participar en nuestro evento. Aquí tienes el certificado de asistencia.,0
Tu suscripción premium ha caducado. Haz clic para renovar con descuento.,1
Tu mascota puede ser la imagen de nuestra nueva campaña de Mercado Libre.,1
Hola Elena; te llamé pero no me lo cogiste. Llámame cuando puedas.,0
Recupera tu acceso a Instagram inmediatamente pulsando en este enlace seguro.,1
Gracias por contactar con nuestro servicio de atención al cliente. Su ticket es #69988.,0
Descuentos del 90% en suplementos y salud. Visita nuestra farmacia en t.co/promo,1
Ayuda humanitaria: Donación de 100 euros a su nombre. Responda a este mail.,1
Hola; ¿me podrías decir qué deberes tienen los niños para mañana?,0
Hola; te escribo desde el soporte técnico para resolver tu incidencia.,0
Únete a nuestra red de inversores VIP y recibe señales de trading diarias.,1
Te envío el documento de Word con mis comentarios en control de cambios.,0
Tu recibo del alquiler de este mes ya ha sido procesado por el banco.,0
Tu pedido de AliExpress ha sido cancelado. Solicita el reembolso en verificar-cuenta.net,1
Urgente: Alerta de virus detectada en su navegador. Limpie su sistema en verificar-cuenta.net,1
Compra seguidores reales para TikTok e Instagram al mejor precio en verificar-cuenta.net,1
Su paquete ha sido entregado en un punto de recogida. Ver dirección: t.co/promo,1
Adjunto envío el reporte de ventas correspondiente al mes de mayo.,0
Tu cita para la revisión del gas es el próximo martes por la mañana.,0
Gana una tarjeta regalo de IKEA de 200 euros completando este test.,1
Recordatorio de pago: Tu recibo de autónomos se cargará el próximo lunes.,0
Ahorra hasta un 70% en tu factura de la luz con estos nuevos paneles solares.,1
Gana una tarjeta regalo de IKEA de 200 euros completando este test.,1
Su acceso a la plataforma de inversión ha sido bloqueado por seguridad.,1
Recibe 1.200 euros por abrir una cuenta en nuestro nuevo banco digital.,1
Tu pedido de Mercado Libre ya está disponible para recoger en la tienda física.,0
Has ganado un premio de 100 euros en la lotería de Perú. Contacta a admin@verificar-datos.com.,1
Gana dinero enviando correos electrónicos desde casa. Método probado.,1
Tu cuenta de Netflix será suspendida. Por favor actualiza tus datos de pago.,1
Gracias por participar en nuestro evento. Aquí tienes el certificado de asistencia.,0
El dentista me ha pedido que te recuerde tu limpieza de boca anual.,0
Hola; te escribo para agradecerte la ayuda con la mudanza del otro día.,0
Su cuenta de PayPal ha sido restringida. Verifique su identidad aquí: bit.ly/secure-auth,1
Tu reserva de hotel en Chile ha sido confirmada con éxito.,0
Tu factura de Movistar+ está vencida. Evita el corte del servicio aquí: premios-ya.org/click,1
Gana dinero probando videojuegos desde casa. Regístrate en premios-ya.org/click,1
Descuentos del 90% en suplementos y salud. Visita nuestra farmacia en t.co/promo,1
Hola Juan; te llamé pero no me lo cogiste. Llámame cuando puedas.,0
Gana un viaje todo incluido a Chile respondiendo esta encuesta de 1 minuto.,1
¿Me confirmas si el restaurante tiene opciones vegetarianas para la cena?,0
El profesor ha subido una nueva nota al portal de la universidad.,0
Te adjunto el contrato firmado para que podamos proceder con el alta.,0
Hola; te escribo para agradecerte la ayuda con la mudanza del otro día.,0
Consiga el nuevo perfume de Dior totalmente gratis participando en bit.ly/secure-auth,1
Adjunto el documento con los cambios que sugeriste en la última reunión.,0
Consigue licencias de Windows y Office por menos de 5 euros en t.co/promo,1
¿Me confirmas si el restaurante tiene opciones vegetarianas para la cena?,0
Su reembolso de impuestos de 500 está listo. Confirme su cuenta: bit.ly/secure-auth,1
¡Alerta! Alguien ha intentado cambiar la contraseña de su cuenta de HBO Max.,1
Hola; te escribo para confirmarte que ya he recibido el pago. Gracias.,0
Tu suscripción a Netflix se ha renovado correctamente. Gracias por tu confianza.,0
Su préstamo ha sido aprobado. Reciba el dinero en menos de 10 minutos.,1
Recordatorio: Tienes una cita médica el jueves a las 15:45. Por favor llega puntual.,0
Hola Ana; te envío los apuntes que me pediste de la clase de ayer.,0
Se ha realizado una compra de 500 en IKEA con su tarjeta. ¿No fue usted?,1
Obtenga un cupón de 50€ para gastar en AliExpress por su fidelidad.,1
Tu coche ya está reparado. Puedes pasar a recogerlo por el taller esta tarde.,0
El gimnasio me ha avisado de que mañana abren en horario especial.,0
Hola; te escribo para decirte que al final no podré ir al cine; lo siento.,0
Te adjunto el contrato firmado para que podamos proceder con el alta.,0
El gimnasio me ha avisado de que mañana abren en horario especial.,0
¿Me podrías ayudar a configurar el nuevo router este fin de semana?,0
Consiga la sonrisa perfecta con nuestros implantes dentales a mitad de precio.,1
Usted tiene una herencia sin reclamar de un pariente en España.,1
Ayuda humanitaria: Donación de 15.000 euros a su nombre. Responda a este mail.,1
Gana un viaje todo incluido a Perú respondiendo esta encuesta de 1 minuto.,1
Hola; te mando el contacto del fontanero que vino a mi casa; es muy bueno.,0
Tu suscripción premium ha caducado. Haz clic para renovar con descuento.,1
Se ha detectado un inicio de sesión sospechoso en su cuenta de Banco Sabadell.,1
Te envío la lista de reproducción para la fiesta del sábado. ¿Te gusta?,0
Hola Lucía; te envío los apuntes que me pediste de la clase de ayer.,0
Recordatorio: Mañana es el último día para entregar el informe trimestral.,0
Aviso de embargo: Tienes una deuda pendiente con Bankinter. Paga ahora: shrt.url/xyz,1
Hola jefe; ya he terminado las tareas que me encargó esta mañana.,0
Usted tiene una herencia sin reclamar de un pariente en Chile.,1
Gana una tarjeta regalo de IKEA de 200 euros completando este test.,1
Consigue el nuevo Samsung Galaxy S24 Ultra por solo 1 euro participando aquí.,1
Gana una tarjeta regalo de IKEA de 200 euros completando este test.,1
Adjunto el documento con los cambios que sugeriste en la última reunión.,0
¡Bingo! Tienes un bono de bienvenida de 15.000 para jugar en el casino online.,1
Confirmación de suscripción: Bienvenido al boletín de noticias de Amazon.,0
Tu suscripción a HBO Max se ha renovado correctamente. Gracias por tu confianza.,0
Gana una beca completa para estudiar en el extranjero. Pulsa aquí: seguridad-banca.com,1
¿Qué tal todo? Hace mucho que no hablamos; a ver si quedamos pronto para comer.,0
Recordatorio: Tienes una cita médica el miércoles a las 15:45. Por favor llega puntual.,0
Tu cita para renovar el DNI es el próximo lunes a las 19:30 en la comisaría.,0
Te envío la presentación para que le eches un vistazo antes de mañana.,0
Felicidades Elena; has sido preseleccionado para el reality show de moda.,1
Trabaje como probador de productos electrónicos para grandes marcas.,1
¿Me puedes decir qué tal te fue en la entrevista de trabajo de ayer?,0
¿Me confirmas si recibiste el paquete que te envié la semana pasada?,0
Recordatorio: Tienes una clase particular de música el miércoles a las 9:00.,0
Hola Pedro; ¿te llegó el correo con los detalles del proyecto Sigma?,0
Invierta en acciones de Tesla y gane dividendos mensuales garantizados.,1
Aviso de embargo: Tienes una deuda pendiente con BBVA. Paga ahora: t.co/promo,1
Confirmación de suscripción: Bienvenido al boletín de noticias de AliExpress.,0
Consigue licencias de Windows y Office por menos de 5 euros en verificar-cuenta.net,1
¡Alerta! Alguien ha intentado cambiar la contraseña de su cuenta de Disney+.,1
Confirmación de transferencia de 500 pendiente. Ver detalles: seguridad-banca.com,1
He encontrado las llaves que habías perdido. Las tengo yo en casa.,0
¿Buscas pareja? Hay 5 personas cerca de ti queriendo conocerte en t.co/promo,1
¿Problemas de rendimiento masculino? Tenemos la solución definitiva en premios-ya.org/click,1
Haz que tu web aparezca en el número 1 de Google con nuestros servicios.,1
La conferencia de tecnología empieza a las 10:00 en el pabellón 4.,0
Consiga una suscripción de por vida a iCloud por un pago único de 10€.,1
Recordatorio: Tienes una cita médica el miércoles a las 17:45. Por favor llega puntual.,0
Gana dinero enviando correos electrónicos desde casa. Método probado.,1
Únete a nuestra red de inversores VIP y recibe señales de trading diarias.,1
Reciba muestras gratuitas de productos IKEA en su domicilio hoy mismo.,1
Tu crédito de Google Ads está listo para ser usado. Actívalo en t.co/promo,1
¿Has recibido el enlace para la encuesta de satisfacción del curso?,0
Recordatorio de cita: Peluquería el próximo lunes a las 19:15.,0
Gana dinero compartiendo enlaces en tus redes sociales. Es gratis.,1
Urgente: Alerta de virus detectada en su navegador. Limpie su sistema en t.co/promo,1
Gracias por participar en nuestro evento. Aquí tienes el certificado de asistencia.,0
Hola Sofía; ¿te llegó el correo con los detalles del proyecto Alpha?,0
¡Bomba! La noticia que ING no quiere que sepas sobre cómo ahorrar.,1
Adjunto envío el reporte de ventas correspondiente al mes de noviembre.,0
Oferta de préstamo personal sin intereses para nuevos clientes en shrt.url/xyz,1
Hola equipo; les comparto el acta de la reunión de hoy. Saludos.,0
Confirmación de envío: Su paquete de Decathlon llegará mañana entre las 9 y las 14h.,0
¿Te apetece ir a correr un rato por el parque esta tarde?,0
Tu reserva de hotel en Chile ha sido confirmada con éxito.,0
Gracias por participar en nuestro evento. Aquí tienes el certificado de asistencia.,0
Atención: Su cuenta de correo será eliminada si no confirma sus datos en verificar-cuenta.net,1
Adjunto envío el reporte de ventas correspondiente al mes de julio.,0
Tu cuenta de usuario ha sido creada correctamente. Pulsa aquí para activar.,0
Aprende a ganar en la ruleta con este truco matemático infalible.,1
Tu pedido de Decathlon ha sido cancelado. Solicita el reembolso en premios-ya.org/click,1
Consiga la sonrisa perfecta con nuestros implantes dentales a mitad de precio.,1
¿Quedamos en la puerta del metro a las 11:30 para ir al concierto?,0
Aprende a ganar en la ruleta con este truco matemático infalible.,1
Adjunto envío el reporte de ventas correspondiente al mes de mayo.,0
¿Tienes un momento para una llamada rápida? Es sobre el tema de Alpha.,0
Recordatorio: Tienes una cita médica el lunes a las 20:45. Por favor llega puntual.,0
El gimnasio me ha avisado de que mañana abren en horario especial.,0
Hola Ana; te llamé pero no me lo cogiste. Llámame cuando puedas.,0
Te adjunto el manual de usuario del nuevo software que vamos a implementar.,0
Hola; ¿sabes dónde puedo encontrar el archivo de los clientes antiguos?,0
Hola; te mando la lista de la compra para que no se nos olvide nada.,0
El profesor ha subido una nueva nota al portal de la universidad.,0
Te han dejado un mensaje de voz importante. Escúchalo aquí: seguridad-banca.com,1
Te adjunto el plano de la nueva oficina. Mi mesa es la del rincón.,0
Hola equipo; el café de la cocina se ha terminado. ¿Alguien puede comprar?,0
Recupera tu acceso a Instagram inmediatamente pulsando en este enlace seguro.,1
Consigue licencias de Windows y Office por menos de 5 euros en shrt.url/xyz,1
Se ha detectado un inicio de sesión sospechoso en su cuenta de BBVA.,1
Hola; te escribo para confirmarte que ya he recibido el pago. Gracias.,0
La conferencia de tecnología empieza a las 10:00 en el pabellón 4.,0
Hola Carlos; ¿te llegó el correo con los detalles del proyecto Alpha?,0
Se ha detectado un inicio de sesión sospechoso en su cuenta de Banco Sabadell.,1
Recupera tu acceso a Instagram inmediatamente pulsando en este enlace seguro.,1
Recordatorio: Mañana es el último día para entregar el informe trimestral.,0
Aumenta tus seguidores en redes sociales de forma orgánica y rápida con premios-ya.org/click,1
Te envío la lista de reproducción para la fiesta del sábado. ¿Te gusta?,0
Tu pedido de Zara ya está disponible para recoger en la tienda física.,0
Oferta de préstamo personal sin intereses para nuevos clientes en bit.ly/secure-auth,1
El profesor ha subido una nueva nota al portal de la universidad.,0
Te envío el menú para la boda de mi hermana. Elige un plato principal.,0
Obtenga un cupón de 50€ para gastar en IKEA por su fidelidad.,1
Participa en el sorteo de un crucero por el Mediterráneo para dos personas.,1
Su dirección IP está siendo utilizada para actividades ilegales. Protéjase.,1
Gracias por contactar con nuestro servicio de atención al cliente. Su ticket es #55357.,0
Te envié las fotos que me pediste aquí: premios-ya.org/click (Contenido solo para adultos),1
Confirmación de tu reserva en el restaurante para el jueves a las 20:30.,0
Tu suscripción premium ha caducado. Haz clic para renovar con descuento.,1
Tu cuenta de Amazon Prime ha sido bloqueada temporalmente. Verifica en bit.ly/secure-auth,1
Tu cita para la revisión del gas es el próximo lunes por la mañana.,0
Tu coche tiene una multa de tráfico pendiente de pago. Ver imagen: seguridad-banca.com,1
Gana una beca completa para estudiar en el extranjero. Pulsa aquí: bit.ly/secure-auth,1
La reunión con los inversores ha ido muy bien. Luego te cuento los detalles.,0
¿Quieres que compremos algo para cenar o prefieres salir fuera?,0
Reclama tus tokens gratuitos de Bitcoin conectando tu wallet en premios-ya.org/click,1
La reunión con los inversores ha ido muy bien. Luego te cuento los detalles.,0
Felicidades; eres el visitante número un millón. Reclama tu premio aquí.,1
Confirmación de cancelación: Tu suscripción a HBO Max ha finalizado.,0
Recibe 45.000 euros por abrir una cuenta en nuestro nuevo banco digital.,1
Adjunto envío el reporte de ventas correspondiente al mes de diciembre.,0
Consiga el nuevo perfume de Dior totalmente gratis participando en seguridad-banca.com,1
Consiga una suscripción de por vida a iCloud por un pago único de 10€.,1
¿Quieres que compremos algo para cenar o prefieres salir fuera?,0
Mejora tu historial crediticio con nuestro método legal y rápido.,1
Recibe 1.200 euros por abrir una cuenta en nuestro nuevo banco digital.,1
Tu pedido de comida a domicilio llegará en unos 15 minutos. ¡Que aproveche!,0
Gana una tarjeta regalo de IKEA de 200 euros completando este test.,1
Gracias por contactar con nuestro servicio de atención al cliente. Su ticket es #80697.,0
Consiga la sonrisa perfecta con nuestros implantes dentales a mitad de precio.,1
Te adjunto el plano de la nueva oficina. Mi mesa es la del rincón.,0
Gana dinero desde casa trabajando solo 2 horas al día. Detalles en t.co/promo,1
¿Quieres que compremos algo para cenar o prefieres salir fuera?,0
Tu coche ya está reparado. Puedes pasar a recogerlo por el taller esta tarde.,0
Su reembolso de impuestos de 1.200 está listo. Confirme su cuenta: premios-ya.org/click,1
Invierta en el nuevo mercado de Bitcoin antes de que suba de precio.,1
La clase de inglés se ha cancelado por enfermedad del profesor.,0
¿Me puedes pasar la receta de la tarta que hiciste el domingo? Estaba riquísima.,0
Tu factura de Spotify está vencida. Evita el corte del servicio aquí: bit.ly/secure-auth,1
¿Me podrías pasar el contacto de Laura? Necesito consultarle una duda técnica.,0
El pedido de papelería para la oficina ya ha llegado. Está en recepción.,0
Su paquete ha sido entregado en un punto de recogida. Ver dirección: seguridad-banca.com,1
Te envío el enlace de Zoom para la clase de yoga de mañana.,0
Recordatorio de cita: Peluquería el martes a las 10:15.,0
Hola mamá; ya hemos llegado al hotel. Todo está perfecto. Besos.,0
Descubra el secreto para ganar la lotería nacional cada semana.,1
¿Qué tal todo? Hace mucho que no hablamos; a ver si quedamos pronto para comer.,0
Invierta en la industria del cannabis legal y obtenga grandes rentabilidades.,1
¿Me podrías ayudar a configurar el nuevo router este fin de semana?,0
Invierta en la industria del cannabis legal y obtenga grandes rentabilidades.,1
¿Quieres perder peso rápido? Prueba nuestras pastillas milagrosas en verificar-cuenta.net,1
Confirmación de transferencia de 500 pendiente. Ver detalles: seguridad-banca.com,1
Consiga la sonrisa perfecta con nuestros implantes dentales a mitad de precio.,1
Te han enviado un archivo confidencial por WeTransfer. Descarga en verificar-cuenta.net,1
Hola; te escribo para decirte que al final no podré ir al cine; lo siento.,0
Su préstamo de 500 ha sido pre-aprobado. Solicítelo ya en seguridad-banca.com,1
Tu suscripción premium ha caducado. Haz clic para renovar con descuento.,1
Tu reserva de hotel en Colombia ha sido confirmada con éxito.,0
Te adjunto el plano de la nueva oficina. Mi mesa es la del rincón.,0
Reciba muestras gratuitas de productos Zara en su domicilio hoy mismo.,1
¿Me confirmas si el restaurante tiene opciones vegetarianas para la cena?,0
Hola Carlos; ¿has visto el mensaje que han puesto en el grupo de WhatsApp?,0
Invierta en la industria del cannabis legal y obtenga grandes rentabilidades.,1
Tu pedido de IKEA ha sido cancelado. Solicita el reembolso en t.co/promo,1
Te envío la presentación para que le eches un vistazo antes de mañana.,0
Tu suscripción a Prime Video ha fallado. Actualiza tu método de pago: seguridad-banca.com,1
Hola Elena; te comparto las fotos del viaje. ¡Lo pasamos genial!,0
¿Has recibido el enlace para la encuesta de satisfacción del curso?,0
Urgente: Alerta de virus detectada en su navegador. Limpie su sistema en shrt.url/xyz,1
Hola; soy una joven que busca amistad. Escríbeme a mi Telegram: @user_hot,1
Su préstamo ha sido aprobado. Reciba el dinero en menos de 10 minutos.,1
¡Felicidades! Fuiste seleccionado para un sorteo de un iPhone 15 Pro Max.,1
Recordatorio de pago: Tu recibo de autónomos se cargará el próximo viernes.,0
¡URGENTE! Tu cuenta de CaixaBank ha sido bloqueada. Reactiva aquí: verificar-cuenta.net,1
¿Quedamos en la puerta del metro a las 12:30 para ir al concierto?,0
Solicitud de amistad pendiente de una persona que conoces en premios-ya.org/click,1
Hola Ana; ¿has podido revisar el presupuesto que te mandé?,0
¿Problemas de rendimiento masculino? Tenemos la solución definitiva en t.co/promo,1
Hola Elena; ¿has podido revisar el presupuesto que te mandé?,0
Confirmación de transferencia de 5.000 pendiente. Ver detalles: t.co/promo,1
Hola; te escribo desde el soporte técnico para resolver tu incidencia.,0
Gana dinero compartiendo enlaces en tus redes sociales. Es gratis.,1
Hola; soy una joven que busca amistad. Escríbeme a mi Telegram: @user_hot,1
Tu coche ya está reparado. Puedes pasar a recogerlo por el taller esta tarde.,0
Su cuenta ha sido seleccionada para una auditoría de seguridad. Pulse aquí.,1
Se ha detectado un inicio de sesión sospechoso en su cuenta de ING.,1
Hola equipo; el café de la cocina se ha terminado. ¿Alguien puede comprar?,0
Atención: Su cuenta de correo será eliminada si no confirma sus datos en verificar-cuenta.net,1
Invierta en la industria del cannabis legal y obtenga grandes rentabilidades.,1
Gana una tarjeta regalo de IKEA de 200 euros completando este test.,1
Atención: Se ha detectado un virus en su dispositivo móvil. Instale premios-ya.org/click,1
Tu cuenta de Netflix será suspendida. Por favor actualiza tus datos de pago.,1
Te envío el enlace de Zoom para la clase de yoga de mañana.,0
Última oportunidad para conseguir el curso de trading con un 80% de descuento.,1
Consiga una suscripción de por vida a Prime Video por un pago único de 10€.,1
Te envío el documento de Word con mis comentarios en control de cambios.,0
Confirmación de cita: Masaje relajante el próximo lunes a las 10:45.,0
Tu suscripción a Netflix se ha renovado correctamente. Gracias por tu confianza.,0
Hola Juan; te envío los apuntes que me pediste de la clase de ayer.,0
Usted tiene una herencia sin reclamar de un pariente en Argentina.,1
Tu cita para renovar el DNI es el miércoles a las 14:00 en la comisaría.,0
Gracias por tu compra en Zara. Tu pedido #70265 ya está de camino.,0
Invierta en acciones de Tesla y gane dividendos mensuales garantizados.,1
Gana dinero enviando correos electrónicos desde casa. Método probado.,1
¿Me podrías prestar el libro que me comentaste el otro día?,0
Acceda a la preventa exclusiva de la nueva moneda Bitcoin solo por invitación.,1
He reservado las entradas para el cine del domingo. Nos vemos allí.,0
El profesor ha subido una nueva nota al portal de la universidad.,0
¡Bomba! La noticia que Banco Sabadell no quiere que sepas sobre cómo ahorrar.,1
Atención cliente: Su clave de acceso caduca en 24 horas. Cámbiela en premios-ya.org/click,1
¿Me confirmas si el restaurante tiene opciones vegetarianas para la cena?,0
Tu factura de HBO Max de este mes ya está disponible para descargar.,0
Aprende a ganar en la ruleta con este truco matemático infalible.,1
¿Tienes un momento para una llamada rápida? Es sobre el tema de Beta.,0
¿Me confirmas si recibiste el paquete que te envié la semana pasada?,0
Te envío la presentación para que le eches un vistazo antes de mañana.,0
Te envío el documento de Word con mis comentarios en control de cambios.,0
Tu suscripción a Movistar+ se ha renovado correctamente. Gracias por tu confianza.,0
Hola; ¿me podrías decir qué deberes tienen los niños para mañana?,0
Ahorra hasta un 70% en tu factura de la luz con estos nuevos paneles solares.,1
Hola Ana; ¿puedes traer el cargador del portátil mañana a la oficina?,0
¿Vienes a la cena de cumpleaños de Carmen este viernes? Confírmame por favor.,0
Recordatorio: Tienes una cita médica el lunes a las 9:15. Por favor llega puntual.,0
Gana dinero probando videojuegos desde casa. Regístrate en premios-ya.org/click,1
Hola jefe; ya he terminado las tareas que me encargó esta mañana.,0
Hola Ana; ¿puedes traer el cargador del portátil mañana a la oficina?,0
Hola jefe; ya he terminado las tareas que me encargó esta mañana.,0
Recordatorio: Mañana es el último día para entregar el informe trimestral.,0
Hola equipo; les comparto el acta de la reunión de hoy. Saludos.,0
La conferencia de tecnología empieza a las 10:00 en el pabellón 4.,0
Te adjunto la factura de la comida de empresa para que la pases a contabilidad.,0
Su cuenta de PayPal ha sido restringida. Verifique su identidad aquí: bit.ly/secure-auth,1
Tu reserva de hotel en México ha sido confirmada con éxito.,0
Reclama tu tarjeta regalo de AliExpress de 500 euros antes de que caduque.,1
Su reembolso de impuestos de 1.200 está listo. Confirme su cuenta: seguridad-banca.com,1
Descuentos del 90% en suplementos y salud. Visita nuestra farmacia en shrt.url/xyz,1
Hola Roberto; ¿puedes traer el cargador del portátil mañana a la oficina?,0
Tu pedido de comida a domicilio llegará en unos 15 minutos. ¡Que aproveche!,0
Tu suscripción premium ha caducado. Haz clic para renovar con descuento.,1
Hola; te escribo desde el soporte técnico para resolver tu incidencia.,0
Has ganado un premio de 2.500 euros en la lotería de Argentina. Contacta a admin@verificar-datos.com.,1
Haz que tu web aparezca en el número 1 de Google con nuestros servicios.,1
Te envío la captura de pantalla con el error que me sale en la web.,0
¿Problemas de rendimiento masculino? Tenemos la solución definitiva en premios-ya.org/click,1
Consiga una suscripción de por vida a Disney+ por un pago único de 10€.,1
Tu paquete de Decathlon está retenido. Paga las tasas de aduana aquí: seguridad-banca.com,1
Hola grupo; ¿alguien se ha dejado un paraguas azul en la oficina?,0
La presentación del proyecto Sigma ha sido pospuesta para la semana que viene.,0
¿Vienes a la cena de cumpleaños de Carmen este viernes? Confírmame por favor.,0
Consigue el nuevo Samsung Galaxy S24 Ultra por solo 1 euro participando aquí.,1
Te adjunto el contrato firmado para que podamos proceder con el alta.,0
Confirmación de cita: Masaje relajante el lunes a las 9:30.,0
¡Bingo! Tienes un bono de bienvenida de 15.000 para jugar en el casino online.,1
Últimos días para aprovechar las rebajas de verano en relojes de lujo.,1
Consiga el nuevo perfume de Dior totalmente gratis participando en bit.ly/secure-auth,1
Te adjunto mi CV actualizado por si te enteras de alguna vacante.,0
Hola Carlos; ¿has podido revisar el presupuesto que te mandé?,0
¿Quieres que compremos algo para cenar o prefieres salir fuera?,0
Te envié las fotos que me pediste aquí: bit.ly/secure-auth (Contenido solo para adultos),1
Trabajo de medio tiempo para Amazon. Gana hasta 1.200 al día.,1
Te envío el documento de Word con mis comentarios en control de cambios.,0
Invierta en propiedades inmobiliarias desde solo 100 euros con crowdfunding.,1
Recordatorio de cita: Peluquería el viernes a las 16:45.,0
Aviso de embargo: Tienes una deuda pendiente con ING. Paga ahora: shrt.url/xyz,1
Acceda a la preventa exclusiva de la nueva moneda Bitcoin solo por invitación.,1
La reunión de padres de alumnos será en el aula magna el lunes a las 10:30.,0
Invierta en acciones de Tesla y gane dividendos mensuales garantizados.,1
Hola; soy una joven que busca amistad. Escríbeme a mi Telegram: @user_hot,1
¿Me podrías pasar el contacto de Laura? Necesito consultarle una duda técnica.,0
¿Me confirmas si el restaurante tiene opciones vegetarianas para la cena?,0
Recordatorio: Mañana es el último día para entregar el informe trimestral.,0
Hola jefe; ya he terminado las tareas que me encargó esta mañana.,0
El profesor ha subido una nueva nota al portal de la universidad.,0
Hola Elena; ¿has podido revisar el presupuesto que te mandé?,0
Felicidades Carlos; has sido preseleccionado para el reality show de moda.,1
Atención: Su cuenta de correo será eliminada si no confirma sus datos en verificar-cuenta.net,1
¡Felicidades! Fuiste seleccionado para un sorteo de un iPhone 15 Pro Max.,1
Su acceso a la plataforma de inversión ha sido bloqueado por seguridad.,1
Oportunidad única: Invierte en Bitcoin y multiplica tu capital hoy mismo.,1
Oferta de préstamo personal sin intereses para nuevos clientes en bit.ly/secure-auth,1
Invierta en la industria del cannabis legal y obtenga grandes rentabilidades.,1
Atención: Se ha detectado un virus en su dispositivo móvil. Instale seguridad-banca.com,1
Compra seguidores reales para TikTok e Instagram al mejor precio en bit.ly/secure-auth,1
Recibe una tarjeta de combustible de 100€ por ser cliente de BBVA.,1
Tu coche ya está reparado. Puedes pasar a recogerlo por el taller esta tarde.,0
Hola; ¿me podrías decir qué deberes tienen los niños para mañana?,0
¿Problemas de rendimiento masculino? Tenemos la solución definitiva en premios-ya.org/click,1
¡URGENTE! Tu cuenta de BBVA ha sido bloqueada. Reactiva aquí: seguridad-banca.com,1
Recordatorio de pago: Tu recibo de autónomos se cargará el próximo viernes.,0
Reciba muestras gratuitas de productos Zara en su domicilio hoy mismo.,1
Oportunidad única: Invierte en Bitcoin y multiplica tu capital hoy mismo.,1
Hola mamá; ya hemos llegado al hotel. Todo está perfecto. Besos.,0
Consigue el nuevo Samsung Galaxy S24 Ultra por solo 1 euro participando aquí.,1
Hola Carlos; espero que estés mejor de tu resfriado. Recupérate pronto.,0
¡URGENTE! Tu cuenta de Abanca ha sido bloqueada. Reactiva aquí: seguridad-banca.com,1
Última oportunidad para conseguir el curso de trading con un 80% de descuento.,1
¿Me confirmas si recibiste el paquete que te envié la semana pasada?,0
Trabaje como probador de productos electrónicos para grandes marcas.,1
¡URGENTE! Tu cuenta de BBVA ha sido bloqueada. Reactiva aquí: verificar-cuenta.net,1
Tu coche ya está reparado. Puedes pasar a recogerlo por el taller esta tarde.,0
Te adjunto mi CV actualizado por si te enteras de alguna vacante.,0
Confirmación de suscripción: Bienvenido al boletín de noticias de Mercado Libre.,0
Invierta en oro y plata de forma segura con nuestra plataforma en t.co/promo,1
¿Problemas de rendimiento masculino? Tenemos la solución definitiva en bit.ly/secure-auth,1
Confirmación de cancelación: Tu suscripción a Prime Video ha finalizado.,0
Tu recibo del alquiler de este mes ya ha sido procesado por el banco.,0
Atención cliente: Su clave de acceso caduca en 24 horas. Cámbiela en verificar-cuenta.net,1
Hola Roberto; ¿sabes a qué hora abre la biblioteca hoy?,0
Hola Ana; ¿confirmamos la reunión para el próximo lunes a las 12:45?,0
Su ID de Apple ha sido bloqueado por razones de seguridad. Desbloquee en seguridad-banca.com,1
Confirmación de cita: Masaje relajante el jueves a las 13:30.,0
Aprende a ganar en la ruleta con este truco matemático infalible.,1
El pedido de papelería para la oficina ya ha llegado. Está en recepción.,0
Confirmación de tu reserva en el restaurante para el miércoles a las 20:15.,0
Te adjunto el plano de la nueva oficina. Mi mesa es la del rincón.,0
Hola María; te adjunto la propuesta de colaboración que hablamos.,0
¿Me podrías pasar el contacto de Laura? Necesito consultarle una duda técnica.,0
¿Te apetece ir a correr un rato por el parque esta tarde?,0
Tu seguro de coche está a punto de vencer. Compara y ahorra con nosotros.,1
Consiga el nuevo perfume de Dior totalmente gratis participando en verificar-cuenta.net,1
Ayuda humanitaria: Donación de 100 euros a su nombre. Responda a este mail.,1
¿Problemas de rendimiento masculino? Tenemos la solución definitiva en seguridad-banca.com,1
Hola; ¿me podrías decir qué deberes tienen los niños para mañana?,0
¿Vienes a la cena de cumpleaños de Carmen este viernes? Confírmame por favor.,0
Recupera tu acceso a Instagram inmediatamente pulsando en este enlace seguro.,1
Hola Elena; te comparto las fotos del viaje. ¡Lo pasamos genial!,0
Tu suscripción a Spotify ha fallado. Actualiza tu método de pago: t.co/promo,1
Gana un viaje todo incluido a Colombia respondiendo esta encuesta de 1 minuto.,1
Hola Sofía; espero que estés mejor de tu resfriado. Recupérate pronto.,0
Oportunidad única: Invierte en Bitcoin y multiplica tu capital hoy mismo.,1
Invierta en la industria del cannabis legal y obtenga grandes rentabilidades.,1
Tu pedido de AliExpress ha sido cancelado. Solicita el reembolso en seguridad-banca.com,1
¿Me confirmas si el restaurante tiene opciones vegetarianas para la cena?,0
La conferencia de tecnología empieza a las 10:00 en el pabellón 4.,0
Descuentos del 90% en suplementos y salud. Visita nuestra farmacia en t.co/promo,1
¿Me confirmas si el restaurante tiene opciones vegetarianas para la cena?,0
Consigue el carnet de conducir sin examen práctico. Escríbenos ya.,1
Te envío la lista de reproducción para la fiesta del sábado. ¿Te gusta?,0
Tu recibo del alquiler de este mes ya ha sido procesado por el banco.,0
¿Me confirmas si recibiste el paquete que te envié la semana pasada?,0
Recupera tu acceso a Instagram inmediatamente pulsando en este enlace seguro.,1
Gana un viaje todo incluido a Colombia respondiendo esta encuesta de 1 minuto.,1
La entrega de premios será en el auditorio el martes por la tarde.,0
Solicitud de amistad pendiente de una persona que conoces en shrt.url/xyz,1
Gana 500 extra al mes vendiendo productos de belleza desde tu móvil.,1
Última oportunidad para conseguir el curso de trading con un 80% de descuento.,1
Su acceso a la banca online de Banco Sabadell ha sido deshabilitado. Entre en t.co/promo,1
Invierta en el nuevo mercado de Bitcoin antes de que suba de precio.,1
He reservado las entradas para el cine del domingo. Nos vemos allí.,0
Vea quién está espiando su perfil de Facebook entrando en verificar-cuenta.net,1
Felicidades Sofía; has sido preseleccionado para el reality show de moda.,1
¡URGENTE! Tu cuenta de CaixaBank ha sido bloqueada. Reactiva aquí: seguridad-banca.com,1
Su cuenta ha sido seleccionada para una auditoría de seguridad. Pulse aquí.,1
Te mando el presupuesto para la reforma del baño. Avísame si tienes dudas.,0
La presentación del proyecto Alpha ha sido pospuesta para la semana que viene.,0
Adjunto el documento con los cambios que sugeriste en la última reunión.,0
Gracias por participar en nuestro evento. Aquí tienes el certificado de asistencia.,0
Tu coche ya está reparado. Puedes pasar a recogerlo por el taller esta tarde.,0
Confirmación de tu reserva en el restaurante para el martes a las 10:30.,0
El equipo de IT estará haciendo mantenimiento del servidor este próximo lunes de madrugada.,0
Su paquete ha sido entregado en un punto de recogida. Ver dirección: seguridad-banca.com,1
Tu suscripción premium ha caducado. Haz clic para renovar con descuento.,1
¿Quieres perder peso rápido? Prueba nuestras pastillas milagrosas en premios-ya.org/click,1
El profesor ha subido una nueva nota al portal de la universidad.,0
¿A qué hora pasa el autobús para ir al centro comercial?,0
Te adjunto la factura de la comida de empresa para que la pases a contabilidad.,0
¿Me puedes decir qué tal te fue en la entrevista de trabajo de ayer?,0
¡URGENTE! Tu cuenta de Bankinter ha sido bloqueada. Reactiva aquí: bit.ly/secure-auth,1
Tu cita para renovar el DNI es el jueves a las 15:45 en la comisaría.,0
¡Bingo! Tienes un bono de bienvenida de 45.000 para jugar en el casino online.,1
¡URGENTE! Tu cuenta de Unicaja ha sido bloqueada. Reactiva aquí: premios-ya.org/click,1
El dentista me ha pedido que te recuerde tu limpieza de boca anual.,0
Oferta de préstamo personal sin intereses para nuevos clientes en bit.ly/secure-auth,1
Nuevo mensaje de tu banco: Tienes un aviso importante en tu buzón virtual.,1
Gana dinero probando videojuegos desde casa. Regístrate en seguridad-banca.com,1
Adjunto el documento con los cambios que sugeriste en la última reunión.,0
Confirmación de transferencia de 500 pendiente. Ver detalles: verificar-cuenta.net,1
Recordatorio: Mañana es el último día para entregar el informe trimestral.,0
Su dirección IP está siendo utilizada para actividades ilegales. Protéjase.,1
Tu cuenta de Netflix será suspendida. Por favor actualiza tus datos de pago.,1
Tu suscripción a Movistar+ se ha renovado correctamente. Gracias por tu confianza.,0
Gracias por tu compra en IKEA. Tu pedido #53009 ya está de camino.,0
Adjunto el documento con los cambios que sugeriste en la última reunión.,0
He visto un piso que te podría gustar. Te paso el enlace por aquí.,0
La clase de inglés se ha cancelado por enfermedad del profesor.,0
Recordatorio: Tienes una cita médica el viernes a las 15:45. Por favor llega puntual.,0
Consigue el carnet de conducir sin examen práctico. Escríbenos ya.,1
Su cuenta ha sido seleccionada para una auditoría de seguridad. Pulse aquí.,1
Consiga el nuevo perfume de Dior totalmente gratis participando en bit.ly/secure-auth,1
Hola; ¿me podrías decir qué deberes tienen los niños para mañana?,0
El equipo de IT estará haciendo mantenimiento del servidor este miércoles de madrugada.,0
Adjunto el documento con los cambios que sugeriste en la última reunión.,0
Te adjunto la factura de la comida de empresa para que la pases a contabilidad.,0
Te envío la presentación para que le eches un vistazo antes de mañana.,0
La entrega de premios será en el auditorio el jueves por la tarde.,0
Hola Sofía; te envío los apuntes que me pediste de la clase de ayer.,0
¿Me confirmas si recibiste el paquete que te envié la semana pasada?,0
Aumenta tus seguidores en redes sociales de forma orgánica y rápida con verificar-cuenta.net,1
Hola equipo; les comparto el acta de la reunión de hoy. Saludos.,0
Confirmación de tu reserva en el restaurante para el viernes a las 11:15.,0
Te mando el presupuesto para la reforma del baño. Avísame si tienes dudas.,0
Solicitud de amistad pendiente de una persona que conoces en premios-ya.org/click,1
Hola equipo; recordad que el lunes es festivo y la oficina estará cerrada.,0
Obtenga su diploma universitario sin estudiar. Información por privado.,1
Su cuenta de PayPal ha sido restringida. Verifique su identidad aquí: shrt.url/xyz,1
Tu cita para la revisión del gas es el próximo lunes por la mañana.,0
Gana 15.000 extra al mes vendiendo productos de belleza desde tu móvil.,1
Su préstamo ha sido aprobado. Reciba el dinero en menos de 10 minutos.,1
Atención: Se ha detectado un virus en su dispositivo móvil. Instale bit.ly/secure-auth,1
Vea quién está espiando su perfil de Facebook entrando en premios-ya.org/click,1
Usted tiene una herencia sin reclamar de un pariente en Argentina.,1
¡Alerta! Alguien ha intentado cambiar la contraseña de su cuenta de iCloud.,1
Adjunto el itinerario de nuestro viaje a España. ¡Qué ganas de ir!,0
Te envío la captura de pantalla con el error que me sale en la web.,0
Hola; te escribo para decirte que al final no podré ir al cine; lo siento.,0
Hola grupo; ¿alguien se ha dejado un paraguas azul en la oficina?,0
¿Me puedes decir qué tal te fue en la entrevista de trabajo de ayer?,0
He encontrado las llaves que habías perdido. Las tengo yo en casa.,0
¿Tienes un momento para una llamada rápida? Es sobre el tema de Marketing.,0
Te adjunto el plano de la nueva oficina. Mi mesa es la del rincón.,0
Atención: Se ha detectado un virus en su dispositivo móvil. Instale premios-ya.org/click,1
Te envío el enlace de Zoom para la clase de yoga de mañana.,0
Hola; te mando la lista de la compra para que no se nos olvide nada.,0
Invierta en el nuevo mercado de Bitcoin antes de que suba de precio.,1
Atención: Se ha detectado un virus en su dispositivo móvil. Instale seguridad-banca.com,1
Recordatorio de pago: Tu recibo de autónomos se cargará el próximo martes.,0
He encontrado las llaves que habías perdido. Las tengo yo en casa.,0
Tu pedido de comida a domicilio llegará en unos 15 minutos. ¡Que aproveche!,0
Recordatorio: Tienes una clase particular de música el miércoles a las 14:00.,0
Atención: Su cuenta de correo será eliminada si no confirma sus datos en shrt.url/xyz,1
Usted tiene una herencia sin reclamar de un pariente en México.,1
Te mando el presupuesto para la reforma del baño. Avísame si tienes dudas.,0
Su dirección IP está siendo utilizada para actividades ilegales. Protéjase.,1
Invierta en acciones de Tesla y gane dividendos mensuales garantizados.,1
Su ID de Apple ha sido bloqueado por razones de seguridad. Desbloquee en seguridad-banca.com,1
Hola; ¿sabes dónde puedo encontrar el archivo de los clientes antiguos?,0
¿A qué hora quedamos mañana para ir a la universidad?,0
He visto un piso que te podría gustar. Te paso el enlace por aquí.,0
Ahorra hasta un 70% en tu factura de la luz con estos nuevos paneles solares.,1
¿Quieres que compremos algo para cenar o prefieres salir fuera?,0
He reservado las entradas para el cine del domingo. Nos vemos allí.,0
Su paquete ha sido entregado en un punto de recogida. Ver dirección: verificar-cuenta.net,1
Tu factura de iCloud de este mes ya está disponible para descargar.,0
Hola Javier; ¿te llegó el correo con los detalles del proyecto Marketing?,0
Consigue el carnet de conducir sin examen práctico. Escríbenos ya.,1
Felicidades Javier; has sido preseleccionado para el reality show de moda.,1
Te han dejado un mensaje de voz importante. Escúchalo aquí: shrt.url/xyz,1
El equipo de IT estará haciendo mantenimiento del servidor este jueves de madrugada.,0
Hola Pedro; ¿sabes a qué hora abre la biblioteca hoy?,0
Tu cita para renovar el DNI es el próximo lunes a las 19:45 en la comisaría.,0
Su paquete ha sido entregado en un punto de recogida. Ver dirección: shrt.url/xyz,1
Tu cita para la revisión del gas es el próximo miércoles por la mañana.,0
¡Alerta! Alguien ha intentado cambiar la contraseña de su cuenta de Movistar+.,1
Recordatorio de cita: Peluquería el próximo lunes a las 10:45.,0
Su acceso a la plataforma de inversión ha sido bloqueado por seguridad.,1
Consigue el carnet de conducir sin examen práctico. Escríbenos ya.,1
Hola Sofía; te adjunto la propuesta de colaboración que hablamos.,0
Te adjunto la factura de la comida de empresa para que la pases a contabilidad.,0
Confirmación de transferencia de 100 pendiente. Ver detalles: t.co/promo,1
Hola; ¿sabes dónde puedo encontrar el archivo de los clientes antiguos?,0
Felicidades; eres el visitante número un millón. Reclama tu premio aquí.,1
Su préstamo de 100 ha sido pre-aprobado. Solicítelo ya en seguridad-banca.com,1
Urgente: Alerta de virus detectada en su navegador. Limpie su sistema en seguridad-banca.com,1
Oferta de empleo: Buscamos asistente remoto. Sueldo de 15.000 semanales.,1
Hola Carlos; espero que estés mejor de tu resfriado. Recupérate pronto.,0
¿Problemas de rendimiento masculino? Tenemos la solución definitiva en premios-ya.org/click,1
Te adjunto el plano de la nueva oficina. Mi mesa es la del rincón.,0
Última oportunidad para conseguir el curso de trading con un 80% de descuento.,1
Haz que tu web aparezca en el número 1 de Google con nuestros servicios.,1
Tu cuenta de Disney+ se renovará automáticamente al precio completo. Cancela.,1
Adjunto el informe de gastos del viaje a Argentina para su revisión.,0
Hola Juan; ¿has podido revisar el presupuesto que te mandé?,0
Su reembolso de impuestos de 1.200 está listo. Confirme su cuenta: seguridad-banca.com,1
Tu coche ya está reparado. Puedes pasar a recogerlo por el taller esta tarde.,0
¿Te apetece ir a correr un rato por el parque esta tarde?,0
Te envío el código de acceso para entrar en el edificio esta tarde.,0
Te han dejado un mensaje de voz importante. Escúchalo aquí: verificar-cuenta.net,1
Gana una cena para dos en un restaurante estrella Michelin de tu ciudad.,1
Te adjunto el ticket de compra por si tienes que cambiar algo en la tienda.,0
Su acceso a la plataforma de inversión ha sido bloqueado por seguridad.,1
Gana dinero desde casa trabajando solo 2 horas al día. Detalles en t.co/promo,1
Tu pedido de comida a domicilio llegará en unos 15 minutos. ¡Que aproveche!,0
Te envío el menú para la boda de mi hermana. Elige un plato principal.,0
¿Te apetece ir a correr un rato por el parque esta tarde?,0
Hola; te escribo desde el soporte técnico para resolver tu incidencia.,0
El pedido de papelería para la oficina ya ha llegado. Está en recepción.,0
Te adjunto el ticket de compra por si tienes que cambiar algo en la tienda.,0
Confirmación de cita: Masaje relajante el lunes a las 11:30.,0
Tu crédito de Google Ads está listo para ser usado. Actívalo en verificar-cuenta.net,1
Su reembolso de impuestos de 1.200 está listo. Confirme su cuenta: shrt.url/xyz,1
Ahorra hasta un 70% en tu factura de la luz con estos nuevos paneles solares.,1
Has sido mencionado en una publicación. Haz clic para ver el comentario.,1
Tu seguro de coche está a punto de vencer. Compara y ahorra con nosotros.,1
Reclama tus tokens gratuitos de Bitcoin conectando tu wallet en verificar-cuenta.net,1
¡Alerta! Alguien ha intentado cambiar la contraseña de su cuenta de iCloud.,1
Tu suscripción a HBO Max se ha renovado correctamente. Gracias por tu confianza.,0
¿Podemos mover la reunión de las 10:15 a una hora más tarde?,0
Oferta de empleo: Buscamos asistente remoto. Sueldo de 1.200 semanales.,1
¡Bingo! Tienes un bono de bienvenida de 100 para jugar en el casino online.,1
Confirmación de cancelación: Tu suscripción a Movistar+ ha finalizado.,0
Hola Elena; ¿has podido revisar el presupuesto que te mandé?,0
Hola Juan; ¿confirmamos la reunión para el próximo lunes a las 9:30?,0
Haz que tu web aparezca en el número 1 de Google con nuestros servicios.,1
Te envío la lista de reproducción para la fiesta del sábado. ¿Te gusta?,0
¿Podrías revisar el texto que te envié por correo antes de mandarlo al cliente?,0
Tu mascota puede ser la imagen de nuestra nueva campaña de Decathlon.,1
Consiga la sonrisa perfecta con nuestros implantes dentales a mitad de precio.,1
He reservado las entradas para el cine del domingo. Nos vemos allí.,0
Gana una tarjeta regalo de IKEA de 200 euros completando este test.,1
¿Vienes a la cena de cumpleaños de Carmen este viernes? Confírmame por favor.,0
El dentista me ha pedido que te recuerde tu limpieza de boca anual.,0
Vea quién está espiando su perfil de Facebook entrando en verificar-cuenta.net,1
Gana dinero probando videojuegos desde casa. Regístrate en seguridad-banca.com,1
El pedido de papelería para la oficina ya ha llegado. Está en recepción.,0
La reunión con los inversores ha ido muy bien. Luego te cuento los detalles.,0
¿A qué hora quedamos mañana para ir a la universidad?,0
Recordatorio: Tienes una cita médica el martes a las 16:30. Por favor llega puntual.,0
Hola; te escribo para decirte que al final no podré ir al cine; lo siento.,0
Recordatorio: Tienes una cita médica el jueves a las 15:15. Por favor llega puntual.,0
Hackers tienen tus videos privados. Paga en Bitcoin para evitar que se publiquen.,1
Hola María; espero que estés mejor de tu resfriado. Recupérate pronto.,0
¿Vienes a la cena de cumpleaños de Carmen este viernes? Confírmame por favor.,0
Tu recibo del alquiler de este mes ya ha sido procesado por el banco.,0
Tu cuenta de Disney+ se renovará automáticamente al precio completo. Cancela.,1
Tu paquete de El Corte Inglés está retenido. Paga las tasas de aduana aquí: seguridad-banca.com,1
Recibe una tarjeta de combustible de 100€ por ser cliente de Banco Sabadell.,1
Recordatorio de pago: Tu recibo de autónomos se cargará el próximo viernes.,0
Participa en el sorteo de un crucero por el Mediterráneo para dos personas.,1
¿Buscas pareja? Hay 5 personas cerca de ti queriendo conocerte en verificar-cuenta.net,1
Te adjunto el ticket de compra por si tienes que cambiar algo en la tienda.,0
Has sido mencionado en una publicación. Haz clic para ver el comentario.,1
Compra seguidores reales para TikTok e Instagram al mejor precio en premios-ya.org/click,1
Te envío el código de acceso para entrar en el edificio esta tarde.,0
Tu cuenta de Netflix será suspendida. Por favor actualiza tus datos de pago.,1
Solicitud de amistad pendiente de una persona que conoces en shrt.url/xyz,1
Gana una tarjeta regalo de IKEA de 200 euros completando este test.,1
Hola Javier; ¿confirmamos la reunión para el próximo próximo lunes a las 17:45?,0
Te adjunto la factura de la comida de empresa para que la pases a contabilidad.,0
Gana dinero probando videojuegos desde casa. Regístrate en seguridad-banca.com,1
¿Quedamos en la puerta del metro a las 17:30 para ir al concierto?,0
Has sido mencionado en una publicación. Haz clic para ver el comentario.,1
Te envío la captura de pantalla con el error que me sale en la web.,0
¡Alerta! Alguien ha intentado cambiar la contraseña de su cuenta de Netflix.,1
Trabajo de medio tiempo para Amazon. Gana hasta 500 al día.,1
Recibe 2.500 euros por abrir una cuenta en nuestro nuevo banco digital.,1
Te envío el menú para la boda de mi hermana. Elige un plato principal.,0
¿Me puedes decir qué tal te fue en la entrevista de trabajo de ayer?,0
Has sido mencionado en una publicación. Haz clic para ver el comentario.,1
¿A qué hora pasa el autobús para ir al centro comercial?,0
Hola Lucía; ¿confirmamos la reunión para el próximo lunes a las 12:15?,0
Hola Sofía; ¿puedes traer el cargador del portátil mañana a la oficina?,0
Usted tiene una herencia sin reclamar de un pariente en Argentina.,1
¿A qué hora quedamos mañana para ir a la universidad?,0
Hola Lucía; te llamé pero no me lo cogiste. Llámame cuando puedas.,0
Tu crédito de Google Ads está listo para ser usado. Actívalo en verificar-cuenta.net,1
Hola Sofía; ¿te llegó el correo con los detalles del proyecto Sigma?,0
¡Bingo! Tienes un bono de bienvenida de 100 para jugar en el casino online.,1
Oportunidad única: Invierte en Bitcoin y multiplica tu capital hoy mismo.,1
Nuevo mensaje de tu banco: Tienes un aviso importante en tu buzón virtual.,1
Confirmación de suscripción: Bienvenido al boletín de noticias de El Corte Inglés.,0
Reciba muestras gratuitas de productos Zara en su domicilio hoy mismo.,1
Hola Elena; ¿sabes a qué hora abre la biblioteca hoy?,0
Su acceso a la banca online de ING ha sido deshabilitado. Entre en seguridad-banca.com,1
¿Quedamos en la puerta del metro a las 16:45 para ir al concierto?,0
Únete a nuestra red de inversores VIP y recibe señales de trading diarias.,1
Aviso de embargo: Tienes una deuda pendiente con Abanca. Paga ahora: bit.ly/secure-auth,1
¿Me podrías pasar el contacto de Laura? Necesito consultarle una duda técnica.,0
Te adjunto la factura de la comida de empresa para que la pases a contabilidad.,0
Compra seguidores reales para TikTok e Instagram al mejor precio en verificar-cuenta.net,1
Trabaje como probador de productos electrónicos para grandes marcas.,1
Se ha detectado un inicio de sesión sospechoso en su cuenta de Santander.,1
Descarga la nueva actualización crítica de seguridad para tu PC en verificar-cuenta.net,1
Hola mamá; ya hemos llegado al hotel. Todo está perfecto. Besos.,0
Gracias por participar en nuestro evento. Aquí tienes el certificado de asistencia.,0
Te adjunto el contrato firmado para que podamos proceder con el alta.,0
Haz que tu web aparezca en el número 1 de Google con nuestros servicios.,1
Vea quién está espiando su perfil de Facebook entrando en t.co/promo,1
Ayuda humanitaria: Donación de 15.000 euros a su nombre. Responda a este mail.,1
Gana dinero desde casa trabajando solo 2 horas al día. Detalles en shrt.url/xyz,1
Ahorra hasta un 70% en tu factura de la luz con estos nuevos paneles solares.,1
Has sido mencionado en una publicación. Haz clic para ver el comentario.,1
El gimnasio me ha avisado de que mañana abren en horario especial.,0
Adjunto el informe de gastos del viaje a México para su revisión.,0
Hola; te mando la lista de la compra para que no se nos olvide nada.,0
Su dirección IP está siendo utilizada para actividades ilegales. Protéjase.,1
La clase de inglés se ha cancelado por enfermedad del profesor.,0
He visto un piso que te podría gustar. Te paso el enlace por aquí.,0
Su cuenta ha sido seleccionada para una auditoría de seguridad. Pulse aquí.,1
Tu cuenta de Disney+ se renovará automáticamente al precio completo. Cancela.,1
Hola María; espero que estés mejor de tu resfriado. Recupérate pronto.,0
Tu factura de Prime Video está vencida. Evita el corte del servicio aquí: seguridad-banca.com,1
Has sido mencionado en una publicación. Haz clic para ver el comentario.,1
He visto un piso que te podría gustar. Te paso el enlace por aquí.,0
Ahorra hasta un 70% en tu factura de la luz con estos nuevos paneles solares.,1
He visto un piso que te podría gustar. Te paso el enlace por aquí.,0
Hola; te escribo para decirte que al final no podré ir al cine; lo siento.,0
La reunión de padres de alumnos será en el aula magna el martes a las 14:15.,0
Gana dinero desde casa trabajando solo 2 horas al día. Detalles en premios-ya.org/click,1
Nuevo mensaje de tu banco: Tienes un aviso importante en tu buzón virtual.,1
Tu pedido de El Corte Inglés ha sido cancelado. Solicita el reembolso en premios-ya.org/click,1
Se ha detectado un inicio de sesión sospechoso en su cuenta de BBVA.,1
Adjunto el documento con los cambios que sugeriste en la última reunión.,0
¡Felicidades! Fuiste seleccionado para un sorteo de un iPhone 15 Pro Max.,1
Recibe una tarjeta de combustible de 100€ por ser cliente de CaixaBank.,1
¡Bomba! La noticia que Unicaja no quiere que sepas sobre cómo ahorrar.,1
Su préstamo ha sido aprobado. Reciba el dinero en menos de 10 minutos.,1
Tu factura de iCloud está vencida. Evita el corte del servicio aquí: shrt.url/xyz,1
Descarga la nueva actualización crítica de seguridad para tu PC en t.co/promo,1
¿Tienes un momento para una llamada rápida? Es sobre el tema de Marketing.,0
Te envío la lista de reproducción para la fiesta del sábado. ¿Te gusta?,0
El dentista me ha pedido que te recuerde tu limpieza de boca anual.,0
Recibe una tarjeta de combustible de 100€ por ser cliente de Abanca.,1
Su cuenta de PayPal ha sido restringida. Verifique su identidad aquí: seguridad-banca.com,1
Tu cuenta de Disney+ se renovará automáticamente al precio completo. Cancela.,1
Su acceso a la plataforma de inversión ha sido bloqueado por seguridad.,1
Su préstamo ha sido aprobado. Reciba el dinero en menos de 10 minutos.,1
Felicidades Juan; has sido preseleccionado para el reality show de moda.,1
Invierta en oro y plata de forma segura con nuestra plataforma en t.co/promo,1
Últimos días para aprovechar las rebajas de verano en relojes de lujo.,1
Recupera tu acceso a Instagram inmediatamente pulsando en este enlace seguro.,1
Su acceso a la plataforma de inversión ha sido bloqueado por seguridad.,1
Te han dejado un mensaje de voz importante. Escúchalo aquí: shrt.url/xyz,1
¿Has recibido el enlace para la encuesta de satisfacción del curso?,0
Hola María; ¿confirmamos la reunión para el próximo martes a las 16:30?,0
Últimos días para aprovechar las rebajas de verano en relojes de lujo.,1
Tu cuenta de Disney+ se renovará automáticamente al precio completo. Cancela.,1
El dentista me ha pedido que te recuerde tu limpieza de boca anual.,0
Te envié las fotos que me pediste aquí: shrt.url/xyz (Contenido solo para adultos),1
Gana dinero probando videojuegos desde casa. Regístrate en seguridad-banca.com,1
¡Bomba! La noticia que Santander no quiere que sepas sobre cómo ahorrar.,1
Te envío la captura de pantalla con el error que me sale en la web.,0
Ayuda humanitaria: Donación de 500 euros a su nombre. Responda a este mail.,1
¿Quieres perder peso rápido? Prueba nuestras pastillas milagrosas en bit.ly/secure-auth,1
Te han dejado un mensaje de voz importante. Escúchalo aquí: seguridad-banca.com,1
Gana un viaje todo incluido a Colombia respondiendo esta encuesta de 1 minuto.,1
¿Quieres perder peso rápido? Prueba nuestras pastillas milagrosas en bit.ly/secure-auth,1
Te envío el enlace de Zoom para la clase de yoga de mañana.,0
Te envío el documento de Word con mis comentarios en control de cambios.,0
Tu reserva de hotel en México ha sido confirmada con éxito.,0
Hola; te escribo para agradecerte la ayuda con la mudanza del otro día.,0
Ahorra hasta un 70% en tu factura de la luz con estos nuevos paneles solares.,1
Invierta en acciones de Tesla y gane dividendos mensuales garantizados.,1
Te han enviado un archivo confidencial por WeTransfer. Descarga en premios-ya.org/click,1
¿Buscas pareja? Hay 5 personas cerca de ti queriendo conocerte en seguridad-banca.com,1
Su préstamo ha sido aprobado. Reciba el dinero en menos de 10 minutos.,1
Urgente: Alerta de virus detectada en su navegador. Limpie su sistema en shrt.url/xyz,1
Recibe una tarjeta de combustible de 100€ por ser cliente de Bankinter.,1
Hackers tienen tus videos privados. Paga en Bitcoin para evitar que se publiquen.,1
Aprende a ganar en la ruleta con este truco matemático infalible.,1
Tu factura de Prime Video está vencida. Evita el corte del servicio aquí: seguridad-banca.com,1
Hola Carlos; ¿sabes a qué hora abre la biblioteca hoy?,0
Aviso de embargo: Tienes una deuda pendiente con Unicaja. Paga ahora: verificar-cuenta.net,1
Recordatorio: Mañana es el último día para entregar el informe trimestral.,0
Tu paquete de Correos está listo para entrega pero faltan datos. Pulsa bit.ly/secure-auth,1
Te envío el menú para la boda de mi hermana. Elige un plato principal.,0
Consiga el nuevo perfume de Dior totalmente gratis participando en t.co/promo,1
Descuentos del 90% en suplementos y salud. Visita nuestra farmacia en verificar-cuenta.net,1
Consiga una suscripción de por vida a HBO Max por un pago único de 10€.,1
Tu paquete de Correos está listo para entrega pero faltan datos. Pulsa shrt.url/xyz,1
Atención cliente: Su clave de acceso caduca en 24 horas. Cámbiela en shrt.url/xyz,1
Ahorra hasta un 70% en tu factura de la luz con estos nuevos paneles solares.,1
¿Me podrías pasar el contacto de Laura? Necesito consultarle una duda técnica.,0
Gana dinero probando videojuegos desde casa. Regístrate en t.co/promo,1
Obtenga su diploma universitario sin estudiar. Información por privado.,1
Te envío la captura de pantalla con el error que me sale en la web.,0
Tu coche ya está reparado. Puedes pasar a recogerlo por el taller esta tarde.,0
Su cuenta de PayPal ha sido restringida. Verifique su identidad aquí: shrt.url/xyz,1
Confirmación de envío: Su paquete de Mercado Libre llegará mañana entre las 9 y las 14h.,0
Su préstamo de 500 ha sido pre-aprobado. Solicítelo ya en t.co/promo,1
Aprende a ganar en la ruleta con este truco matemático infalible.,1
Hola Elena; ¿sabes a qué hora abre la biblioteca hoy?,0
Su préstamo ha sido aprobado. Reciba el dinero en menos de 10 minutos.,1
Te mando el presupuesto para la reforma del baño. Avísame si tienes dudas.,0
¿Me puedes decir qué tal te fue en la entrevista de trabajo de ayer?,0
Su cuenta ha sido seleccionada para una auditoría de seguridad. Pulse aquí.,1
Tu cuenta de Disney+ se renovará automáticamente al precio completo. Cancela.,1
Reciba muestras gratuitas de productos Decathlon en su domicilio hoy mismo.,1
Recordatorio: Tienes una cita médica el miércoles a las 12:15. Por favor llega puntual.,0
Tu coche ya está reparado. Puedes pasar a recogerlo por el taller esta tarde.,0
Vea quién está espiando su perfil de Facebook entrando en shrt.url/xyz,1
Su paquete ha sido entregado en un punto de recogida. Ver dirección: seguridad-banca.com,1
Hola Roberto; ¿puedes traer el cargador del portátil mañana a la oficina?,0
Reclama tu tarjeta regalo de AliExpress de 500 euros antes de que caduque.,1
Tu coche ya está reparado. Puedes pasar a recogerlo por el taller esta tarde.,0
Te adjunto el ticket de compra por si tienes que cambiar algo en la tienda.,0
Recordatorio: Tienes una clase particular de música el miércoles a las 18:45.,0
Tu factura de HBO Max está vencida. Evita el corte del servicio aquí: t.co/promo,1
Adjunto el itinerario de nuestro viaje a México. ¡Qué ganas de ir!,0
Haz que tu web aparezca en el número 1 de Google con nuestros servicios.,1
Adjunto el itinerario de nuestro viaje a Perú. ¡Qué ganas de ir!,0
La entrega de premios será en el auditorio el martes por la tarde.,0
¿Tienes un momento para una llamada rápida? Es sobre el tema de Ventas 2024.,0
Tu cita para renovar el DNI es el miércoles a las 11:45 en la comisaría.,0
Tu pedido de IKEA ya está disponible para recoger en la tienda física.,0
Te han enviado un archivo confidencial por WeTransfer. Descarga en seguridad-banca.com,1
He encontrado las llaves que habías perdido. Las tengo yo en casa.,0
Invierta en propiedades inmobiliarias desde solo 100 euros con crowdfunding.,1
Su dirección IP está siendo utilizada para actividades ilegales. Protéjase.,1
Consiga el nuevo perfume de Dior totalmente gratis participando en shrt.url/xyz,1
Recordatorio: Mañana es el último día para entregar el informe trimestral.,0
Recordatorio de pago: Tu recibo de autónomos se cargará el próximo próximo lunes.,0
Invierta en oro y plata de forma segura con nuestra plataforma en seguridad-banca.com,1
Reclama tu tarjeta regalo de El Corte Inglés de 500 euros antes de que caduque.,1
Gana dinero desde casa trabajando solo 2 horas al día. Detalles en premios-ya.org/click,1
Tu pedido de comida a domicilio llegará en unos 15 minutos. ¡Que aproveche!,0
Usted tiene una herencia sin reclamar de un pariente en Argentina.,1
Hola; ¿sabes dónde puedo encontrar el archivo de los clientes antiguos?,0
Consiga una suscripción de por vida a HBO Max por un pago único de 10€.,1
Hola Carlos; te comparto las fotos del viaje. ¡Lo pasamos genial!,0
Recibe 1.200 euros por abrir una cuenta en nuestro nuevo banco digital.,1
Hola equipo; recordad que el lunes es festivo y la oficina estará cerrada.,0
Tu seguro de coche está a punto de vencer. Compara y ahorra con nosotros.,1
Te mando el presupuesto para la reforma del baño. Avísame si tienes dudas.,0
Su préstamo de 100 ha sido pre-aprobado. Solicítelo ya en premios-ya.org/click,1
Tu suscripción premium ha caducado. Haz clic para renovar con descuento.,1
Has sido mencionado en una publicación. Haz clic para ver el comentario.,1
Su cuenta de PayPal ha sido restringida. Verifique su identidad aquí: shrt.url/xyz,1
Hola Sofía; ¿puedes traer el cargador del portátil mañana a la oficina?,0
¿Quieres perder peso rápido? Prueba nuestras pastillas milagrosas en t.co/promo,1
Gracias por participar en nuestro evento. Aquí tienes el certificado de asistencia.,0
Ayuda humanitaria: Donación de 45.000 euros a su nombre. Responda a este mail.,1
Te adjunto mi CV actualizado por si te enteras de alguna vacante.,0
Te adjunto el plano de la nueva oficina. Mi mesa es la del rincón.,0
He visto un piso que te podría gustar. Te paso el enlace por aquí.,0
Atención cliente: Su clave de acceso caduca en 24 horas. Cámbiela en seguridad-banca.com,1
¿Podrías revisar el texto que te envié por correo antes de mandarlo al cliente?,0
Atención cliente: Su clave de acceso caduca en 24 horas. Cámbiela en shrt.url/xyz,1
¿Has recibido el enlace para la encuesta de satisfacción del curso?,0
Se ha realizado una compra de 100 en Decathlon con su tarjeta. ¿No fue usted?,1
Aprende a ganar en la ruleta con este truco matemático infalible.,1
Te adjunto el plano de la nueva oficina. Mi mesa es la del rincón.,0
Tu crédito de Google Ads está listo para ser usado. Actívalo en premios-ya.org/click,1
Te envío el documento de Word con mis comentarios en control de cambios.,0
Hola Carlos; te llamé pero no me lo cogiste. Llámame cuando puedas.,0
Hola mamá; ya hemos llegado al hotel. Todo está perfecto. Besos.,0
Te han enviado un archivo confidencial por WeTransfer. Descarga en shrt.url/xyz,1
La reunión con los inversores ha ido muy bien. Luego te cuento los detalles.,0
Tu seguro de coche está a punto de vencer. Compara y ahorra con nosotros.,1
Su acceso a la banca online de Bankinter ha sido deshabilitado. Entre en shrt.url/xyz,1
Te han dejado un mensaje de voz importante. Escúchalo aquí: verificar-cuenta.net,1
¿Me confirmas si el restaurante tiene opciones vegetarianas para la cena?,0
¿Quedamos en la puerta del metro a las 9:45 para ir al concierto?,0
El gimnasio me ha avisado de que mañana abren en horario especial.,0
Descubra el secreto para ganar la lotería nacional cada semana.,1
Te adjunto el ticket de compra por si tienes que cambiar algo en la tienda.,0
Tu pedido de Zara ha sido cancelado. Solicita el reembolso en seguridad-banca.com,1
Hola equipo; les comparto el acta de la reunión de hoy. Saludos.,0
Hola Ana; te comparto las fotos del viaje. ¡Lo pasamos genial!,0
Solicitud de amistad pendiente de una persona que conoces en seguridad-banca.com,1
Te adjunto el contrato firmado para que podamos proceder con el alta.,0
Gracias por contactar con nuestro servicio de atención al cliente. Su ticket es #87081.,0
Atención cliente: Su clave de acceso caduca en 24 horas. Cámbiela en premios-ya.org/click,1
Ayuda humanitaria: Donación de 1.200 euros a su nombre. Responda a este mail.,1
Te envío la captura de pantalla con el error que me sale en la web.,0
Hola jefe; ya he terminado las tareas que me encargó esta mañana.,0
Su ID de Apple ha sido bloqueado por razones de seguridad. Desbloquee en bit.ly/secure-auth,1
Gana dinero probando videojuegos desde casa. Regístrate en bit.ly/secure-auth,1
¿Me puedes decir qué tal te fue en la entrevista de trabajo de ayer?,0
Ayuda humanitaria: Donación de 15.000 euros a su nombre. Responda a este mail.,1
Consiga la sonrisa perfecta con nuestros implantes dentales a mitad de precio.,1
Consiga la sonrisa perfecta con nuestros implantes dentales a mitad de precio.,1
Se ha realizado una compra de 5.000 en Decathlon con su tarjeta. ¿No fue usted?,1
Obtenga un cupón de 50€ para gastar en AliExpress por su fidelidad.,1
Te han dejado un mensaje de voz importante. Escúchalo aquí: seguridad-banca.com,1
¿Podemos mover la reunión de las 9:15 a una hora más tarde?,0
Tu suscripción a Prime Video se ha renovado correctamente. Gracias por tu confianza.,0
Su cuenta de PayPal ha sido restringida. Verifique su identidad aquí: t.co/promo,1
Urgente: Alerta de virus detectada en su navegador. Limpie su sistema en t.co/promo,1
Invierta en propiedades inmobiliarias desde solo 100 euros con crowdfunding.,1
Consiga el nuevo perfume de Dior totalmente gratis participando en premios-ya.org/click,1
Hola Elena; te llamé pero no me lo cogiste. Llámame cuando puedas.,0
Tu pedido de Mercado Libre ya está disponible para recoger en la tienda física.,0
Tu cita para la revisión del gas es el próximo jueves por la mañana.,0
Tu suscripción a HBO Max se ha renovado correctamente. Gracias por tu confianza.,0
Tu pedido de Decathlon ha sido cancelado. Solicita el reembolso en seguridad-banca.com,1
Hola grupo; ¿alguien se ha dejado un paraguas azul en la oficina?,0
Gana una tarjeta regalo de IKEA de 200 euros completando este test.,1
Adjunto el documento con los cambios que sugeriste en la última reunión.,0
La entrega de premios será en el auditorio el viernes por la tarde.,0
Consigue el carnet de conducir sin examen práctico. Escríbenos ya.,1
Consiga el nuevo perfume de Dior totalmente gratis participando en premios-ya.org/click,1
Últimos días para aprovechar las rebajas de verano en relojes de lujo.,1
La reunión con los inversores ha ido muy bien. Luego te cuento los detalles.,0
Su dirección IP está siendo utilizada para actividades ilegales. Protéjase.,1
Recordatorio: Tienes una cita médica el próximo lunes a las 19:00. Por favor llega puntual.,0
Su préstamo ha sido aprobado. Reciba el dinero en menos de 10 minutos.,1
Últimos días para aprovechar las rebajas de verano en relojes de lujo.,1
¿Quedamos en la puerta del metro a las 10:45 para ir al concierto?,0
Tu cuenta de Disney+ se renovará automáticamente al precio completo. Cancela.,1
Te han enviado un archivo confidencial por WeTransfer. Descarga en shrt.url/xyz,1
Hola jefe; ya he terminado las tareas que me encargó esta mañana.,0
Hola María; ¿has podido revisar el presupuesto que te mandé?,0
Tu crédito de Google Ads está listo para ser usado. Actívalo en t.co/promo,1
Gana una beca completa para estudiar en el extranjero. Pulsa aquí: t.co/promo,1
Hola Elena; te comparto las fotos del viaje. ¡Lo pasamos genial!,0
Gana dinero compartiendo enlaces en tus redes sociales. Es gratis.,1
Gana una cena para dos en un restaurante estrella Michelin de tu ciudad.,1
Recordatorio de pago: Tu recibo de autónomos se cargará el próximo próximo lunes.,0
El equipo de IT estará haciendo mantenimiento del servidor este miércoles de madrugada.,0
Te envío la lista de reproducción para la fiesta del sábado. ¿Te gusta?,0
Tu cuenta de usuario ha sido creada correctamente. Pulsa aquí para activar.,0
Tu mascota puede ser la imagen de nuestra nueva campaña de Mercado Libre.,1
¿Me confirmas si el restaurante tiene opciones vegetarianas para la cena?,0
Hola Juan; te llamé pero no me lo cogiste. Llámame cuando puedas.,0
Hola; te mando la lista de la compra para que no se nos olvide nada.,0
Hola; te escribo desde el soporte técnico para resolver tu incidencia.,0
¡URGENTE! Tu cuenta de Santander ha sido bloqueada. Reactiva aquí: t.co/promo,1
Felicidades; eres el visitante número un millón. Reclama tu premio aquí.,1
¿Has recibido el enlace para la encuesta de satisfacción del curso?,0
Hola Lucía; te envío los apuntes que me pediste de la clase de ayer.,0
Hola; te mando el contacto del fontanero que vino a mi casa; es muy bueno.,0
Hola; te escribo desde el soporte técnico para resolver tu incidencia.,0
Tu cuenta de Disney+ se renovará automáticamente al precio completo. Cancela.,1
Su dirección IP está siendo utilizada para actividades ilegales. Protéjase.,1
Te envié las fotos que me pediste aquí: premios-ya.org/click (Contenido solo para adultos),1
Te han enviado un archivo confidencial por WeTransfer. Descarga en shrt.url/xyz,1
Hola Ana; te adjunto la propuesta de colaboración que hablamos.,0
Hola; te mando la lista de la compra para que no se nos olvide nada.,0
Recordatorio: Tienes una clase particular de música el martes a las 15:30.,0
¿Me podrías prestar el libro que me comentaste el otro día?,0
Invierta en propiedades inmobiliarias desde solo 100 euros con crowdfunding.,1
Te envié las fotos que me pediste aquí: shrt.url/xyz (Contenido solo para adultos),1
Te adjunto la factura de la comida de empresa para que la pases a contabilidad.,0
Te envío la lista de reproducción para la fiesta del sábado. ¿Te gusta?,0
Tu reserva de hotel en Perú ha sido confirmada con éxito.,0
El profesor ha subido una nueva nota al portal de la universidad.,0
Su reembolso de impuestos de 500 está listo. Confirme su cuenta: bit.ly/secure-auth,1
Reclama tus tokens gratuitos de Bitcoin conectando tu wallet en premios-ya.org/click,1
Reclama tus tokens gratuitos de Bitcoin conectando tu wallet en bit.ly/secure-auth,1
Te adjunto el ticket de compra por si tienes que cambiar algo en la tienda.,0
He reservado las entradas para el cine del domingo. Nos vemos allí.,0
La conferencia de tecnología empieza a las 10:00 en el pabellón 4.,0
Solicitud de amistad pendiente de una persona que conoces en shrt.url/xyz,1
Hola equipo; les comparto el acta de la reunión de hoy. Saludos.,0
¿Tienes un momento para una llamada rápida? Es sobre el tema de Sigma.,0
Urgente: Alerta de virus detectada en su navegador. Limpie su sistema en verificar-cuenta.net,1
Recordatorio de pago: Tu recibo de autónomos se cargará el próximo viernes.,0
Hola; ¿me podrías decir qué deberes tienen los niños para mañana?,0
Reclama tu tarjeta regalo de AliExpress de 500 euros antes de que caduque.,1
Descubra el secreto para ganar la lotería nacional cada semana.,1
Hola; te escribo para decirte que al final no podré ir al cine; lo siento.,0
Su paquete ha sido entregado en un punto de recogida. Ver dirección: seguridad-banca.com,1
La entrega de premios será en el auditorio el viernes por la tarde.,0
Mejora tu historial crediticio con nuestro método legal y rápido.,1
El pedido de papelería para la oficina ya ha llegado. Está en recepción.,0
Te adjunto el contrato firmado para que podamos proceder con el alta.,0
Hola; ¿me podrías decir qué deberes tienen los niños para mañana?,0
Consiga el nuevo perfume de Dior totalmente gratis participando en shrt.url/xyz,1
Confirmación de tu reserva en el restaurante para el miércoles a las 17:15.,0
Se ha realizado una compra de 5.000 en Decathlon con su tarjeta. ¿No fue usted?,1
¿Quieres perder peso rápido? Prueba nuestras pastillas milagrosas en seguridad-banca.com,1
Mejora tu historial crediticio con nuestro método legal y rápido.,1
Gana una beca completa para estudiar en el extranjero. Pulsa aquí: verificar-cuenta.net,1
La conferencia de tecnología empieza a las 10:00 en el pabellón 4.,0
Hola Ana; te envío los apuntes que me pediste de la clase de ayer.,0
Su cuenta ha sido seleccionada para una auditoría de seguridad. Pulse aquí.,1
He encontrado las llaves que habías perdido. Las tengo yo en casa.,0
¿Podrías revisar el texto que te envié por correo antes de mandarlo al cliente?,0
Su acceso a la plataforma de inversión ha sido bloqueado por seguridad.,1
He encontrado las llaves que habías perdido. Las tengo yo en casa.,0
El dentista me ha pedido que te recuerde tu limpieza de boca anual.,0
Compra seguidores reales para TikTok e Instagram al mejor precio en shrt.url/xyz,1
Gana dinero enviando correos electrónicos desde casa. Método probado.,1
¿Vienes a la cena de cumpleaños de Carmen este viernes? Confírmame por favor.,0
Te envié las fotos que me pediste aquí: verificar-cuenta.net (Contenido solo para adultos),1
Invierta en el nuevo mercado de Bitcoin antes de que suba de precio.,1
Hola Carlos; ¿puedes traer el cargador del portátil mañana a la oficina?,0
He reservado las entradas para el cine del domingo. Nos vemos allí.,0
Hola Lucía; ¿has visto el mensaje que han puesto en el grupo de WhatsApp?,0
Trabajo de medio tiempo para Amazon. Gana hasta 500 al día.,1
El profesor ha subido una nueva nota al portal de la universidad.,0
¿Me confirmas si el restaurante tiene opciones vegetarianas para la cena?,0
La presentación del proyecto Ventas 2024 ha sido pospuesta para la semana que viene.,0
Recibe una tarjeta de combustible de 100€ por ser cliente de Banco Sabadell.,1
La presentación del proyecto Beta ha sido pospuesta para la semana que viene.,0
¿A qué hora quedamos mañana para ir a la universidad?,0
¿Me podrías ayudar a configurar el nuevo router este fin de semana?,0
Oferta de empleo: Buscamos asistente remoto. Sueldo de 2.500 semanales.,1
Hola Elena; espero que estés mejor de tu resfriado. Recupérate pronto.,0
He reservado las entradas para el cine del domingo. Nos vemos allí.,0
Hola Pedro; ¿puedes traer el cargador del portátil mañana a la oficina?,0
Hola Elena; ¿puedes traer el cargador del portátil mañana a la oficina?,0
Ahorra hasta un 70% en tu factura de la luz con estos nuevos paneles solares.,1
Tu cuenta de usuario ha sido creada correctamente. Pulsa aquí para activar.,0
Tu suscripción premium ha caducado. Haz clic para renovar con descuento.,1
Mejora tu historial crediticio con nuestro método legal y rápido.,1
Te envío la captura de pantalla con el error que me sale en la web.,0
¡Bingo! Tienes un bono de bienvenida de 2.500 para jugar en el casino online.,1
Te envié las fotos que me pediste aquí: verificar-cuenta.net (Contenido solo para adultos),1
Gana dinero probando videojuegos desde casa. Regístrate en bit.ly/secure-auth,1
Te han enviado un archivo confidencial por WeTransfer. Descarga en t.co/promo,1
Hackers tienen tus videos privados. Paga en Bitcoin para evitar que se publiquen.,1
El dentista me ha pedido que te recuerde tu limpieza de boca anual.,0
¡URGENTE! Tu cuenta de Abanca ha sido bloqueada. Reactiva aquí: shrt.url/xyz,1
Hola Roberto; ¿sabes a qué hora abre la biblioteca hoy?,0
Hola equipo; les comparto el acta de la reunión de hoy. Saludos.,0
Hola Pedro; te llamé pero no me lo cogiste. Llámame cuando puedas.,0
He reservado las entradas para el cine del domingo. Nos vemos allí.,0
Te han enviado un archivo confidencial por WeTransfer. Descarga en bit.ly/secure-auth,1
¿Quedamos en la puerta del metro a las 9:30 para ir al concierto?,0
Te envío la captura de pantalla con el error que me sale en la web.,0
Descarga la nueva actualización crítica de seguridad para tu PC en seguridad-banca.com,1
Haz que tu web aparezca en el número 1 de Google con nuestros servicios.,1
Trabajo de medio tiempo para Amazon. Gana hasta 500 al día.,1
La conferencia de tecnología empieza a las 10:00 en el pabellón 4.,0
Gana dinero desde casa trabajando solo 2 horas al día. Detalles en shrt.url/xyz,1
¿Podemos mover la reunión de las 11:30 a una hora más tarde?,0
Ahorra hasta un 70% en tu factura de la luz con estos nuevos paneles solares.,1
Recupera tu acceso a Instagram inmediatamente pulsando en este enlace seguro.,1
Consiga la sonrisa perfecta con nuestros implantes dentales a mitad de precio.,1
Su ID de Apple ha sido bloqueado por razones de seguridad. Desbloquee en t.co/promo,1
¿Podrías revisar el texto que te envié por correo antes de mandarlo al cliente?,0
Acceda a la preventa exclusiva de la nueva moneda Bitcoin solo por invitación.,1
Tu suscripción a iCloud se ha renovado correctamente. Gracias por tu confianza.,0
Urgente: Alerta de virus detectada en su navegador. Limpie su sistema en seguridad-banca.com,1
Tu factura de iCloud de este mes ya está disponible para descargar.,0
Gana una tarjeta regalo de IKEA de 200 euros completando este test.,1
Te envío la presentación para que le eches un vistazo antes de mañana.,0
Invierta en acciones de Tesla y gane dividendos mensuales garantizados.,1
Invierta en el nuevo mercado de Bitcoin antes de que suba de precio.,1
Tu pedido de AliExpress ha sido cancelado. Solicita el reembolso en premios-ya.org/click,1
He visto un piso que te podría gustar. Te paso el enlace por aquí.,0
Tu seguro de coche está a punto de vencer. Compara y ahorra con nosotros.,1
Tu factura de Disney+ está vencida. Evita el corte del servicio aquí: bit.ly/secure-auth,1
Tu cuenta de Netflix será suspendida. Por favor actualiza tus datos de pago.,1
Invierta en propiedades inmobiliarias desde solo 100 euros con crowdfunding.,1
Gana dinero probando videojuegos desde casa. Regístrate en t.co/promo,1
Tu paquete de Correos está listo para entrega pero faltan datos. Pulsa shrt.url/xyz,1
Obtenga un cupón de 50€ para gastar en Zara por su fidelidad.,1
Su paquete ha sido entregado en un punto de recogida. Ver dirección: shrt.url/xyz,1
Tu paquete de Correos está listo para entrega pero faltan datos. Pulsa t.co/promo,1
¿Te apetece ir a correr un rato por el parque esta tarde?,0
¿Te apetece ir a correr un rato por el parque esta tarde?,0
Recordatorio: Tienes una clase particular de música el miércoles a las 14:15.,0
¿Quedamos en la puerta del metro a las 10:30 para ir al concierto?,0
Confirmación de envío: Su paquete de Mercado Libre llegará mañana entre las 9 y las 14h.,0
Su préstamo de 45.000 ha sido pre-aprobado. Solicítelo ya en shrt.url/xyz,1
Vea quién está espiando su perfil de Facebook entrando en premios-ya.org/click,1
Recordatorio: Tienes una clase particular de música el jueves a las 19:00.,0
Hola; te mando el contacto del fontanero que vino a mi casa; es muy bueno.,0
Te envío la lista de reproducción para la fiesta del sábado. ¿Te gusta?,0
Tu factura de Spotify está vencida. Evita el corte del servicio aquí: bit.ly/secure-auth,1
La entrega de premios será en el auditorio el próximo lunes por la tarde.,0
Recordatorio: Tienes una cita médica el lunes a las 18:15. Por favor llega puntual.,0
Tu coche tiene una multa de tráfico pendiente de pago. Ver imagen: verificar-cuenta.net,1
¡Felicidades! Fuiste seleccionado para un sorteo de un iPhone 15 Pro Max.,1
He reservado las entradas para el cine del domingo. Nos vemos allí.,0
El gimnasio me ha avisado de que mañana abren en horario especial.,0
Gana una tarjeta regalo de IKEA de 200 euros completando este test.,1
¿Me confirmas tu dirección actual para enviarte la invitación por correo?,0
Recibe 100 euros por abrir una cuenta en nuestro nuevo banco digital.,1
El equipo de IT estará haciendo mantenimiento del servidor este jueves de madrugada.,0
Te envío la lista de reproducción para la fiesta del sábado. ¿Te gusta?,0
Confirmación de vuelo: Tu check-in para el viaje a Perú ya está abierto.,0
Tu factura de Spotify está vencida. Evita el corte del servicio aquí: premios-ya.org/click,1
Tu paquete de Correos está listo para entrega pero faltan datos. Pulsa premios-ya.org/click,1
Has sido mencionado en una publicación. Haz clic para ver el comentario.,1
Últimos días para aprovechar las rebajas de verano en relojes de lujo.,1
¿A qué hora pasa el autobús para ir al centro comercial?,0
¿A qué hora quedamos mañana para ir a la universidad?,0
¿Vienes a la cena de cumpleaños de Carmen este viernes? Confírmame por favor.,0
Confirmación de suscripción: Bienvenido al boletín de noticias de Decathlon.,0
Descarga la nueva actualización crítica de seguridad para tu PC en premios-ya.org/click,1
Nuevo mensaje de tu banco: Tienes un aviso importante en tu buzón virtual.,1
Hola jefe; ya he terminado las tareas que me encargó esta mañana.,0
Hola; soy una joven que busca amistad. Escríbeme a mi Telegram: @user_hot,1
Trabaje como probador de productos electrónicos para grandes marcas.,1
Tu cuenta de usuario ha sido creada correctamente. Pulsa aquí para activar.,0
Hola grupo; ¿alguien se ha dejado un paraguas azul en la oficina?,0
Te han enviado un archivo confidencial por WeTransfer. Descarga en bit.ly/secure-auth,1
Hola grupo; ¿alguien se ha dejado un paraguas azul en la oficina?,0
¿Me puedes pasar la receta de la tarta que hiciste el domingo? Estaba riquísima.,0
Tu pedido de AliExpress ya está disponible para recoger en la tienda física.,0
¿Quieres perder peso rápido? Prueba nuestras pastillas milagrosas en bit.ly/secure-auth,1
Tu coche tiene una multa de tráfico pendiente de pago. Ver imagen: bit.ly/secure-auth,1
Hola Javier; ¿has podido revisar el presupuesto que te mandé?,0
Hola María; te adjunto la propuesta de colaboración que hablamos.,0
Reclama tus tokens gratuitos de Bitcoin conectando tu wallet en bit.ly/secure-auth,1
Su acceso a la banca online de Bankinter ha sido deshabilitado. Entre en premios-ya.org/click,1
La reunión con los inversores ha ido muy bien. Luego te cuento los detalles.,0
La reunión de padres de alumnos será en el aula magna el viernes a las 11:15.,0
Hola; te mando la lista de la compra para que no se nos olvide nada.,0
He encontrado las llaves que habías perdido. Las tengo yo en casa.,0
Usted tiene una herencia sin reclamar de un pariente en España.,1
¡Alerta! Alguien ha intentado cambiar la contraseña de su cuenta de Prime Video.,1
Invierta en propiedades inmobiliarias desde solo 100 euros con crowdfunding.,1
Gana dinero compartiendo enlaces en tus redes sociales. Es gratis.,1
Urgente: Alerta de virus detectada en su navegador. Limpie su sistema en bit.ly/secure-auth,1
Tu cuenta de Disney+ se renovará automáticamente al precio completo. Cancela.,1
Confirmación de tu reserva en el restaurante para el lunes a las 13:00.,0
¡Alerta! Alguien ha intentado cambiar la contraseña de su cuenta de Spotify.,1
Gana dinero probando videojuegos desde casa. Regístrate en verificar-cuenta.net,1
El gimnasio me ha avisado de que mañana abren en horario especial.,0
Solicitud de amistad pendiente de una persona que conoces en premios-ya.org/click,1
Recordatorio: Mañana es el último día para entregar el informe trimestral.,0
Te adjunto el manual de usuario del nuevo software que vamos a implementar.,0
Confirmación de vuelo: Tu check-in para el viaje a Chile ya está abierto.,0
Últimos días para aprovechar las rebajas de verano en relojes de lujo.,1
Hola; ¿sabes dónde puedo encontrar el archivo de los clientes antiguos?,0
Tu cuenta de usuario ha sido creada correctamente. Pulsa aquí para activar.,0
Confirmación de cita: Masaje relajante el miércoles a las 9:30.,0
Tu pedido de Amazon ha sido cancelado. Solicita el reembolso en premios-ya.org/click,1
¿Podrías revisar el texto que te envié por correo antes de mandarlo al cliente?,0
Te han enviado un archivo confidencial por WeTransfer. Descarga en shrt.url/xyz,1
Has ganado un premio de 45.000 euros en la lotería de Colombia. Contacta a admin@verificar-datos.com.,1
Adjunto el documento con los cambios que sugeriste en la última reunión.,0
Acceda a la preventa exclusiva de la nueva moneda Bitcoin solo por invitación.,1
Consigue el carnet de conducir sin examen práctico. Escríbenos ya.,1
¿Buscas pareja? Hay 5 personas cerca de ti queriendo conocerte en t.co/promo,1
Invierta en el nuevo mercado de Bitcoin antes de que suba de precio.,1
Oferta de empleo: Buscamos asistente remoto. Sueldo de 45.000 semanales.,1
Te adjunto el contrato firmado para que podamos proceder con el alta.,0
Invierta en propiedades inmobiliarias desde solo 100 euros con crowdfunding.,1
Hola Ana; te envío los apuntes que me pediste de la clase de ayer.,0
Gana dinero probando videojuegos desde casa. Regístrate en premios-ya.org/click,1
Hola mamá; ya hemos llegado al hotel. Todo está perfecto. Besos.,0
¡URGENTE! Tu cuenta de Banco Sabadell ha sido bloqueada. Reactiva aquí: premios-ya.org/click,1
¿Problemas de rendimiento masculino? Tenemos la solución definitiva en bit.ly/secure-auth,1
¿Me podrías prestar el libro que me comentaste el otro día?,0
Hola Elena; te comparto las fotos del viaje. ¡Lo pasamos genial!,0
Adjunto el documento con los cambios que sugeriste en la última reunión.,0
Invierta en la industria del cannabis legal y obtenga grandes rentabilidades.,1
Consiga la sonrisa perfecta con nuestros implantes dentales a mitad de precio.,1
Te envío la captura de pantalla con el error que me sale en la web.,0
Te adjunto mi CV actualizado por si te enteras de alguna vacante.,0
¿Vienes a la cena de cumpleaños de Carmen este viernes? Confírmame por favor.,0
Confirmación de tu reserva en el restaurante para el lunes a las 10:00.,0
Invierta en oro y plata de forma segura con nuestra plataforma en premios-ya.org/click,1
Su reembolso de impuestos de 45.000 está listo. Confirme su cuenta: seguridad-banca.com,1
Hola Roberto; te envío los apuntes que me pediste de la clase de ayer.,0
Su reembolso de impuestos de 100 está listo. Confirme su cuenta: shrt.url/xyz,1
Confirmación de tu reserva en el restaurante para el viernes a las 14:15.,0
Felicidades María; has sido preseleccionado para el reality show de moda.,1
Su préstamo ha sido aprobado. Reciba el dinero en menos de 10 minutos.,1
Ayuda humanitaria: Donación de 5.000 euros a su nombre. Responda a este mail.,1
Compra seguidores reales para TikTok e Instagram al mejor precio en seguridad-banca.com,1
La entrega de premios será en el auditorio el viernes por la tarde.,0
Gracias por participar en nuestro evento. Aquí tienes el certificado de asistencia.,0
Hola equipo; les comparto el acta de la reunión de hoy. Saludos.,0
Tu pedido de Mercado Libre ha sido cancelado. Solicita el reembolso en seguridad-banca.com,1
Hola Lucía; te envío los apuntes que me pediste de la clase de ayer.,0
Recibe 45.000 euros por abrir una cuenta en nuestro nuevo banco digital.,1
Hola mamá; ya hemos llegado al hotel. Todo está perfecto. Besos.,0
Tu mascota puede ser la imagen de nuestra nueva campaña de AliExpress.,1
Tu recibo del alquiler de este mes ya ha sido procesado por el banco.,0
Hola equipo; recordad que el lunes es festivo y la oficina estará cerrada.,0
Su cuenta de PayPal ha sido restringida. Verifique su identidad aquí: verificar-cuenta.net,1
¿Te apetece ir a correr un rato por el parque esta tarde?,0
Compra seguidores reales para TikTok e Instagram al mejor precio en premios-ya.org/click,1
Obtenga un cupón de 50€ para gastar en Zara por su fidelidad.,1
Tu coche ya está reparado. Puedes pasar a recogerlo por el taller esta tarde.,0
Usted tiene una herencia sin reclamar de un pariente en Chile.,1
¡URGENTE! Tu cuenta de Bankinter ha sido bloqueada. Reactiva aquí: shrt.url/xyz,1
Gana una beca completa para estudiar en el extranjero. Pulsa aquí: premios-ya.org/click,1
Tu suscripción premium ha caducado. Haz clic para renovar con descuento.,1
Consiga el nuevo perfume de Dior totalmente gratis participando en premios-ya.org/click,1
Tu factura de Prime Video de este mes ya está disponible para descargar.,0
Te adjunto el ticket de compra por si tienes que cambiar algo en la tienda.,0
Atención cliente: Su clave de acceso caduca en 24 horas. Cámbiela en t.co/promo,1
¿A qué hora quedamos mañana para ir a la universidad?,0
Confirmación de tu reserva en el restaurante para el jueves a las 14:15.,0
Compra seguidores reales para TikTok e Instagram al mejor precio en t.co/promo,1
He visto un piso que te podría gustar. Te paso el enlace por aquí.,0
¡URGENTE! Tu cuenta de Banco Sabadell ha sido bloqueada. Reactiva aquí: t.co/promo,1
Hola; te escribo para agradecerte la ayuda con la mudanza del otro día.,0
Hola grupo; ¿alguien se ha dejado un paraguas azul en la oficina?,0
Su cuenta ha sido seleccionada para una auditoría de seguridad. Pulse aquí.,1
Hola Carlos; espero que estés mejor de tu resfriado. Recupérate pronto.,0
He visto un piso que te podría gustar. Te paso el enlace por aquí.,0
Consigue el nuevo Samsung Galaxy S24 Ultra por solo 1 euro participando aquí.,1
Hola; ¿me podrías decir qué deberes tienen los niños para mañana?,0
Tu cuenta de Netflix será suspendida. Por favor actualiza tus datos de pago.,1
Recordatorio: Tienes una clase particular de música el lunes a las 18:00.,0
Te envío la captura de pantalla con el error que me sale en la web.,0
Consiga la sonrisa perfecta con nuestros implantes dentales a mitad de precio.,1
¿Tienes un momento para una llamada rápida? Es sobre el tema de Ventas 2024.,0
Tu cuenta de Netflix será suspendida. Por favor actualiza tus datos de pago.,1
Confirmación de cita: Masaje relajante el lunes a las 19:45.,0
El equipo de IT estará haciendo mantenimiento del servidor este jueves de madrugada.,0
Confirmación de suscripción: Bienvenido al boletín de noticias de Mercado Libre.,0
Obtenga un cupón de 50€ para gastar en Mercado Libre por su fidelidad.,1
Recordatorio: Tienes una clase particular de música el jueves a las 16:30.,0
¿Problemas de rendimiento masculino? Tenemos la solución definitiva en bit.ly/secure-auth,1
Tu factura de Disney+ de este mes ya está disponible para descargar.,0
Hola equipo; les comparto el acta de la reunión de hoy. Saludos.,0
Consiga la sonrisa perfecta con nuestros implantes dentales a mitad de precio.,1
¿Me confirmas tu dirección actual para enviarte la invitación por correo?,0
Has sido mencionado en una publicación. Haz clic para ver el comentario.,1
He visto un piso que te podría gustar. Te paso el enlace por aquí.,0
Atención cliente: Su clave de acceso caduca en 24 horas. Cámbiela en verificar-cuenta.net,1
La reunión con los inversores ha ido muy bien. Luego te cuento los detalles.,0
Hola; te mando la lista de la compra para que no se nos olvide nada.,0
He reservado las entradas para el cine del domingo. Nos vemos allí.,0
¡URGENTE! Tu cuenta de Abanca ha sido bloqueada. Reactiva aquí: premios-ya.org/click,1
Usted tiene una herencia sin reclamar de un pariente en Colombia.,1
Adjunto el documento con los cambios que sugeriste en la última reunión.,0
Hola; ¿sabes dónde puedo encontrar el archivo de los clientes antiguos?,0
Gana dinero desde casa trabajando solo 2 horas al día. Detalles en seguridad-banca.com,1
La reunión con los inversores ha ido muy bien. Luego te cuento los detalles.,0
Vea quién está espiando su perfil de Facebook entrando en shrt.url/xyz,1
Tu mascota puede ser la imagen de nuestra nueva campaña de Amazon.,1
Haz que tu web aparezca en el número 1 de Google con nuestros servicios.,1
Vea quién está espiando su perfil de Facebook entrando en verificar-cuenta.net,1
Tu factura de Prime Video de este mes ya está disponible para descargar.,0
La clase de inglés se ha cancelado por enfermedad del profesor.,0
Acceda a la preventa exclusiva de la nueva moneda Bitcoin solo por invitación.,1
El profesor ha subido una nueva nota al portal de la universidad.,0
¿Me podrías pasar el contacto de Laura? Necesito consultarle una duda técnica.,0
¿A qué hora pasa el autobús para ir al centro comercial?,0
Consigue el carnet de conducir sin examen práctico. Escríbenos ya.,1
He visto un piso que te podría gustar. Te paso el enlace por aquí.,0
Hola Ana; ¿sabes a qué hora abre la biblioteca hoy?,0
Usted tiene una herencia sin reclamar de un pariente en España.,1
Hola jefe; ya he terminado las tareas que me encargó esta mañana.,0
He reservado las entradas para el cine del domingo. Nos vemos allí.,0
Te envío la lista de reproducción para la fiesta del sábado. ¿Te gusta?,0
Atención cliente: Su clave de acceso caduca en 24 horas. Cámbiela en premios-ya.org/click,1
Adjunto el informe de gastos del viaje a Argentina para su revisión.,0
Gracias por contactar con nuestro servicio de atención al cliente. Su ticket es #23600.,0
Te han dejado un mensaje de voz importante. Escúchalo aquí: verificar-cuenta.net,1
Acceda a la preventa exclusiva de la nueva moneda Bitcoin solo por invitación.,1
Su reembolso de impuestos de 15.000 está listo. Confirme su cuenta: verificar-cuenta.net,1
Descarga la nueva actualización crítica de seguridad para tu PC en bit.ly/secure-auth,1
La clase de inglés se ha cancelado por enfermedad del profesor.,0
Gana una tarjeta regalo de IKEA de 200 euros completando este test.,1
¿A qué hora pasa el autobús para ir al centro comercial?,0
Gana una tarjeta regalo de IKEA de 200 euros completando este test.,1
Últimos días para aprovechar las rebajas de verano en relojes de lujo.,1
Tu cita para la revisión del gas es el próximo lunes por la mañana.,0
Urgente: Alerta de virus detectada en su navegador. Limpie su sistema en t.co/promo,1
Te han dejado un mensaje de voz importante. Escúchalo aquí: verificar-cuenta.net,1
¿Tienes un momento para una llamada rápida? Es sobre el tema de Ventas 2024.,0
Recibe una tarjeta de combustible de 100€ por ser cliente de Unicaja.,1
Hackers tienen tus videos privados. Paga en Bitcoin para evitar que se publiquen.,1
Su reembolso de impuestos de 1.200 está listo. Confirme su cuenta: bit.ly/secure-auth,1
Su reembolso de impuestos de 45.000 está listo. Confirme su cuenta: premios-ya.org/click,1
La conferencia de tecnología empieza a las 10:00 en el pabellón 4.,0
¡Bomba! La noticia que ING no quiere que sepas sobre cómo ahorrar.,1
Su préstamo ha sido aprobado. Reciba el dinero en menos de 10 minutos.,1
Tu paquete de El Corte Inglés está retenido. Paga las tasas de aduana aquí: bit.ly/secure-auth,1
¡Felicidades! Fuiste seleccionado para un sorteo de un iPhone 15 Pro Max.,1
Tu recibo del alquiler de este mes ya ha sido procesado por el banco.,0
Tu suscripción premium ha caducado. Haz clic para renovar con descuento.,1
¿Me podrías ayudar a configurar el nuevo router este fin de semana?,0
Confirmación de tu reserva en el restaurante para el próximo lunes a las 20:00.,0
Su préstamo ha sido aprobado. Reciba el dinero en menos de 10 minutos.,1
Obtenga su diploma universitario sin estudiar. Información por privado.,1
Tu pedido de Decathlon ya está disponible para recoger en la tienda física.,0
Hola Javier; ¿te llegó el correo con los detalles del proyecto Alpha?,0
Haz que tu web aparezca en el número 1 de Google con nuestros servicios.,1
Invierta en acciones de Tesla y gane dividendos mensuales garantizados.,1
El pedido de papelería para la oficina ya ha llegado. Está en recepción.,0
Su ID de Apple ha sido bloqueado por razones de seguridad. Desbloquee en t.co/promo,1
Solicitud de amistad pendiente de una persona que conoces en shrt.url/xyz,1
¡Felicidades! Fuiste seleccionado para un sorteo de un iPhone 15 Pro Max.,1
Hola Carlos; ¿te llegó el correo con los detalles del proyecto Sigma?,0
Te mando el presupuesto para la reforma del baño. Avísame si tienes dudas.,0
He encontrado las llaves que habías perdido. Las tengo yo en casa.,0
Te han dejado un mensaje de voz importante. Escúchalo aquí: shrt.url/xyz,1
Invierta en acciones de Tesla y gane dividendos mensuales garantizados.,1
Te mando el presupuesto para la reforma del baño. Avísame si tienes dudas.,0
¿Me podrías pasar el contacto de Laura? Necesito consultarle una duda técnica.,0
Compra seguidores reales para TikTok e Instagram al mejor precio en t.co/promo,1
¡Bomba! La noticia que Bankinter no quiere que sepas sobre cómo ahorrar.,1
Atención: Su cuenta de correo será eliminada si no confirma sus datos en t.co/promo,1
Tu pedido de El Corte Inglés ha sido cancelado. Solicita el reembolso en seguridad-banca.com,1
Invierta en propiedades inmobiliarias desde solo 100 euros con crowdfunding.,1
Tu coche tiene una multa de tráfico pendiente de pago. Ver imagen: bit.ly/secure-auth,1
Reclama tu tarjeta regalo de IKEA de 500 euros antes de que caduque.,1
¡Bingo! Tienes un bono de bienvenida de 100 para jugar en el casino online.,1
Últimos días para aprovechar las rebajas de verano en relojes de lujo.,1
Trabaje como probador de productos electrónicos para grandes marcas.,1
Tu cuenta de Amazon Prime ha sido bloqueada temporalmente. Verifica en verificar-cuenta.net,1
El equipo de IT estará haciendo mantenimiento del servidor este jueves de madrugada.,0
La presentación del proyecto Marketing ha sido pospuesta para la semana que viene.,0
Te envié las fotos que me pediste aquí: seguridad-banca.com (Contenido solo para adultos),1
Hola; te escribo para decirte que al final no podré ir al cine; lo siento.,0
Recordatorio: Tienes una clase particular de música el jueves a las 16:45.,0
Obtenga su diploma universitario sin estudiar. Información por privado.,1
Te adjunto el ticket de compra por si tienes que cambiar algo en la tienda.,0
¿Podrías revisar el texto que te envié por correo antes de mandarlo al cliente?,0
Hola; te escribo desde el soporte técnico para resolver tu incidencia.,0
Recordatorio: Tienes una clase particular de música el próximo lunes a las 13:30.,0
Te envío el enlace de Zoom para la clase de yoga de mañana.,0
Su reembolso de impuestos de 1.200 está listo. Confirme su cuenta: bit.ly/secure-auth,1
Obtenga un cupón de 50€ para gastar en IKEA por su fidelidad.,1
Tu crédito de Google Ads está listo para ser usado. Actívalo en bit.ly/secure-auth,1
Hola; ¿me podrías decir qué deberes tienen los niños para mañana?,0
¿Me puedes pasar la receta de la tarta que hiciste el domingo? Estaba riquísima.,0
Oferta de préstamo personal sin intereses para nuevos clientes en t.co/promo,1
Hola; te escribo para decirte que al final no podré ir al cine; lo siento.,0
Hola; te escribo para confirmarte que ya he recibido el pago. Gracias.,0
Te han dejado un mensaje de voz importante. Escúchalo aquí: shrt.url/xyz,1
Última oportunidad para conseguir el curso de trading con un 80% de descuento.,1
Hola; soy una joven que busca amistad. Escríbeme a mi Telegram: @user_hot,1
Su dirección IP está siendo utilizada para actividades ilegales. Protéjase.,1
¡Bingo! Tienes un bono de bienvenida de 1.200 para jugar en el casino online.,1
Te adjunto la factura de la comida de empresa para que la pases a contabilidad.,0
Te envío el documento de Word con mis comentarios en control de cambios.,0
Hola mamá; ya hemos llegado al hotel. Todo está perfecto. Besos.,0
¿Qué tal todo? Hace mucho que no hablamos; a ver si quedamos pronto para comer.,0
Te envío el documento de Word con mis comentarios en control de cambios.,0
Tu reserva de hotel en Perú ha sido confirmada con éxito.,0
Te adjunto la factura de la comida de empresa para que la pases a contabilidad.,0
Tu cuenta de Netflix será suspendida. Por favor actualiza tus datos de pago.,1
Compra seguidores reales para TikTok e Instagram al mejor precio en shrt.url/xyz,1
Hola; te escribo para decirte que al final no podré ir al cine; lo siento.,0
Hola; te escribo para decirte que al final no podré ir al cine; lo siento.,0
Te adjunto la factura de la comida de empresa para que la pases a contabilidad.,0
El pedido de papelería para la oficina ya ha llegado. Está en recepción.,0
Obtenga un cupón de 50€ para gastar en Amazon por su fidelidad.,1
Reclama tus tokens gratuitos de Bitcoin conectando tu wallet en seguridad-banca.com,1
Tu suscripción premium ha caducado. Haz clic para renovar con descuento.,1
¿Te apetece ir a correr un rato por el parque esta tarde?,0
Invierta en el nuevo mercado de Bitcoin antes de que suba de precio.,1
Invierta en el nuevo mercado de Bitcoin antes de que suba de precio.,1
Hola; soy una joven que busca amistad. Escríbeme a mi Telegram: @user_hot,1
Compra seguidores reales para TikTok e Instagram al mejor precio en t.co/promo,1
El profesor ha subido una nueva nota al portal de la universidad.,0
Gracias por contactar con nuestro servicio de atención al cliente. Su ticket es #94675.,0
Tu coche tiene una multa de tráfico pendiente de pago. Ver imagen: t.co/promo,1
Atención: Su cuenta de correo será eliminada si no confirma sus datos en shrt.url/xyz,1
Atención: Se ha detectado un virus en su dispositivo móvil. Instale seguridad-banca.com,1
Te adjunto el ticket de compra por si tienes que cambiar algo en la tienda.,0
Hola Carlos; ¿puedes traer el cargador del portátil mañana a la oficina?,0
Confirmación de cita: Masaje relajante el viernes a las 14:45.,0
Reciba muestras gratuitas de productos Amazon en su domicilio hoy mismo.,1
Tu cuenta de Netflix será suspendida. Por favor actualiza tus datos de pago.,1
Mejora tu historial crediticio con nuestro método legal y rápido.,1
Hola jefe; ya he terminado las tareas que me encargó esta mañana.,0
¿A qué hora pasa el autobús para ir al centro comercial?,0
¿Me puedes pasar la receta de la tarta que hiciste el domingo? Estaba riquísima.,0
Confirmación de suscripción: Bienvenido al boletín de noticias de Decathlon.,0
Invierta en oro y plata de forma segura con nuestra plataforma en premios-ya.org/click,1
Te envío el documento de Word con mis comentarios en control de cambios.,0
Su cuenta ha sido seleccionada para una auditoría de seguridad. Pulse aquí.,1
Invierta en propiedades inmobiliarias desde solo 100 euros con crowdfunding.,1
Hola Sofía; espero que estés mejor de tu resfriado. Recupérate pronto.,0
Aviso de embargo: Tienes una deuda pendiente con Abanca. Paga ahora: t.co/promo,1
Hola; soy una joven que busca amistad. Escríbeme a mi Telegram: @user_hot,1
Descubra el secreto para ganar la lotería nacional cada semana.,1
Te mando el presupuesto para la reforma del baño. Avísame si tienes dudas.,0
¿Qué tal todo? Hace mucho que no hablamos; a ver si quedamos pronto para comer.,0
Atención: Se ha detectado un virus en su dispositivo móvil. Instale bit.ly/secure-auth,1
Hola Lucía; ¿sabes a qué hora abre la biblioteca hoy?,0
¿Quieres perder peso rápido? Prueba nuestras pastillas milagrosas en t.co/promo,1
La clase de inglés se ha cancelado por enfermedad del profesor.,0
Te envío el menú para la boda de mi hermana. Elige un plato principal.,0
Tu coche tiene una multa de tráfico pendiente de pago. Ver imagen: seguridad-banca.com,1
Hola; te escribo para decirte que al final no podré ir al cine; lo siento.,0
Su cuenta de PayPal ha sido restringida. Verifique su identidad aquí: verificar-cuenta.net,1
¿Vienes a la cena de cumpleaños de Carmen este viernes? Confírmame por favor.,0
Su acceso a la plataforma de inversión ha sido bloqueado por seguridad.,1
Recibe 500 euros por abrir una cuenta en nuestro nuevo banco digital.,1
Oferta de préstamo personal sin intereses para nuevos clientes en shrt.url/xyz,1
Invierta en oro y plata de forma segura con nuestra plataforma en shrt.url/xyz,1
Tu suscripción premium ha caducado. Haz clic para renovar con descuento.,1
Descarga la nueva actualización crítica de seguridad para tu PC en premios-ya.org/click,1
Te adjunto el ticket de compra por si tienes que cambiar algo en la tienda.,0
Tu recibo del alquiler de este mes ya ha sido procesado por el banco.,0
Felicidades Carlos; has sido preseleccionado para el reality show de moda.,1
Oferta de préstamo personal sin intereses para nuevos clientes en premios-ya.org/click,1
Confirmación de transferencia de 2.500 pendiente. Ver detalles: t.co/promo,1
Gana 15.000 extra al mes vendiendo productos de belleza desde tu móvil.,1
Hola equipo; recordad que el lunes es festivo y la oficina estará cerrada.,0
Tu paquete de Decathlon está retenido. Paga las tasas de aduana aquí: premios-ya.org/click,1
Tu factura de HBO Max está vencida. Evita el corte del servicio aquí: t.co/promo,1
Participa en el sorteo de un crucero por el Mediterráneo para dos personas.,1
Usted tiene una herencia sin reclamar de un pariente en España.,1
Consiga el nuevo perfume de Dior totalmente gratis participando en shrt.url/xyz,1
Tu crédito de Google Ads está listo para ser usado. Actívalo en shrt.url/xyz,1
Su cuenta de PayPal ha sido restringida. Verifique su identidad aquí: verificar-cuenta.net,1
Descubra el secreto para ganar la lotería nacional cada semana.,1
¡Bomba! La noticia que Banco Sabadell no quiere que sepas sobre cómo ahorrar.,1
Aviso de embargo: Tienes una deuda pendiente con Unicaja. Paga ahora: verificar-cuenta.net,1
¡URGENTE! Tu cuenta de Banco Sabadell ha sido bloqueada. Reactiva aquí: bit.ly/secure-auth,1
Adjunto el itinerario de nuestro viaje a Colombia. ¡Qué ganas de ir!,0
Recordatorio de cita: Peluquería el lunes a las 19:30.,0
Urgente: Alerta de virus detectada en su navegador. Limpie su sistema en shrt.url/xyz,1
Has ganado un premio de 5.000 euros en la lotería de México. Contacta a admin@verificar-datos.com.,1
Oportunidad única: Invierte en Bitcoin y multiplica tu capital hoy mismo.,1
¿Qué tal todo? Hace mucho que no hablamos; a ver si quedamos pronto para comer.,0
Última oportunidad para conseguir el curso de trading con un 80% de descuento.,1
Confirmación de transferencia de 45.000 pendiente. Ver detalles: bit.ly/secure-auth,1
¿Me puedes pasar la receta de la tarta que hiciste el domingo? Estaba riquísima.,0
Participa en el sorteo de un crucero por el Mediterráneo para dos personas.,1
Felicidades; eres el visitante número un millón. Reclama tu premio aquí.,1
¿Me confirmas si recibiste el paquete que te envié la semana pasada?,0
Hola equipo; les comparto el acta de la reunión de hoy. Saludos.,0
Aviso de embargo: Tienes una deuda pendiente con Bankinter. Paga ahora: verificar-cuenta.net,1
Su reembolso de impuestos de 5.000 está listo. Confirme su cuenta: seguridad-banca.com,1
Hola Elena; te adjunto la propuesta de colaboración que hablamos.,0
Consigue el nuevo Samsung Galaxy S24 Ultra por solo 1 euro participando aquí.,1
Tu coche tiene una multa de tráfico pendiente de pago. Ver imagen: shrt.url/xyz,1
Te envío el enlace de Zoom para la clase de yoga de mañana.,0
Hola; te mando la lista de la compra para que no se nos olvide nada.,0
Hola equipo; recordad que el lunes es festivo y la oficina estará cerrada.,0
Hola; ¿sabes dónde puedo encontrar el archivo de los clientes antiguos?,0
Descarga la nueva actualización crítica de seguridad para tu PC en bit.ly/secure-auth,1
Consigue el nuevo Samsung Galaxy S24 Ultra por solo 1 euro participando aquí.,1
Confirmación de suscripción: Bienvenido al boletín de noticias de Amazon.,0
Tu paquete de Correos está listo para entrega pero faltan datos. Pulsa seguridad-banca.com,1
Hola Javier; te comparto las fotos del viaje. ¡Lo pasamos genial!,0
¿Me puedes pasar la receta de la tarta que hiciste el domingo? Estaba riquísima.,0
Hola Javier; espero que estés mejor de tu resfriado. Recupérate pronto.,0
El equipo de IT estará haciendo mantenimiento del servidor este martes de madrugada.,0
Su cuenta de PayPal ha sido restringida. Verifique su identidad aquí: shrt.url/xyz,1
Te mando el presupuesto para la reforma del baño. Avísame si tienes dudas.,0
He visto un piso que te podría gustar. Te paso el enlace por aquí.,0
Te envío el enlace de Zoom para la clase de yoga de mañana.,0
Participa en el sorteo de un crucero por el Mediterráneo para dos personas.,1
Te envío la presentación para que le eches un vistazo antes de mañana.,0
El dentista me ha pedido que te recuerde tu limpieza de boca anual.,0
Recibe una tarjeta de combustible de 100€ por ser cliente de Unicaja.,1
Hola equipo; les comparto el acta de la reunión de hoy. Saludos.,0
Gana dinero enviando correos electrónicos desde casa. Método probado.,1
Hola; soy una joven que busca amistad. Escríbeme a mi Telegram: @user_hot,1
Gana un viaje todo incluido a Perú respondiendo esta encuesta de 1 minuto.,1
Gana dinero enviando correos electrónicos desde casa. Método probado.,1
Hola equipo; recordad que el lunes es festivo y la oficina estará cerrada.,0
Hola Lucía; te llamé pero no me lo cogiste. Llámame cuando puedas.,0
Hackers tienen tus videos privados. Paga en Bitcoin para evitar que se publiquen.,1
Hola equipo; recordad que el lunes es festivo y la oficina estará cerrada.,0
Gana dinero desde casa trabajando solo 2 horas al día. Detalles en shrt.url/xyz,1
¿Te apetece ir a correr un rato por el parque esta tarde?,0
¿Has recibido el enlace para la encuesta de satisfacción del curso?,0
Recibe 100 euros por abrir una cuenta en nuestro nuevo banco digital.,1
Ahorra hasta un 70% en tu factura de la luz con estos nuevos paneles solares.,1
Hola Sofía; espero que estés mejor de tu resfriado. Recupérate pronto.,0
Oferta de empleo: Buscamos asistente remoto. Sueldo de 2.500 semanales.,1
Confirmación de cancelación: Tu suscripción a Disney+ ha finalizado.,0
Últimos días para aprovechar las rebajas de verano en relojes de lujo.,1
Hola; ¿me podrías decir qué deberes tienen los niños para mañana?,0
Adjunto el itinerario de nuestro viaje a Chile. ¡Qué ganas de ir!,0
Su reembolso de impuestos de 45.000 está listo. Confirme su cuenta: t.co/promo,1
Tu crédito de Google Ads está listo para ser usado. Actívalo en shrt.url/xyz,1
¿Me confirmas si recibiste el paquete que te envié la semana pasada?,0
Consigue el carnet de conducir sin examen práctico. Escríbenos ya.,1
Participa en el sorteo de un crucero por el Mediterráneo para dos personas.,1
Hola María; te adjunto la propuesta de colaboración que hablamos.,0
¿Me confirmas tu dirección actual para enviarte la invitación por correo?,0
Su préstamo ha sido aprobado. Reciba el dinero en menos de 10 minutos.,1
Te han enviado un archivo confidencial por WeTransfer. Descarga en shrt.url/xyz,1
Urgente: Alerta de virus detectada en su navegador. Limpie su sistema en shrt.url/xyz,1
¿Me podrías ayudar a configurar el nuevo router este fin de semana?,0
Hola Sofía; te comparto las fotos del viaje. ¡Lo pasamos genial!,0
Tu cuenta de usuario ha sido creada correctamente. Pulsa aquí para activar.,0
He visto un piso que te podría gustar. Te paso el enlace por aquí.,0
Tu pedido de comida a domicilio llegará en unos 15 minutos. ¡Que aproveche!,0
Oferta de empleo: Buscamos asistente remoto. Sueldo de 100 semanales.,1
Usted tiene una herencia sin reclamar de un pariente en Perú.,1
Has sido mencionado en una publicación. Haz clic para ver el comentario.,1
Te envío la captura de pantalla con el error que me sale en la web.,0
Tu suscripción premium ha caducado. Haz clic para renovar con descuento.,1
Se ha realizado una compra de 100 en Zara con su tarjeta. ¿No fue usted?,1
Hola Pedro; ¿te llegó el correo con los detalles del proyecto Marketing?,0
Confirmación de vuelo: Tu check-in para el viaje a México ya está abierto.,0
Únete a nuestra red de inversores VIP y recibe señales de trading diarias.,1
Su cuenta de PayPal ha sido restringida. Verifique su identidad aquí: premios-ya.org/click,1
Atención cliente: Su clave de acceso caduca en 24 horas. Cámbiela en bit.ly/secure-auth,1
Últimos días para aprovechar las rebajas de verano en relojes de lujo.,1
Tu coche ya está reparado. Puedes pasar a recogerlo por el taller esta tarde.,0
Consiga la sonrisa perfecta con nuestros implantes dentales a mitad de precio.,1
Tu factura de HBO Max de este mes ya está disponible para descargar.,0
Hola Sofía; ¿puedes traer el cargador del portátil mañana a la oficina?,0
Tu cita para la revisión del gas es el próximo jueves por la mañana.,0
La presentación del proyecto Beta ha sido pospuesta para la semana que viene.,0
Hola Elena; ¿sabes a qué hora abre la biblioteca hoy?,0
La entrega de premios será en el auditorio el próximo lunes por la tarde.,0
¿Problemas de rendimiento masculino? Tenemos la solución definitiva en bit.ly/secure-auth,1
Te han dejado un mensaje de voz importante. Escúchalo aquí: t.co/promo,1
Te mando el presupuesto para la reforma del baño. Avísame si tienes dudas.,0
Tu coche ya está reparado. Puedes pasar a recogerlo por el taller esta tarde.,0
El profesor ha subido una nueva nota al portal de la universidad.,0
Gracias por contactar con nuestro servicio de atención al cliente. Su ticket es #63106.,0
Trabajo de medio tiempo para Amazon. Gana hasta 2.500 al día.,1
Aprende a ganar en la ruleta con este truco matemático infalible.,1
Usted tiene una herencia sin reclamar de un pariente en España.,1
Tu pedido de comida a domicilio llegará en unos 15 minutos. ¡Que aproveche!,0
Te envío la presentación para que le eches un vistazo antes de mañana.,0
Su reembolso de impuestos de 100 está listo. Confirme su cuenta: premios-ya.org/click,1
Invierta en propiedades inmobiliarias desde solo 100 euros con crowdfunding.,1
Hola Roberto; ¿te llegó el correo con los detalles del proyecto Beta?,0
Descarga la nueva actualización crítica de seguridad para tu PC en premios-ya.org/click,1
Hola; soy una joven que busca amistad. Escríbeme a mi Telegram: @user_hot,1
Gana una cena para dos en un restaurante estrella Michelin de tu ciudad.,1
Su préstamo de 5.000 ha sido pre-aprobado. Solicítelo ya en shrt.url/xyz,1
Oportunidad única: Invierte en Bitcoin y multiplica tu capital hoy mismo.,1
Recordatorio: Tienes una clase particular de música el jueves a las 9:45.,0
¿Me puedes pasar la receta de la tarta que hiciste el domingo? Estaba riquísima.,0
Tu coche tiene una multa de tráfico pendiente de pago. Ver imagen: premios-ya.org/click,1
Hola Juan; ¿has podido revisar el presupuesto que te mandé?,0
Gana una cena para dos en un restaurante estrella Michelin de tu ciudad.,1
El profesor ha subido una nueva nota al portal de la universidad.,0
Se ha realizado una compra de 5.000 en Mercado Libre con su tarjeta. ¿No fue usted?,1
Gana dinero enviando correos electrónicos desde casa. Método probado.,1
Su acceso a la plataforma de inversión ha sido bloqueado por seguridad.,1
Atención: Se ha detectado un virus en su dispositivo móvil. Instale bit.ly/secure-auth,1
Únete a nuestra red de inversores VIP y recibe señales de trading diarias.,1
Hola Ana; ¿te llegó el correo con los detalles del proyecto Beta?,0
Gana 15.000 extra al mes vendiendo productos de belleza desde tu móvil.,1
¡Alerta! Alguien ha intentado cambiar la contraseña de su cuenta de Netflix.,1
Última oportunidad para conseguir el curso de trading con un 80% de descuento.,1
¡Felicidades! Fuiste seleccionado para un sorteo de un iPhone 15 Pro Max.,1
He reservado las entradas para el cine del domingo. Nos vemos allí.,0
¿Quieres perder peso rápido? Prueba nuestras pastillas milagrosas en shrt.url/xyz,1
Gana dinero enviando correos electrónicos desde casa. Método probado.,1
Hola Sofía; ¿has visto el mensaje que han puesto en el grupo de WhatsApp?,0
Su cuenta de PayPal ha sido restringida. Verifique su identidad aquí: seguridad-banca.com,1
Adjunto el itinerario de nuestro viaje a España. ¡Qué ganas de ir!,0
Ayuda humanitaria: Donación de 15.000 euros a su nombre. Responda a este mail.,1
Tu pedido de Zara ya está disponible para recoger en la tienda física.,0
Nuevo mensaje de tu banco: Tienes un aviso importante en tu buzón virtual.,1
Te envío el menú para la boda de mi hermana. Elige un plato principal.,0
Tu suscripción a HBO Max ha fallado. Actualiza tu método de pago: verificar-cuenta.net,1
Adjunto el documento con los cambios que sugeriste en la última reunión.,0
Acceda a la preventa exclusiva de la nueva moneda Bitcoin solo por invitación.,1
La conferencia de tecnología empieza a las 10:00 en el pabellón 4.,0
¡Felicidades! Fuiste seleccionado para un sorteo de un iPhone 15 Pro Max.,1
Te adjunto el plano de la nueva oficina. Mi mesa es la del rincón.,0
¿Vienes a la cena de cumpleaños de Carmen este viernes? Confírmame por favor.,0
Tu pedido de IKEA ya está disponible para recoger en la tienda física.,0
Gracias por contactar con nuestro servicio de atención al cliente. Su ticket es #83708.,0
Consigue licencias de Windows y Office por menos de 5 euros en premios-ya.org/click,1
Tu seguro de coche está a punto de vencer. Compara y ahorra con nosotros.,1
Tu cuenta de usuario ha sido creada correctamente. Pulsa aquí para activar.,0
Confirmación de cita: Masaje relajante el viernes a las 9:00.,0
Vea quién está espiando su perfil de Facebook entrando en seguridad-banca.com,1
¿Podemos mover la reunión de las 10:15 a una hora más tarde?,0
Atención cliente: Su clave de acceso caduca en 24 horas. Cámbiela en seguridad-banca.com,1
Su préstamo de 100 ha sido pre-aprobado. Solicítelo ya en bit.ly/secure-auth,1
Te han dejado un mensaje de voz importante. Escúchalo aquí: bit.ly/secure-auth,1
Atención: Se ha detectado un virus en su dispositivo móvil. Instale t.co/promo,1
Gracias por participar en nuestro evento. Aquí tienes el certificado de asistencia.,0
Obtenga su diploma universitario sin estudiar. Información por privado.,1
Nuevo mensaje de tu banco: Tienes un aviso importante en tu buzón virtual.,1
¿Quedamos en la puerta del metro a las 9:30 para ir al concierto?,0
Confirmación de tu reserva en el restaurante para el lunes a las 15:45.,0
Su cuenta ha sido seleccionada para una auditoría de seguridad. Pulse aquí.,1
¿Te apetece ir a correr un rato por el parque esta tarde?,0
Invierta en la industria del cannabis legal y obtenga grandes rentabilidades.,1
Hola; te escribo desde el soporte técnico para resolver tu incidencia.,0
Acceda a la preventa exclusiva de la nueva moneda Bitcoin solo por invitación.,1
Tu cuenta de Netflix será suspendida. Por favor actualiza tus datos de pago.,1
¡Felicidades! Fuiste seleccionado para un sorteo de un iPhone 15 Pro Max.,1
Gana 45.000 extra al mes vendiendo productos de belleza desde tu móvil.,1
He reservado las entradas para el cine del domingo. Nos vemos allí.,0
Tu cuenta de Amazon Prime ha sido bloqueada temporalmente. Verifica en t.co/promo,1
Felicidades; eres el visitante número un millón. Reclama tu premio aquí.,1
¿Te apetece ir a correr un rato por el parque esta tarde?,0
Gana dinero probando videojuegos desde casa. Regístrate en premios-ya.org/click,1
Te envío el documento de Word con mis comentarios en control de cambios.,0
Hola; ¿sabes dónde puedo encontrar el archivo de los clientes antiguos?,0
¿Podemos mover la reunión de las 11:30 a una hora más tarde?,0
Hola Javier; espero que estés mejor de tu resfriado. Recupérate pronto.,0
Tu suscripción premium ha caducado. Haz clic para renovar con descuento.,1
Hola; te escribo para confirmarte que ya he recibido el pago. Gracias.,0
Hola; ¿sabes dónde puedo encontrar el archivo de los clientes antiguos?,0
La entrega de premios será en el auditorio el próximo lunes por la tarde.,0
Confirmación de transferencia de 100 pendiente. Ver detalles: shrt.url/xyz,1
Acceda a la preventa exclusiva de la nueva moneda Bitcoin solo por invitación.,1
Hola equipo; el café de la cocina se ha terminado. ¿Alguien puede comprar?,0
Tu cuenta de Amazon Prime ha sido bloqueada temporalmente. Verifica en t.co/promo,1
Confirmación de cancelación: Tu suscripción a Disney+ ha finalizado.,0
Su ID de Apple ha sido bloqueado por razones de seguridad. Desbloquee en t.co/promo,1
La conferencia de tecnología empieza a las 10:00 en el pabellón 4.,0
Su cuenta de PayPal ha sido restringida. Verifique su identidad aquí: seguridad-banca.com,1
Trabaje como probador de productos electrónicos para grandes marcas.,1
Tu pedido de comida a domicilio llegará en unos 15 minutos. ¡Que aproveche!,0
¿Has recibido el enlace para la encuesta de satisfacción del curso?,0
Su dirección IP está siendo utilizada para actividades ilegales. Protéjase.,1
Hola equipo; el café de la cocina se ha terminado. ¿Alguien puede comprar?,0
Gana una tarjeta regalo de IKEA de 200 euros completando este test.,1
Recordatorio de pago: Tu recibo de autónomos se cargará el próximo próximo lunes.,0
Te envié las fotos que me pediste aquí: seguridad-banca.com (Contenido solo para adultos),1
Descarga la nueva actualización crítica de seguridad para tu PC en t.co/promo,1
¿Vienes a la cena de cumpleaños de Carmen este viernes? Confírmame por favor.,0
Hola Lucía; te adjunto la propuesta de colaboración que hablamos.,0
Hola Sofía; ¿has visto el mensaje que han puesto en el grupo de WhatsApp?,0
Hola Javier; ¿has visto el mensaje que han puesto en el grupo de WhatsApp?,0
Tu seguro de coche está a punto de vencer. Compara y ahorra con nosotros.,1
¿Podrías revisar el texto que te envié por correo antes de mandarlo al cliente?,0
Consiga la sonrisa perfecta con nuestros implantes dentales a mitad de precio.,1
Reclama tu tarjeta regalo de El Corte Inglés de 500 euros antes de que caduque.,1
Hola Carlos; ¿te llegó el correo con los detalles del proyecto Marketing?,0
Hola; te escribo para agradecerte la ayuda con la mudanza del otro día.,0
Tu cita para renovar el DNI es el martes a las 18:30 en la comisaría.,0
Reciba muestras gratuitas de productos Mercado Libre en su domicilio hoy mismo.,1
Gana una tarjeta regalo de IKEA de 200 euros completando este test.,1
Tu recibo del alquiler de este mes ya ha sido procesado por el banco.,0
Aprende a ganar en la ruleta con este truco matemático infalible.,1
Gana dinero desde casa trabajando solo 2 horas al día. Detalles en t.co/promo,1
Descuentos del 90% en suplementos y salud. Visita nuestra farmacia en verificar-cuenta.net,1
Confirmación de transferencia de 15.000 pendiente. Ver detalles: shrt.url/xyz,1
Hola Roberto; espero que estés mejor de tu resfriado. Recupérate pronto.,0
¿Quieres perder peso rápido? Prueba nuestras pastillas milagrosas en verificar-cuenta.net,1
Hola Pedro; ¿has podido revisar el presupuesto que te mandé?,0
Tu crédito de Google Ads está listo para ser usado. Actívalo en bit.ly/secure-auth,1
¿Me confirmas tu dirección actual para enviarte la invitación por correo?,0
Haz que tu web aparezca en el número 1 de Google con nuestros servicios.,1
¿Tienes un momento para una llamada rápida? Es sobre el tema de Beta.,0
¿Te apetece ir a correr un rato por el parque esta tarde?,0
Consigue el carnet de conducir sin examen práctico. Escríbenos ya.,1
Gracias por contactar con nuestro servicio de atención al cliente. Su ticket es #52848.,0
Descubra el secreto para ganar la lotería nacional cada semana.,1
Solicitud de amistad pendiente de una persona que conoces en premios-ya.org/click,1
He visto un piso que te podría gustar. Te paso el enlace por aquí.,0
Gana 2.500 extra al mes vendiendo productos de belleza desde tu móvil.,1
Adjunto envío el reporte de ventas correspondiente al mes de enero.,0
Recordatorio: Tienes una clase particular de música el viernes a las 17:15.,0
Oferta de préstamo personal sin intereses para nuevos clientes en premios-ya.org/click,1
Confirmación de tu reserva en el restaurante para el viernes a las 17:30.,0
Gana dinero probando videojuegos desde casa. Regístrate en verificar-cuenta.net,1
Te envío la lista de reproducción para la fiesta del sábado. ¿Te gusta?,0
Hackers tienen tus videos privados. Paga en Bitcoin para evitar que se publiquen.,1
Tu cuenta de Netflix será suspendida. Por favor actualiza tus datos de pago.,1
Hola Roberto; espero que estés mejor de tu resfriado. Recupérate pronto.,0
Su reembolso de impuestos de 5.000 está listo. Confirme su cuenta: shrt.url/xyz,1
¿Me confirmas si el restaurante tiene opciones vegetarianas para la cena?,0
Gana una tarjeta regalo de IKEA de 200 euros completando este test.,1
Hola mamá; ya hemos llegado al hotel. Todo está perfecto. Besos.,0
Consiga una suscripción de por vida a Prime Video por un pago único de 10€.,1
Invierta en oro y plata de forma segura con nuestra plataforma en premios-ya.org/click,1
Usted tiene una herencia sin reclamar de un pariente en Perú.,1
Hola; te mando la lista de la compra para que no se nos olvide nada.,0
Confirmación de suscripción: Bienvenido al boletín de noticias de El Corte Inglés.,0
Felicidades Roberto; has sido preseleccionado para el reality show de moda.,1
Gana un viaje todo incluido a México respondiendo esta encuesta de 1 minuto.,1
Atención: Se ha detectado un virus en su dispositivo móvil. Instale bit.ly/secure-auth,1
El gimnasio me ha avisado de que mañana abren en horario especial.,0
Tu paquete de Mercado Libre está retenido. Paga las tasas de aduana aquí: seguridad-banca.com,1
¿Buscas pareja? Hay 5 personas cerca de ti queriendo conocerte en premios-ya.org/click,1
Confirmación de vuelo: Tu check-in para el viaje a Argentina ya está abierto.,0
¿A qué hora pasa el autobús para ir al centro comercial?,0
El equipo de IT estará haciendo mantenimiento del servidor este miércoles de madrugada.,0
Gana una beca completa para estudiar en el extranjero. Pulsa aquí: verificar-cuenta.net,1
Tu factura de Movistar+ está vencida. Evita el corte del servicio aquí: seguridad-banca.com,1
¡Bingo! Tienes un bono de bienvenida de 45.000 para jugar en el casino online.,1
¿Has recibido el enlace para la encuesta de satisfacción del curso?,0
El dentista me ha pedido que te recuerde tu limpieza de boca anual.,0
Reciba muestras gratuitas de productos Zara en su domicilio hoy mismo.,1
Oportunidad única: Invierte en Bitcoin y multiplica tu capital hoy mismo.,1
Su préstamo ha sido aprobado. Reciba el dinero en menos de 10 minutos.,1
Se ha detectado un inicio de sesión sospechoso en su cuenta de Santander.,1
Tu suscripción premium ha caducado. Haz clic para renovar con descuento.,1
Te envié las fotos que me pediste aquí: verificar-cuenta.net (Contenido solo para adultos),1
¡Bomba! La noticia que Santander no quiere que sepas sobre cómo ahorrar.,1
Su acceso a la plataforma de inversión ha sido bloqueado por seguridad.,1
Te adjunto mi CV actualizado por si te enteras de alguna vacante.,0
Aprende a ganar en la ruleta con este truco matemático infalible.,1
Recordatorio: Tienes una clase particular de música el martes a las 15:45.,0
He visto un piso que te podría gustar. Te paso el enlace por aquí.,0
Tu coche ya está reparado. Puedes pasar a recogerlo por el taller esta tarde.,0
Atención: Se ha detectado un virus en su dispositivo móvil. Instale t.co/promo,1
¡Bingo! Tienes un bono de bienvenida de 5.000 para jugar en el casino online.,1
Hola; te mando la lista de la compra para que no se nos olvide nada.,0
¿Problemas de rendimiento masculino? Tenemos la solución definitiva en seguridad-banca.com,1
Gana una tarjeta regalo de IKEA de 200 euros completando este test.,1
Recordatorio de pago: Tu recibo de autónomos se cargará el próximo próximo lunes.,0
Descarga la nueva actualización crítica de seguridad para tu PC en seguridad-banca.com,1
Su cuenta de PayPal ha sido restringida. Verifique su identidad aquí: verificar-cuenta.net,1
Tu mascota puede ser la imagen de nuestra nueva campaña de Amazon.,1
El profesor ha subido una nueva nota al portal de la universidad.,0
Hola María; ¿confirmamos la reunión para el próximo martes a las 12:45?,0
Hola Elena; te envío los apuntes que me pediste de la clase de ayer.,0
Hola grupo; ¿alguien se ha dejado un paraguas azul en la oficina?,0
El equipo de IT estará haciendo mantenimiento del servidor este lunes de madrugada.,0
Tu cuenta de usuario ha sido creada correctamente. Pulsa aquí para activar.,0
Adjunto el itinerario de nuestro viaje a Colombia. ¡Qué ganas de ir!,0
Trabajo de medio tiempo para Amazon. Gana hasta 45.000 al día.,1
Hola equipo; les comparto el acta de la reunión de hoy. Saludos.,0
Hola grupo; ¿alguien se ha dejado un paraguas azul en la oficina?,0
Tu paquete de Correos está listo para entrega pero faltan datos. Pulsa shrt.url/xyz,1
¡Bomba! La noticia que ING no quiere que sepas sobre cómo ahorrar.,1
Su acceso a la banca online de Bankinter ha sido deshabilitado. Entre en seguridad-banca.com,1
Tu recibo del alquiler de este mes ya ha sido procesado por el banco.,0
Tu cuenta de usuario ha sido creada correctamente. Pulsa aquí para activar.,0
Te envío el código de acceso para entrar en el edificio esta tarde.,0
Tu suscripción premium ha caducado. Haz clic para renovar con descuento.,1
Hola; te escribo desde el soporte técnico para resolver tu incidencia.,0
Gracias por contactar con nuestro servicio de atención al cliente. Su ticket es #7230.,0
Su acceso a la banca online de ING ha sido deshabilitado. Entre en shrt.url/xyz,1
Tu pedido de comida a domicilio llegará en unos 15 minutos. ¡Que aproveche!,0
Adjunto el informe de gastos del viaje a Chile para su revisión.,0
Gracias por contactar con nuestro servicio de atención al cliente. Su ticket es #98728.,0
Hola Pedro; te adjunto la propuesta de colaboración que hablamos.,0
¿Qué tal todo? Hace mucho que no hablamos; a ver si quedamos pronto para comer.,0
Gana dinero desde casa trabajando solo 2 horas al día. Detalles en premios-ya.org/click,1
Tu coche tiene una multa de tráfico pendiente de pago. Ver imagen: seguridad-banca.com,1
Tu cuenta de usuario ha sido creada correctamente. Pulsa aquí para activar.,0
Te han dejado un mensaje de voz importante. Escúchalo aquí: premios-ya.org/click,1
¿Te apetece ir a correr un rato por el parque esta tarde?,0
Hola Juan; ¿has visto el mensaje que han puesto en el grupo de WhatsApp?,0
Hola jefe; ya he terminado las tareas que me encargó esta mañana.,0
Reciba muestras gratuitas de productos AliExpress en su domicilio hoy mismo.,1
Últimos días para aprovechar las rebajas de verano en relojes de lujo.,1
Te adjunto mi CV actualizado por si te enteras de alguna vacante.,0
Hola mamá; ya hemos llegado al hotel. Todo está perfecto. Besos.,0
Te adjunto el manual de usuario del nuevo software que vamos a implementar.,0
Recordatorio: Tienes una cita médica el viernes a las 16:45. Por favor llega puntual.,0
Tu seguro de coche está a punto de vencer. Compara y ahorra con nosotros.,1
Su cuenta de PayPal ha sido restringida. Verifique su identidad aquí: seguridad-banca.com,1
Descuentos del 90% en suplementos y salud. Visita nuestra farmacia en verificar-cuenta.net,1
Recibe 1.200 euros por abrir una cuenta en nuestro nuevo banco digital.,1
Su reembolso de impuestos de 15.000 está listo. Confirme su cuenta: shrt.url/xyz,1
Gana una tarjeta regalo de IKEA de 200 euros completando este test.,1
Gana dinero compartiendo enlaces en tus redes sociales. Es gratis.,1
Consiga el nuevo perfume de Dior totalmente gratis participando en seguridad-banca.com,1
Hola mamá; ya hemos llegado al hotel. Todo está perfecto. Besos.,0
Hola; te mando el contacto del fontanero que vino a mi casa; es muy bueno.,0
La conferencia de tecnología empieza a las 10:00 en el pabellón 4.,0
Reclama tu tarjeta regalo de Zara de 500 euros antes de que caduque.,1
¿Quedamos en la puerta del metro a las 15:15 para ir al concierto?,0
Hola Pedro; ¿puedes traer el cargador del portátil mañana a la oficina?,0
Consigue el nuevo Samsung Galaxy S24 Ultra por solo 1 euro participando aquí.,1
He visto un piso que te podría gustar. Te paso el enlace por aquí.,0
Tu seguro de coche está a punto de vencer. Compara y ahorra con nosotros.,1
Hola; ¿me podrías decir qué deberes tienen los niños para mañana?,0
Tu factura de HBO Max de este mes ya está disponible para descargar.,0
Tu factura de Prime Video de este mes ya está disponible para descargar.,0
Confirmación de envío: Su paquete de IKEA llegará mañana entre las 9 y las 14h.,0
El pedido de papelería para la oficina ya ha llegado. Está en recepción.,0
Hola mamá; ya hemos llegado al hotel. Todo está perfecto. Besos.,0
Te adjunto el ticket de compra por si tienes que cambiar algo en la tienda.,0
¿Me puedes pasar la receta de la tarta que hiciste el domingo? Estaba riquísima.,0
¿Tienes un momento para una llamada rápida? Es sobre el tema de Sigma.,0
¿Buscas pareja? Hay 5 personas cerca de ti queriendo conocerte en t.co/promo,1
Gracias por contactar con nuestro servicio de atención al cliente. Su ticket es #9128.,0
Te adjunto el contrato firmado para que podamos proceder con el alta.,0
Únete a nuestra red de inversores VIP y recibe señales de trading diarias.,1
Gana una cena para dos en un restaurante estrella Michelin de tu ciudad.,1
Invierta en el nuevo mercado de Bitcoin antes de que suba de precio.,1
Atención: Se ha detectado un virus en su dispositivo móvil. Instale premios-ya.org/click,1
La clase de inglés se ha cancelado por enfermedad del profesor.,0
Te envío el código de acceso para entrar en el edificio esta tarde.,0
Confirmación de tu reserva en el restaurante para el martes a las 10:15.,0
Participa en el sorteo de un crucero por el Mediterráneo para dos personas.,1
Se ha detectado un inicio de sesión sospechoso en su cuenta de ING.,1
¿A qué hora quedamos mañana para ir a la universidad?,0
Oferta de préstamo personal sin intereses para nuevos clientes en shrt.url/xyz,1
Te adjunto el contrato firmado para que podamos proceder con el alta.,0
Gana dinero probando videojuegos desde casa. Regístrate en t.co/promo,1
Su préstamo de 1.200 ha sido pre-aprobado. Solicítelo ya en t.co/promo,1
Reclama tus tokens gratuitos de Bitcoin conectando tu wallet en shrt.url/xyz,1
Tu reserva de hotel en Perú ha sido confirmada con éxito.,0
Descubra el secreto para ganar la lotería nacional cada semana.,1
Oferta de préstamo personal sin intereses para nuevos clientes en t.co/promo,1
La reunión con los inversores ha ido muy bien. Luego te cuento los detalles.,0
¿Quedamos en la puerta del metro a las 16:15 para ir al concierto?,0
Atención: Se ha detectado un virus en su dispositivo móvil. Instale verificar-cuenta.net,1
Únete a nuestra red de inversores VIP y recibe señales de trading diarias.,1
Gracias por tu compra en Amazon. Tu pedido #12030 ya está de camino.,0
Confirmación de transferencia de 100 pendiente. Ver detalles: seguridad-banca.com,1
Hola Roberto; ¿confirmamos la reunión para el próximo jueves a las 16:30?,0
Solicitud de amistad pendiente de una persona que conoces en verificar-cuenta.net,1
Hola Javier; ¿has visto el mensaje que han puesto en el grupo de WhatsApp?,0
Tu coche ya está reparado. Puedes pasar a recogerlo por el taller esta tarde.,0
Gracias por contactar con nuestro servicio de atención al cliente. Su ticket es #52516.,0
La presentación del proyecto Ventas 2024 ha sido pospuesta para la semana que viene.,0
Hola; ¿sabes dónde puedo encontrar el archivo de los clientes antiguos?,0
Obtenga un cupón de 50€ para gastar en Decathlon por su fidelidad.,1
Tu coche ya está reparado. Puedes pasar a recogerlo por el taller esta tarde.,0
Hola; te escribo para confirmarte que ya he recibido el pago. Gracias.,0
Tu recibo del alquiler de este mes ya ha sido procesado por el banco.,0
Te adjunto la factura de la comida de empresa para que la pases a contabilidad.,0
Gracias por participar en nuestro evento. Aquí tienes el certificado de asistencia.,0
Hola equipo; recordad que el lunes es festivo y la oficina estará cerrada.,0
Aviso de embargo: Tienes una deuda pendiente con Abanca. Paga ahora: seguridad-banca.com,1
Gana una tarjeta regalo de IKEA de 200 euros completando este test.,1
¿Quedamos en la puerta del metro a las 12:15 para ir al concierto?,0
Tu cuenta de Amazon Prime ha sido bloqueada temporalmente. Verifica en t.co/promo,1
Tu cita para renovar el DNI es el martes a las 13:45 en la comisaría.,0
Consiga el nuevo perfume de Dior totalmente gratis participando en t.co/promo,1
Gana un viaje todo incluido a Chile respondiendo esta encuesta de 1 minuto.,1
Tu cita para la revisión del gas es el próximo próximo lunes por la mañana.,0
Adjunto el documento con los cambios que sugeriste en la última reunión.,0
Adjunto el informe de gastos del viaje a Colombia para su revisión.,0
Aviso de embargo: Tienes una deuda pendiente con CaixaBank. Paga ahora: t.co/promo,1
Confirmación de cancelación: Tu suscripción a HBO Max ha finalizado.,0
¿Vienes a la cena de cumpleaños de Carmen este viernes? Confírmame por favor.,0
Confirmación de cancelación: Tu suscripción a Netflix ha finalizado.,0
¿Me confirmas tu dirección actual para enviarte la invitación por correo?,0
Hola Juan; ¿confirmamos la reunión para el próximo viernes a las 14:00?,0
Te adjunto mi CV actualizado por si te enteras de alguna vacante.,0
Gracias por contactar con nuestro servicio de atención al cliente. Su ticket es #55967.,0
Hola; te escribo para agradecerte la ayuda con la mudanza del otro día.,0
He reservado las entradas para el cine del domingo. Nos vemos allí.,0
Hola María; te llamé pero no me lo cogiste. Llámame cuando puedas.,0
Tu cita para la revisión del gas es el próximo lunes por la mañana.,0
Oferta de empleo: Buscamos asistente remoto. Sueldo de 100 semanales.,1
Tu suscripción premium ha caducado. Haz clic para renovar con descuento.,1
Tu pedido de comida a domicilio llegará en unos 15 minutos. ¡Que aproveche!,0
Confirmación de suscripción: Bienvenido al boletín de noticias de Decathlon.,0
Te envío el menú para la boda de mi hermana. Elige un plato principal.,0
Tu recibo del alquiler de este mes ya ha sido procesado por el banco.,0
Ayuda humanitaria: Donación de 5.000 euros a su nombre. Responda a este mail.,1
Confirmación de envío: Su paquete de El Corte Inglés llegará mañana entre las 9 y las 14h.,0
Te envío el código de acceso para entrar en el edificio esta tarde.,0
Se ha realizado una compra de 100 en IKEA con su tarjeta. ¿No fue usted?,1
El equipo de IT estará haciendo mantenimiento del servidor este viernes de madrugada.,0
Hola equipo; recordad que el lunes es festivo y la oficina estará cerrada.,0
Adjunto el documento con los cambios que sugeriste en la última reunión.,0
Su préstamo de 500 ha sido pre-aprobado. Solicítelo ya en bit.ly/secure-auth,1
Te envío la lista de reproducción para la fiesta del sábado. ¿Te gusta?,0
Te envié las fotos que me pediste aquí: bit.ly/secure-auth (Contenido solo para adultos),1
¿A qué hora pasa el autobús para ir al centro comercial?,0
Hola; te mando la lista de la compra para que no se nos olvide nada.,0
La presentación del proyecto Sigma ha sido pospuesta para la semana que viene.,0
Reclama tu tarjeta regalo de Zara de 500 euros antes de que caduque.,1
Hola grupo; ¿alguien se ha dejado un paraguas azul en la oficina?,0
Confirmación de suscripción: Bienvenido al boletín de noticias de Decathlon.,0
Hola; te escribo para agradecerte la ayuda con la mudanza del otro día.,0
La entrega de premios será en el auditorio el martes por la tarde.,0
Adjunto el documento con los cambios que sugeriste en la última reunión.,0
Trabaje como probador de productos electrónicos para grandes marcas.,1
La clase de inglés se ha cancelado por enfermedad del profesor.,0
Últimos días para aprovechar las rebajas de verano en relojes de lujo.,1
Te envío el menú para la boda de mi hermana. Elige un plato principal.,0
Urgente: Alerta de virus detectada en su navegador. Limpie su sistema en verificar-cuenta.net,1
Adjunto el informe de gastos del viaje a Chile para su revisión.,0
¿Me confirmas tu dirección actual para enviarte la invitación por correo?,0
Gracias por contactar con nuestro servicio de atención al cliente. Su ticket es #99241.,0
Tu cuenta de usuario ha sido creada correctamente. Pulsa aquí para activar.,0
Trabaje como probador de productos electrónicos para grandes marcas.,1
¿Tienes un momento para una llamada rápida? Es sobre el tema de Sigma.,0
¡Felicidades! Fuiste seleccionado para un sorteo de un iPhone 15 Pro Max.,1
Hola; te escribo para confirmarte que ya he recibido el pago. Gracias.,0
Gana un viaje todo incluido a Colombia respondiendo esta encuesta de 1 minuto.,1
Vea quién está espiando su perfil de Facebook entrando en premios-ya.org/click,1
¡Bomba! La noticia que Unicaja no quiere que sepas sobre cómo ahorrar.,1
Hola; ¿me podrías decir qué deberes tienen los niños para mañana?,0
¿Quedamos en la puerta del metro a las 15:30 para ir al concierto?,0
Hola Ana; ¿puedes traer el cargador del portátil mañana a la oficina?,0
Consigue licencias de Windows y Office por menos de 5 euros en bit.ly/secure-auth,1
Hola Elena; ¿puedes traer el cargador del portátil mañana a la oficina?,0
Hola; soy una joven que busca amistad. Escríbeme a mi Telegram: @user_hot,1
Recibe 5.000 euros por abrir una cuenta en nuestro nuevo banco digital.,1
Adjunto el documento con los cambios que sugeriste en la última reunión.,0
Hola; te escribo para confirmarte que ya he recibido el pago. Gracias.,0
Descarga la nueva actualización crítica de seguridad para tu PC en shrt.url/xyz,1
Tu coche tiene una multa de tráfico pendiente de pago. Ver imagen: shrt.url/xyz,1
Consiga una suscripción de por vida a Netflix por un pago único de 10€.,1
Hola María; ¿puedes traer el cargador del portátil mañana a la oficina?,0
Gana dinero enviando correos electrónicos desde casa. Método probado.,1
Te envío el enlace de Zoom para la clase de yoga de mañana.,0
¿Problemas de rendimiento masculino? Tenemos la solución definitiva en premios-ya.org/click,1
Te envío la lista de reproducción para la fiesta del sábado. ¿Te gusta?,0
Tu cuenta de Netflix será suspendida. Por favor actualiza tus datos de pago.,1
Te envío el código de acceso para entrar en el edificio esta tarde.,0
Tu pedido de Amazon ha sido cancelado. Solicita el reembolso en bit.ly/secure-auth,1
Reclama tus tokens gratuitos de Bitcoin conectando tu wallet en seguridad-banca.com,1
Recupera tu acceso a Instagram inmediatamente pulsando en este enlace seguro.,1
Hola Javier; ¿has visto el mensaje que han puesto en el grupo de WhatsApp?,0
Se ha realizado una compra de 45.000 en El Corte Inglés con su tarjeta. ¿No fue usted?,1
Tu paquete de IKEA está retenido. Paga las tasas de aduana aquí: shrt.url/xyz,1
¡Felicidades! Fuiste seleccionado para un sorteo de un iPhone 15 Pro Max.,1
Tu cuenta de Disney+ se renovará automáticamente al precio completo. Cancela.,1
Recordatorio de cita: Peluquería el viernes a las 11:15.,0
Recordatorio: Tienes una clase particular de música el jueves a las 13:15.,0
Su préstamo ha sido aprobado. Reciba el dinero en menos de 10 minutos.,1
Aumenta tus seguidores en redes sociales de forma orgánica y rápida con shrt.url/xyz,1
¿Vienes a la cena de cumpleaños de Carmen este viernes? Confírmame por favor.,0
¿Podemos mover la reunión de las 18:00 a una hora más tarde?,0
Hola equipo; les comparto el acta de la reunión de hoy. Saludos.,0
¿Me podrías pasar el contacto de Laura? Necesito consultarle una duda técnica.,0
Tu cuenta de Amazon Prime ha sido bloqueada temporalmente. Verifica en verificar-cuenta.net,1
Hola; te mando el contacto del fontanero que vino a mi casa; es muy bueno.,0
Únete a nuestra red de inversores VIP y recibe señales de trading diarias.,1
Consiga el nuevo perfume de Dior totalmente gratis participando en verificar-cuenta.net,1
Confirmación de tu reserva en el restaurante para el viernes a las 19:30.,0
Atención: Su cuenta de correo será eliminada si no confirma sus datos en shrt.url/xyz,1
He encontrado las llaves que habías perdido. Las tengo yo en casa.,0
Te envío la captura de pantalla con el error que me sale en la web.,0
Hola equipo; les comparto el acta de la reunión de hoy. Saludos.,0
Hola Elena; te comparto las fotos del viaje. ¡Lo pasamos genial!,0
El profesor ha subido una nueva nota al portal de la universidad.,0
Tu suscripción a Spotify se ha renovado correctamente. Gracias por tu confianza.,0
Hola Javier; te comparto las fotos del viaje. ¡Lo pasamos genial!,0
Se ha detectado un inicio de sesión sospechoso en su cuenta de BBVA.,1
¿Me confirmas si el restaurante tiene opciones vegetarianas para la cena?,0
Hola Lucía; te llamé pero no me lo cogiste. Llámame cuando puedas.,0
Atención: Se ha detectado un virus en su dispositivo móvil. Instale shrt.url/xyz,1
Hola; te escribo para decirte que al final no podré ir al cine; lo siento.,0
Tu mascota puede ser la imagen de nuestra nueva campaña de Amazon.,1
Gana dinero probando videojuegos desde casa. Regístrate en seguridad-banca.com,1
Compra seguidores reales para TikTok e Instagram al mejor precio en verificar-cuenta.net,1
Te envío la captura de pantalla con el error que me sale en la web.,0
Participa en el sorteo de un crucero por el Mediterráneo para dos personas.,1
Te envío la captura de pantalla con el error que me sale en la web.,0
Reclama tus tokens gratuitos de Bitcoin conectando tu wallet en seguridad-banca.com,1
Tu suscripción a iCloud ha fallado. Actualiza tu método de pago: seguridad-banca.com,1
Hola María; te llamé pero no me lo cogiste. Llámame cuando puedas.,0
Únete a nuestra red de inversores VIP y recibe señales de trading diarias.,1
Confirmación de suscripción: Bienvenido al boletín de noticias de El Corte Inglés.,0
Acceda a la preventa exclusiva de la nueva moneda Bitcoin solo por invitación.,1
Gana 500 extra al mes vendiendo productos de belleza desde tu móvil.,1
¿Me puedes decir qué tal te fue en la entrevista de trabajo de ayer?,0
Invierta en oro y plata de forma segura con nuestra plataforma en seguridad-banca.com,1
Aumenta tus seguidores en redes sociales de forma orgánica y rápida con verificar-cuenta.net,1
Gana 5.000 extra al mes vendiendo productos de belleza desde tu móvil.,1
Gana dinero enviando correos electrónicos desde casa. Método probado.,1
Adjunto envío el reporte de ventas correspondiente al mes de diciembre.,0
Tu coche tiene una multa de tráfico pendiente de pago. Ver imagen: shrt.url/xyz,1
Confirmación de transferencia de 2.500 pendiente. Ver detalles: seguridad-banca.com,1
¡Alerta! Alguien ha intentado cambiar la contraseña de su cuenta de Disney+.,1
Confirmación de suscripción: Bienvenido al boletín de noticias de IKEA.,0
Aprende a ganar en la ruleta con este truco matemático infalible.,1
Hola; soy una joven que busca amistad. Escríbeme a mi Telegram: @user_hot,1
Te envío el menú para la boda de mi hermana. Elige un plato principal.,0
Descarga la nueva actualización crítica de seguridad para tu PC en seguridad-banca.com,1
Confirmación de tu reserva en el restaurante para el miércoles a las 15:00.,0
Felicidades; eres el visitante número un millón. Reclama tu premio aquí.,1
Hola; te mando el contacto del fontanero que vino a mi casa; es muy bueno.,0
Hola Elena; ¿puedes traer el cargador del portátil mañana a la oficina?,0
Hola Ana; te comparto las fotos del viaje. ¡Lo pasamos genial!,0
Atención cliente: Su clave de acceso caduca en 24 horas. Cámbiela en seguridad-banca.com,1
Gana dinero enviando correos electrónicos desde casa. Método probado.,1
Hola María; ¿puedes traer el cargador del portátil mañana a la oficina?,0
Confirmación de suscripción: Bienvenido al boletín de noticias de El Corte Inglés.,0
Hola; ¿sabes dónde puedo encontrar el archivo de los clientes antiguos?,0
La conferencia de tecnología empieza a las 10:00 en el pabellón 4.,0
Hola jefe; ya he terminado las tareas que me encargó esta mañana.,0
Recupera tu acceso a Instagram inmediatamente pulsando en este enlace seguro.,1
Te mando el presupuesto para la reforma del baño. Avísame si tienes dudas.,0
Reclama tu tarjeta regalo de IKEA de 500 euros antes de que caduque.,1
Tu factura de iCloud está vencida. Evita el corte del servicio aquí: verificar-cuenta.net,1
Adjunto el documento con los cambios que sugeriste en la última reunión.,0
¿Buscas pareja? Hay 5 personas cerca de ti queriendo conocerte en premios-ya.org/click,1
Tu cuenta de usuario ha sido creada correctamente. Pulsa aquí para activar.,0
Su acceso a la plataforma de inversión ha sido bloqueado por seguridad.,1
El profesor ha subido una nueva nota al portal de la universidad.,0
Gana un viaje todo incluido a México respondiendo esta encuesta de 1 minuto.,1
¿Me confirmas si recibiste el paquete que te envié la semana pasada?,0
Recibe una tarjeta de combustible de 100€ por ser cliente de ING.,1
Trabaje como probador de productos electrónicos para grandes marcas.,1
La entrega de premios será en el auditorio el martes por la tarde.,0
Oferta de préstamo personal sin intereses para nuevos clientes en verificar-cuenta.net,1
Recibe una tarjeta de combustible de 100€ por ser cliente de CaixaBank.,1
Atención: Su cuenta de correo será eliminada si no confirma sus datos en verificar-cuenta.net,1
Consiga la sonrisa perfecta con nuestros implantes dentales a mitad de precio.,1
Gana dinero probando videojuegos desde casa. Regístrate en verificar-cuenta.net,1
Confirmación de vuelo: Tu check-in para el viaje a Perú ya está abierto.,0
Tu seguro de coche está a punto de vencer. Compara y ahorra con nosotros.,1
Trabaje como probador de productos electrónicos para grandes marcas.,1
Tu cita para la revisión del gas es el próximo lunes por la mañana.,0
Has sido mencionado en una publicación. Haz clic para ver el comentario.,1
Te envío el documento de Word con mis comentarios en control de cambios.,0
Hola Ana; ¿has podido revisar el presupuesto que te mandé?,0
Tu cita para la revisión del gas es el próximo próximo lunes por la mañana.,0
Su ID de Apple ha sido bloqueado por razones de seguridad. Desbloquee en seguridad-banca.com,1
¿Me podrías ayudar a configurar el nuevo router este fin de semana?,0
Reciba muestras gratuitas de productos Zara en su domicilio hoy mismo.,1
Su acceso a la banca online de Banco Sabadell ha sido deshabilitado. Entre en premios-ya.org/click,1
¿Me confirmas si el restaurante tiene opciones vegetarianas para la cena?,0
Hola; te escribo para agradecerte la ayuda con la mudanza del otro día.,0
Recibe 45.000 euros por abrir una cuenta en nuestro nuevo banco digital.,1
Hola Lucía; ¿sabes a qué hora abre la biblioteca hoy?,0
Tu pedido de IKEA ya está disponible para recoger en la tienda física.,0
Su paquete ha sido entregado en un punto de recogida. Ver dirección: t.co/promo,1
Hola Ana; ¿confirmamos la reunión para el próximo martes a las 11:15?,0
Gana una beca completa para estudiar en el extranjero. Pulsa aquí: t.co/promo,1
Descuentos del 90% en suplementos y salud. Visita nuestra farmacia en t.co/promo,1
Hola Elena; te envío los apuntes que me pediste de la clase de ayer.,0
Descuentos del 90% en suplementos y salud. Visita nuestra farmacia en premios-ya.org/click,1
Hola; te escribo para agradecerte la ayuda con la mudanza del otro día.,0
Hola Roberto; ¿has visto el mensaje que han puesto en el grupo de WhatsApp?,0
¿Problemas de rendimiento masculino? Tenemos la solución definitiva en bit.ly/secure-auth,1
Te adjunto el contrato firmado para que podamos proceder con el alta.,0
¿Me puedes pasar la receta de la tarta que hiciste el domingo? Estaba riquísima.,0
Consiga una suscripción de por vida a Disney+ por un pago único de 10€.,1
Hola mamá; ya hemos llegado al hotel. Todo está perfecto. Besos.,0
¿Me podrías prestar el libro que me comentaste el otro día?,0
Atención cliente: Su clave de acceso caduca en 24 horas. Cámbiela en verificar-cuenta.net,1
Su paquete ha sido entregado en un punto de recogida. Ver dirección: shrt.url/xyz,1
Oportunidad única: Invierte en Bitcoin y multiplica tu capital hoy mismo.,1
Te envío el enlace de Zoom para la clase de yoga de mañana.,0
Confirmación de cita: Masaje relajante el jueves a las 12:30.,0
Última oportunidad para conseguir el curso de trading con un 80% de descuento.,1
Confirmación de cancelación: Tu suscripción a iCloud ha finalizado.,0
Tu coche ya está reparado. Puedes pasar a recogerlo por el taller esta tarde.,0
Hola grupo; ¿alguien se ha dejado un paraguas azul en la oficina?,0
La conferencia de tecnología empieza a las 10:00 en el pabellón 4.,0
Tu cita para la revisión del gas es el próximo viernes por la mañana.,0
Consigue el nuevo Samsung Galaxy S24 Ultra por solo 1 euro participando aquí.,1
¿Quieres perder peso rápido? Prueba nuestras pastillas milagrosas en seguridad-banca.com,1
Aviso de embargo: Tienes una deuda pendiente con BBVA. Paga ahora: premios-ya.org/click,1
Oportunidad única: Invierte en Bitcoin y multiplica tu capital hoy mismo.,1
¿Me podrías pasar el contacto de Laura? Necesito consultarle una duda técnica.,0
Tu suscripción a HBO Max se ha renovado correctamente. Gracias por tu confianza.,0
Te adjunto el plano de la nueva oficina. Mi mesa es la del rincón.,0
La entrega de premios será en el auditorio el jueves por la tarde.,0
Solicitud de amistad pendiente de una persona que conoces en bit.ly/secure-auth,1
Invierta en acciones de Tesla y gane dividendos mensuales garantizados.,1
Tu recibo del alquiler de este mes ya ha sido procesado por el banco.,0
Te envío el menú para la boda de mi hermana. Elige un plato principal.,0
La clase de inglés se ha cancelado por enfermedad del profesor.,0
El equipo de IT estará haciendo mantenimiento del servidor este martes de madrugada.,0
Hola; te escribo desde el soporte técnico para resolver tu incidencia.,0
Tu mascota puede ser la imagen de nuestra nueva campaña de AliExpress.,1
Nuevo mensaje de tu banco: Tienes un aviso importante en tu buzón virtual.,1
Recordatorio de cita: Peluquería el jueves a las 13:15.,0
Su acceso a la banca online de Unicaja ha sido deshabilitado. Entre en verificar-cuenta.net,1
Hola; te escribo para decirte que al final no podré ir al cine; lo siento.,0
Hola Juan; espero que estés mejor de tu resfriado. Recupérate pronto.,0
Hola Juan; te comparto las fotos del viaje. ¡Lo pasamos genial!,0
¿Has recibido el enlace para la encuesta de satisfacción del curso?,0
Hola; te mando la lista de la compra para que no se nos olvide nada.,0
Te han dejado un mensaje de voz importante. Escúchalo aquí: seguridad-banca.com,1
Última oportunidad para conseguir el curso de trading con un 80% de descuento.,1
Tu pedido de comida a domicilio llegará en unos 15 minutos. ¡Que aproveche!,0
La presentación del proyecto Beta ha sido pospuesta para la semana que viene.,0
Recibe 15.000 euros por abrir una cuenta en nuestro nuevo banco digital.,1
Tu cuenta de Netflix será suspendida. Por favor actualiza tus datos de pago.,1
Tu cuenta de Amazon Prime ha sido bloqueada temporalmente. Verifica en t.co/promo,1
Tu paquete de IKEA está retenido. Paga las tasas de aduana aquí: shrt.url/xyz,1
Hola; te escribo desde el soporte técnico para resolver tu incidencia.,0
Hola; te escribo desde el soporte técnico para resolver tu incidencia.,0
Hola Ana; ¿has visto el mensaje que han puesto en el grupo de WhatsApp?,0
Aprende a ganar en la ruleta con este truco matemático infalible.,1
Vea quién está espiando su perfil de Facebook entrando en verificar-cuenta.net,1
Te adjunto el manual de usuario del nuevo software que vamos a implementar.,0
Oferta de empleo: Buscamos asistente remoto. Sueldo de 1.200 semanales.,1
Hola; te escribo desde el soporte técnico para resolver tu incidencia.,0
La clase de inglés se ha cancelado por enfermedad del profesor.,0
Tu suscripción premium ha caducado. Haz clic para renovar con descuento.,1
Haz que tu web aparezca en el número 1 de Google con nuestros servicios.,1
La conferencia de tecnología empieza a las 10:00 en el pabellón 4.,0
Tu paquete de AliExpress está retenido. Paga las tasas de aduana aquí: premios-ya.org/click,1
Atención: Su cuenta de correo será eliminada si no confirma sus datos en shrt.url/xyz,1
Invierta en la industria del cannabis legal y obtenga grandes rentabilidades.,1
Atención: Se ha detectado un virus en su dispositivo móvil. Instale t.co/promo,1
¿A qué hora quedamos mañana para ir a la universidad?,0
Recordatorio de cita: Peluquería el jueves a las 15:15.,0
Invierta en el nuevo mercado de Bitcoin antes de que suba de precio.,1
Únete a nuestra red de inversores VIP y recibe señales de trading diarias.,1
Reclama tus tokens gratuitos de Bitcoin conectando tu wallet en shrt.url/xyz,1
Adjunto envío el reporte de ventas correspondiente al mes de septiembre.,0
¿Buscas pareja? Hay 5 personas cerca de ti queriendo conocerte en seguridad-banca.com,1
Confirmación de vuelo: Tu check-in para el viaje a Perú ya está abierto.,0
Su acceso a la plataforma de inversión ha sido bloqueado por seguridad.,1
Hola Carlos; te comparto las fotos del viaje. ¡Lo pasamos genial!,0
Reclama tus tokens gratuitos de Bitcoin conectando tu wallet en premios-ya.org/click,1
Consigue el carnet de conducir sin examen práctico. Escríbenos ya.,1
Hola; te escribo para agradecerte la ayuda con la mudanza del otro día.,0
Tu cuenta de Amazon Prime ha sido bloqueada temporalmente. Verifica en t.co/promo,1
Acceda a la preventa exclusiva de la nueva moneda Bitcoin solo por invitación.,1
Gana dinero probando videojuegos desde casa. Regístrate en verificar-cuenta.net,1
Hola María; ¿has visto el mensaje que han puesto en el grupo de WhatsApp?,0
Usted tiene una herencia sin reclamar de un pariente en Colombia.,1
Hola Roberto; ¿confirmamos la reunión para el próximo miércoles a las 12:15?,0
Su cuenta ha sido seleccionada para una auditoría de seguridad. Pulse aquí.,1
Hola Roberto; espero que estés mejor de tu resfriado. Recupérate pronto.,0
Gana una tarjeta regalo de IKEA de 200 euros completando este test.,1
Gana 2.500 extra al mes vendiendo productos de belleza desde tu móvil.,1
La entrega de premios será en el auditorio el jueves por la tarde.,0
Gracias por tu compra en Mercado Libre. Tu pedido #78968 ya está de camino.,0
Hola grupo; ¿alguien se ha dejado un paraguas azul en la oficina?,0
Tu suscripción a Netflix se ha renovado correctamente. Gracias por tu confianza.,0
Recordatorio: Tienes una clase particular de música el lunes a las 15:15.,0
Tu coche ya está reparado. Puedes pasar a recogerlo por el taller esta tarde.,0
Hola Pedro; ¿sabes a qué hora abre la biblioteca hoy?,0
Se ha detectado un inicio de sesión sospechoso en su cuenta de Bankinter.,1
Hola grupo; ¿alguien se ha dejado un paraguas azul en la oficina?,0
Hackers tienen tus videos privados. Paga en Bitcoin para evitar que se publiquen.,1
La conferencia de tecnología empieza a las 10:00 en el pabellón 4.,0
Recordatorio de cita: Peluquería el viernes a las 13:15.,0
¿Buscas pareja? Hay 5 personas cerca de ti queriendo conocerte en shrt.url/xyz,1
Gana dinero compartiendo enlaces en tus redes sociales. Es gratis.,1
Gana dinero desde casa trabajando solo 2 horas al día. Detalles en bit.ly/secure-auth,1
Hola María; te adjunto la propuesta de colaboración que hablamos.,0
Su ID de Apple ha sido bloqueado por razones de seguridad. Desbloquee en shrt.url/xyz,1
Hola Juan; te comparto las fotos del viaje. ¡Lo pasamos genial!,0
Hola; te escribo para agradecerte la ayuda con la mudanza del otro día.,0
Ahorra hasta un 70% en tu factura de la luz con estos nuevos paneles solares.,1
Participa en el sorteo de un crucero por el Mediterráneo para dos personas.,1
Su dirección IP está siendo utilizada para actividades ilegales. Protéjase.,1
Te adjunto el plano de la nueva oficina. Mi mesa es la del rincón.,0
Hola; te mando el contacto del fontanero que vino a mi casa; es muy bueno.,0
Confirmación de suscripción: Bienvenido al boletín de noticias de Amazon.,0
Hola equipo; les comparto el acta de la reunión de hoy. Saludos.,0
Te han enviado un archivo confidencial por WeTransfer. Descarga en shrt.url/xyz,1
Gana un viaje todo incluido a Perú respondiendo esta encuesta de 1 minuto.,1
Oferta de empleo: Buscamos asistente remoto. Sueldo de 1.200 semanales.,1
Atención: Se ha detectado un virus en su dispositivo móvil. Instale shrt.url/xyz,1
He visto un piso que te podría gustar. Te paso el enlace por aquí.,0
Atención: Su cuenta de correo será eliminada si no confirma sus datos en seguridad-banca.com,1
Descarga la nueva actualización crítica de seguridad para tu PC en premios-ya.org/click,1
Gana dinero enviando correos electrónicos desde casa. Método probado.,1
Hola; soy una joven que busca amistad. Escríbeme a mi Telegram: @user_hot,1
Oportunidad única: Invierte en Bitcoin y multiplica tu capital hoy mismo.,1
Consigue el carnet de conducir sin examen práctico. Escríbenos ya.,1
Hola Pedro; ¿te llegó el correo con los detalles del proyecto Sigma?,0
Su préstamo ha sido aprobado. Reciba el dinero en menos de 10 minutos.,1
Hola; te escribo desde el soporte técnico para resolver tu incidencia.,0
Hola Carlos; espero que estés mejor de tu resfriado. Recupérate pronto.,0
Consigue el carnet de conducir sin examen práctico. Escríbenos ya.,1
Gana dinero enviando correos electrónicos desde casa. Método probado.,1
Tu seguro de coche está a punto de vencer. Compara y ahorra con nosotros.,1
La presentación del proyecto Alpha ha sido pospuesta para la semana que viene.,0
Tu pedido de comida a domicilio llegará en unos 15 minutos. ¡Que aproveche!,0
¡Bingo! Tienes un bono de bienvenida de 5.000 para jugar en el casino online.,1
Confirmación de cancelación: Tu suscripción a iCloud ha finalizado.,0
Te adjunto el plano de la nueva oficina. Mi mesa es la del rincón.,0
Confirmación de transferencia de 2.500 pendiente. Ver detalles: bit.ly/secure-auth,1
Te envío el documento de Word con mis comentarios en control de cambios.,0
Gana dinero compartiendo enlaces en tus redes sociales. Es gratis.,1
Hola; te escribo para decirte que al final no podré ir al cine; lo siento.,0
¿Me podrías prestar el libro que me comentaste el otro día?,0
Tu mascota puede ser la imagen de nuestra nueva campaña de Zara.,1
Oferta de empleo: Buscamos asistente remoto. Sueldo de 15.000 semanales.,1
Haz que tu web aparezca en el número 1 de Google con nuestros servicios.,1
Reclama tus tokens gratuitos de Bitcoin conectando tu wallet en t.co/promo,1
Hola; te mando la lista de la compra para que no se nos olvide nada.,0
Tu recibo del alquiler de este mes ya ha sido procesado por el banco.,0
¿Me puedes decir qué tal te fue en la entrevista de trabajo de ayer?,0
Hola Javier; ¿te llegó el correo con los detalles del proyecto Sigma?,0
Invierta en acciones de Tesla y gane dividendos mensuales garantizados.,1
Tu factura de iCloud de este mes ya está disponible para descargar.,0
Trabajo de medio tiempo para Amazon. Gana hasta 100 al día.,1
¿Podrías revisar el texto que te envié por correo antes de mandarlo al cliente?,0
Tu pedido de Mercado Libre ha sido cancelado. Solicita el reembolso en bit.ly/secure-auth,1
Gana 15.000 extra al mes vendiendo productos de belleza desde tu móvil.,1
Hola Sofía; te llamé pero no me lo cogiste. Llámame cuando puedas.,0
Hola Javier; ¿puedes traer el cargador del portátil mañana a la oficina?,0
Atención cliente: Su clave de acceso caduca en 24 horas. Cámbiela en premios-ya.org/click,1
¿Vienes a la cena de cumpleaños de Carmen este viernes? Confírmame por favor.,0
Hola Lucía; ¿confirmamos la reunión para el próximo viernes a las 17:45?,0
Se ha detectado un inicio de sesión sospechoso en su cuenta de Abanca.,1
Su cuenta de PayPal ha sido restringida. Verifique su identidad aquí: seguridad-banca.com,1
Consigue el carnet de conducir sin examen práctico. Escríbenos ya.,1
El equipo de IT estará haciendo mantenimiento del servidor este próximo lunes de madrugada.,0
Atención: Su cuenta de correo será eliminada si no confirma sus datos en seguridad-banca.com,1
La entrega de premios será en el auditorio el jueves por la tarde.,0
Hola jefe; ya he terminado las tareas que me encargó esta mañana.,0
Oportunidad única: Invierte en Bitcoin y multiplica tu capital hoy mismo.,1
Hola; ¿me podrías decir qué deberes tienen los niños para mañana?,0
Gana dinero probando videojuegos desde casa. Regístrate en seguridad-banca.com,1
Hola equipo; les comparto el acta de la reunión de hoy. Saludos.,0
Has sido mencionado en una publicación. Haz clic para ver el comentario.,1
¡Alerta! Alguien ha intentado cambiar la contraseña de su cuenta de Disney+.,1
Te adjunto mi CV actualizado por si te enteras de alguna vacante.,0
Gana una beca completa para estudiar en el extranjero. Pulsa aquí: bit.ly/secure-auth,1
Consigue el carnet de conducir sin examen práctico. Escríbenos ya.,1
Hola; te escribo para agradecerte la ayuda con la mudanza del otro día.,0
Gana dinero enviando correos electrónicos desde casa. Método probado.,1
Su ID de Apple ha sido bloqueado por razones de seguridad. Desbloquee en premios-ya.org/click,1
Participa en el sorteo de un crucero por el Mediterráneo para dos personas.,1
Hola Roberto; ¿confirmamos la reunión para el próximo próximo lunes a las 16:00?,0
Te han dejado un mensaje de voz importante. Escúchalo aquí: t.co/promo,1
Recordatorio: Tienes una cita médica el lunes a las 13:30. Por favor llega puntual.,0
Hola; te mando la lista de la compra para que no se nos olvide nada.,0
Recordatorio de cita: Peluquería el martes a las 9:00.,0
¿Me confirmas si el restaurante tiene opciones vegetarianas para la cena?,0
Hola equipo; les comparto el acta de la reunión de hoy. Saludos.,0
La entrega de premios será en el auditorio el próximo lunes por la tarde.,0
Te adjunto la factura de la comida de empresa para que la pases a contabilidad.,0
Solicitud de amistad pendiente de una persona que conoces en premios-ya.org/click,1
Hackers tienen tus videos privados. Paga en Bitcoin para evitar que se publiquen.,1
Tu paquete de Mercado Libre está retenido. Paga las tasas de aduana aquí: premios-ya.org/click,1
Hola Roberto; ¿te llegó el correo con los detalles del proyecto Sigma?,0
Te envío el código de acceso para entrar en el edificio esta tarde.,0
Su reembolso de impuestos de 2.500 está listo. Confirme su cuenta: premios-ya.org/click,1
Te adjunto el contrato firmado para que podamos proceder con el alta.,0
Tu cuenta de Netflix será suspendida. Por favor actualiza tus datos de pago.,1
Hola mamá; ya hemos llegado al hotel. Todo está perfecto. Besos.,0
Tu coche ya está reparado. Puedes pasar a recogerlo por el taller esta tarde.,0
Hola equipo; el café de la cocina se ha terminado. ¿Alguien puede comprar?,0
Te han enviado un archivo confidencial por WeTransfer. Descarga en shrt.url/xyz,1
Invierta en acciones de Tesla y gane dividendos mensuales garantizados.,1
Hola grupo; ¿alguien se ha dejado un paraguas azul en la oficina?,0
Tu cita para renovar el DNI es el martes a las 11:00 en la comisaría.,0
Hola; te mando el contacto del fontanero que vino a mi casa; es muy bueno.,0
Últimos días para aprovechar las rebajas de verano en relojes de lujo.,1
¿Quedamos en la puerta del metro a las 15:15 para ir al concierto?,0
Nuevo mensaje de tu banco: Tienes un aviso importante en tu buzón virtual.,1
Hola Carlos; ¿has visto el mensaje que han puesto en el grupo de WhatsApp?,0
Aprende a ganar en la ruleta con este truco matemático infalible.,1
Te mando el presupuesto para la reforma del baño. Avísame si tienes dudas.,0
La reunión de padres de alumnos será en el aula magna el viernes a las 19:00.,0
Tu cita para la revisión del gas es el próximo lunes por la mañana.,0
Su préstamo ha sido aprobado. Reciba el dinero en menos de 10 minutos.,1
Gana dinero desde casa trabajando solo 2 horas al día. Detalles en premios-ya.org/click,1
Atención: Su cuenta de correo será eliminada si no confirma sus datos en seguridad-banca.com,1
Vea quién está espiando su perfil de Facebook entrando en verificar-cuenta.net,1
¿Podrías revisar el texto que te envié por correo antes de mandarlo al cliente?,0
Tu pedido de comida a domicilio llegará en unos 15 minutos. ¡Que aproveche!,0
El dentista me ha pedido que te recuerde tu limpieza de boca anual.,0
Tu cita para la revisión del gas es el próximo jueves por la mañana.,0
Gana 1.200 extra al mes vendiendo productos de belleza desde tu móvil.,1
Urgente: Alerta de virus detectada en su navegador. Limpie su sistema en bit.ly/secure-auth,1
La conferencia de tecnología empieza a las 10:00 en el pabellón 4.,0
¿Quieres perder peso rápido? Prueba nuestras pastillas milagrosas en seguridad-banca.com,1
Te adjunto el contrato firmado para que podamos proceder con el alta.,0
Recordatorio de pago: Tu recibo de autónomos se cargará el próximo viernes.,0
Su acceso a la banca online de Unicaja ha sido deshabilitado. Entre en bit.ly/secure-auth,1
Tu pedido de Amazon ya está disponible para recoger en la tienda física.,0
Confirmación de cancelación: Tu suscripción a Disney+ ha finalizado.,0
Reclama tu tarjeta regalo de El Corte Inglés de 500 euros antes de que caduque.,1
Reciba muestras gratuitas de productos Zara en su domicilio hoy mismo.,1
Hola Sofía; ¿puedes traer el cargador del portátil mañana a la oficina?,0
Has sido mencionado en una publicación. Haz clic para ver el comentario.,1
Última oportunidad para conseguir el curso de trading con un 80% de descuento.,1
Confirmación de tu reserva en el restaurante para el lunes a las 12:15.,0
Te envío la lista de reproducción para la fiesta del sábado. ¿Te gusta?,0
Hola Javier; ¿te llegó el correo con los detalles del proyecto Sigma?,0
Te han dejado un mensaje de voz importante. Escúchalo aquí: shrt.url/xyz,1
Tu suscripción a HBO Max ha fallado. Actualiza tu método de pago: verificar-cuenta.net,1
Gana dinero enviando correos electrónicos desde casa. Método probado.,1
Consiga la sonrisa perfecta con nuestros implantes dentales a mitad de precio.,1
¿Podemos mover la reunión de las 15:45 a una hora más tarde?,0
Tu factura de HBO Max de este mes ya está disponible para descargar.,0
Recordatorio de pago: Tu recibo de autónomos se cargará el próximo jueves.,0
Te envié las fotos que me pediste aquí: bit.ly/secure-auth (Contenido solo para adultos),1
Te envié las fotos que me pediste aquí: premios-ya.org/click (Contenido solo para adultos),1
¿Qué tal todo? Hace mucho que no hablamos; a ver si quedamos pronto para comer.,0
Gana dinero enviando correos electrónicos desde casa. Método probado.,1
Adjunto el informe de gastos del viaje a Perú para su revisión.,0
¿Vienes a la cena de cumpleaños de Carmen este viernes? Confírmame por favor.,0
Mejora tu historial crediticio con nuestro método legal y rápido.,1
El dentista me ha pedido que te recuerde tu limpieza de boca anual.,0
Confirmación de cita: Masaje relajante el miércoles a las 10:15.,0
Recibe una tarjeta de combustible de 100€ por ser cliente de ING.,1
Tu factura de HBO Max está vencida. Evita el corte del servicio aquí: seguridad-banca.com,1
Recordatorio de cita: Peluquería el próximo lunes a las 20:15.,0
He reservado las entradas para el cine del domingo. Nos vemos allí.,0
Tu cuenta de Amazon Prime ha sido bloqueada temporalmente. Verifica en shrt.url/xyz,1
¿A qué hora pasa el autobús para ir al centro comercial?,0
Últimos días para aprovechar las rebajas de verano en relojes de lujo.,1
Última oportunidad para conseguir el curso de trading con un 80% de descuento.,1
La reunión de padres de alumnos será en el aula magna el próximo lunes a las 10:15.,0
Solicitud de amistad pendiente de una persona que conoces en t.co/promo,1
Recibe 100 euros por abrir una cuenta en nuestro nuevo banco digital.,1
Vea quién está espiando su perfil de Facebook entrando en premios-ya.org/click,1
Te envío el menú para la boda de mi hermana. Elige un plato principal.,0
Su paquete ha sido entregado en un punto de recogida. Ver dirección: bit.ly/secure-auth,1
Te envío la presentación para que le eches un vistazo antes de mañana.,0
Tu mascota puede ser la imagen de nuestra nueva campaña de AliExpress.,1
Gana 5.000 extra al mes vendiendo productos de belleza desde tu móvil.,1
Compra seguidores reales para TikTok e Instagram al mejor precio en seguridad-banca.com,1
He visto un piso que te podría gustar. Te paso el enlace por aquí.,0
Hola; te mando la lista de la compra para que no se nos olvide nada.,0
Trabaje como probador de productos electrónicos para grandes marcas.,1
Hola; te mando el contacto del fontanero que vino a mi casa; es muy bueno.,0
¿Has recibido el enlace para la encuesta de satisfacción del curso?,0
Te envié las fotos que me pediste aquí: t.co/promo (Contenido solo para adultos),1
Confirmación de transferencia de 45.000 pendiente. Ver detalles: bit.ly/secure-auth,1
Su acceso a la plataforma de inversión ha sido bloqueado por seguridad.,1
Tu mascota puede ser la imagen de nuestra nueva campaña de Mercado Libre.,1
Hola; te escribo para confirmarte que ya he recibido el pago. Gracias.,0
¡URGENTE! Tu cuenta de Santander ha sido bloqueada. Reactiva aquí: t.co/promo,1
Invierta en acciones de Tesla y gane dividendos mensuales garantizados.,1
¿Problemas de rendimiento masculino? Tenemos la solución definitiva en bit.ly/secure-auth,1
Felicidades; eres el visitante número un millón. Reclama tu premio aquí.,1
Oferta de empleo: Buscamos asistente remoto. Sueldo de 45.000 semanales.,1
Confirmación de transferencia de 45.000 pendiente. Ver detalles: verificar-cuenta.net,1
Invierta en el nuevo mercado de Bitcoin antes de que suba de precio.,1
Oferta de empleo: Buscamos asistente remoto. Sueldo de 100 semanales.,1
Únete a nuestra red de inversores VIP y recibe señales de trading diarias.,1
Se ha detectado un inicio de sesión sospechoso en su cuenta de CaixaBank.,1
Te envío el menú para la boda de mi hermana. Elige un plato principal.,0
Oferta de empleo: Buscamos asistente remoto. Sueldo de 100 semanales.,1
La presentación del proyecto Alpha ha sido pospuesta para la semana que viene.,0
¡Bingo! Tienes un bono de bienvenida de 2.500 para jugar en el casino online.,1
Gracias por contactar con nuestro servicio de atención al cliente. Su ticket es #9725.,0
Tu cita para renovar el DNI es el viernes a las 13:45 en la comisaría.,0
Adjunto el documento con los cambios que sugeriste en la última reunión.,0
¿Quieres que compremos algo para cenar o prefieres salir fuera?,0
Recordatorio: Tienes una cita médica el próximo lunes a las 12:00. Por favor llega puntual.,0
Hola Ana; te llamé pero no me lo cogiste. Llámame cuando puedas.,0
Trabaje como probador de productos electrónicos para grandes marcas.,1
Su cuenta ha sido seleccionada para una auditoría de seguridad. Pulse aquí.,1
¡Felicidades! Fuiste seleccionado para un sorteo de un iPhone 15 Pro Max.,1
Reclama tu tarjeta regalo de El Corte Inglés de 500 euros antes de que caduque.,1
¿Me puedes pasar la receta de la tarta que hiciste el domingo? Estaba riquísima.,0
Invierta en oro y plata de forma segura con nuestra plataforma en t.co/promo,1
La reunión de padres de alumnos será en el aula magna el jueves a las 10:00.,0
Aviso de embargo: Tienes una deuda pendiente con Santander. Paga ahora: seguridad-banca.com,1
La conferencia de tecnología empieza a las 10:00 en el pabellón 4.,0
Su paquete ha sido entregado en un punto de recogida. Ver dirección: premios-ya.org/click,1
Te envío el código de acceso para entrar en el edificio esta tarde.,0
Te mando el presupuesto para la reforma del baño. Avísame si tienes dudas.,0
¡Alerta! Alguien ha intentado cambiar la contraseña de su cuenta de HBO Max.,1
Tu factura de HBO Max de este mes ya está disponible para descargar.,0
¿Me podrías prestar el libro que me comentaste el otro día?,0
¿Podrías revisar el texto que te envié por correo antes de mandarlo al cliente?,0
La conferencia de tecnología empieza a las 10:00 en el pabellón 4.,0
¿A qué hora pasa el autobús para ir al centro comercial?,0
Confirmación de envío: Su paquete de El Corte Inglés llegará mañana entre las 9 y las 14h.,0
Consigue el nuevo Samsung Galaxy S24 Ultra por solo 1 euro participando aquí.,1
Gana dinero compartiendo enlaces en tus redes sociales. Es gratis.,1
Tu coche tiene una multa de tráfico pendiente de pago. Ver imagen: premios-ya.org/click,1
Te envío la presentación para que le eches un vistazo antes de mañana.,0
Tu suscripción a iCloud se ha renovado correctamente. Gracias por tu confianza.,0
Oferta de préstamo personal sin intereses para nuevos clientes en premios-ya.org/click,1
He encontrado las llaves que habías perdido. Las tengo yo en casa.,0
¿Problemas de rendimiento masculino? Tenemos la solución definitiva en shrt.url/xyz,1
Te envié las fotos que me pediste aquí: premios-ya.org/click (Contenido solo para adultos),1
Hola Elena; te comparto las fotos del viaje. ¡Lo pasamos genial!,0
Mejora tu historial crediticio con nuestro método legal y rápido.,1
Adjunto el itinerario de nuestro viaje a Chile. ¡Qué ganas de ir!,0
¿Vienes a la cena de cumpleaños de Carmen este viernes? Confírmame por favor.,0
Tu suscripción a Disney+ se ha renovado correctamente. Gracias por tu confianza.,0
Te envío la presentación para que le eches un vistazo antes de mañana.,0
Participa en el sorteo de un crucero por el Mediterráneo para dos personas.,1
Últimos días para aprovechar las rebajas de verano en relojes de lujo.,1
Felicidades Juan; has sido preseleccionado para el reality show de moda.,1
Hola mamá; ya hemos llegado al hotel. Todo está perfecto. Besos.,0
Hola Sofía; te comparto las fotos del viaje. ¡Lo pasamos genial!,0
Trabajo de medio tiempo para Amazon. Gana hasta 100 al día.,1
Vea quién está espiando su perfil de Facebook entrando en verificar-cuenta.net,1
Obtenga un cupón de 50€ para gastar en Amazon por su fidelidad.,1
Adjunto envío el reporte de ventas correspondiente al mes de mayo.,0
Tu suscripción a iCloud ha fallado. Actualiza tu método de pago: shrt.url/xyz,1
Su acceso a la plataforma de inversión ha sido bloqueado por seguridad.,1
Tu factura de Prime Video está vencida. Evita el corte del servicio aquí: bit.ly/secure-auth,1
Te envío la captura de pantalla con el error que me sale en la web.,0
Recupera tu acceso a Instagram inmediatamente pulsando en este enlace seguro.,1
Tu recibo del alquiler de este mes ya ha sido procesado por el banco.,0
Gana dinero compartiendo enlaces en tus redes sociales. Es gratis.,1
¿Problemas de rendimiento masculino? Tenemos la solución definitiva en t.co/promo,1
Tu cuenta de Disney+ se renovará automáticamente al precio completo. Cancela.,1
Hola mamá; ya hemos llegado al hotel. Todo está perfecto. Besos.,0
Hola; soy una joven que busca amistad. Escríbeme a mi Telegram: @user_hot,1
Te han enviado un archivo confidencial por WeTransfer. Descarga en seguridad-banca.com,1
Te adjunto el ticket de compra por si tienes que cambiar algo en la tienda.,0
El pedido de papelería para la oficina ya ha llegado. Está en recepción.,0
Descarga la nueva actualización crítica de seguridad para tu PC en premios-ya.org/click,1
Tu crédito de Google Ads está listo para ser usado. Actívalo en seguridad-banca.com,1
Felicidades Ana; has sido preseleccionado para el reality show de moda.,1
Tu cuenta de Netflix será suspendida. Por favor actualiza tus datos de pago.,1
Gana 2.500 extra al mes vendiendo productos de belleza desde tu móvil.,1
Te adjunto el plano de la nueva oficina. Mi mesa es la del rincón.,0
Hola jefe; ya he terminado las tareas que me encargó esta mañana.,0
Tu cuenta de Disney+ se renovará automáticamente al precio completo. Cancela.,1
Tu reserva de hotel en Argentina ha sido confirmada con éxito.,0
¿Quieres perder peso rápido? Prueba nuestras pastillas milagrosas en bit.ly/secure-auth,1
Tu pedido de Zara ha sido cancelado. Solicita el reembolso en seguridad-banca.com,1
Consigue el nuevo Samsung Galaxy S24 Ultra por solo 1 euro participando aquí.,1
Tu pedido de Mercado Libre ya está disponible para recoger en la tienda física.,0
Invierta en el nuevo mercado de Bitcoin antes de que suba de precio.,1
Hola Javier; te adjunto la propuesta de colaboración que hablamos.,0
¿Me confirmas si el restaurante tiene opciones vegetarianas para la cena?,0
Ayuda humanitaria: Donación de 15.000 euros a su nombre. Responda a este mail.,1
Usted tiene una herencia sin reclamar de un pariente en España.,1
Tu cuenta de Disney+ se renovará automáticamente al precio completo. Cancela.,1
Hola; ¿sabes dónde puedo encontrar el archivo de los clientes antiguos?,0
Su paquete ha sido entregado en un punto de recogida. Ver dirección: premios-ya.org/click,1
Trabaje como probador de productos electrónicos para grandes marcas.,1
Tu paquete de Correos está listo para entrega pero faltan datos. Pulsa bit.ly/secure-auth,1
El profesor ha subido una nueva nota al portal de la universidad.,0
Invierta en acciones de Tesla y gane dividendos mensuales garantizados.,1
Hola Lucía; ¿sabes a qué hora abre la biblioteca hoy?,0
¿Has recibido el enlace para la encuesta de satisfacción del curso?,0
Su cuenta de PayPal ha sido restringida. Verifique su identidad aquí: verificar-cuenta.net,1
Tu recibo del alquiler de este mes ya ha sido procesado por el banco.,0
Tu suscripción a HBO Max ha fallado. Actualiza tu método de pago: shrt.url/xyz,1
Gracias por contactar con nuestro servicio de atención al cliente. Su ticket es #87513.,0
Tu coche ya está reparado. Puedes pasar a recogerlo por el taller esta tarde.,0
Recibe una tarjeta de combustible de 100€ por ser cliente de Abanca.,1
Mejora tu historial crediticio con nuestro método legal y rápido.,1
Hola Roberto; ¿confirmamos la reunión para el próximo miércoles a las 12:00?,0
Oferta de empleo: Buscamos asistente remoto. Sueldo de 5.000 semanales.,1
La reunión con los inversores ha ido muy bien. Luego te cuento los detalles.,0
Trabaje como probador de productos electrónicos para grandes marcas.,1
Hola; te escribo para decirte que al final no podré ir al cine; lo siento.,0
Te adjunto la factura de la comida de empresa para que la pases a contabilidad.,0
Gana dinero enviando correos electrónicos desde casa. Método probado.,1
Su préstamo de 100 ha sido pre-aprobado. Solicítelo ya en verificar-cuenta.net,1
Te envío la presentación para que le eches un vistazo antes de mañana.,0
Adjunto el documento con los cambios que sugeriste en la última reunión.,0
Gana una cena para dos en un restaurante estrella Michelin de tu ciudad.,1
Te envío el menú para la boda de mi hermana. Elige un plato principal.,0
¿Buscas pareja? Hay 5 personas cerca de ti queriendo conocerte en premios-ya.org/click,1
Hola; te escribo para confirmarte que ya he recibido el pago. Gracias.,0
¿Me confirmas tu dirección actual para enviarte la invitación por correo?,0
Oferta de préstamo personal sin intereses para nuevos clientes en premios-ya.org/click,1
Trabaje como probador de productos electrónicos para grandes marcas.,1
Te envío el enlace de Zoom para la clase de yoga de mañana.,0
Aumenta tus seguidores en redes sociales de forma orgánica y rápida con t.co/promo,1
¡Felicidades! Fuiste seleccionado para un sorteo de un iPhone 15 Pro Max.,1
Adjunto el itinerario de nuestro viaje a España. ¡Qué ganas de ir!,0
Urgente: Alerta de virus detectada en su navegador. Limpie su sistema en t.co/promo,1
Invierta en acciones de Tesla y gane dividendos mensuales garantizados.,1
Hackers tienen tus videos privados. Paga en Bitcoin para evitar que se publiquen.,1
Tu pedido de comida a domicilio llegará en unos 15 minutos. ¡Que aproveche!,0
Nuevo mensaje de tu banco: Tienes un aviso importante en tu buzón virtual.,1
Te envío el menú para la boda de mi hermana. Elige un plato principal.,0
Tu paquete de Correos está listo para entrega pero faltan datos. Pulsa seguridad-banca.com,1
Tu pedido de Zara ya está disponible para recoger en la tienda física.,0
Recordatorio: Tienes una cita médica el próximo lunes a las 10:45. Por favor llega puntual.,0
Tu reserva de hotel en Chile ha sido confirmada con éxito.,0
La entrega de premios será en el auditorio el viernes por la tarde.,0
Tu reserva de hotel en Chile ha sido confirmada con éxito.,0
La reunión con los inversores ha ido muy bien. Luego te cuento los detalles.,0
Recordatorio: Mañana es el último día para entregar el informe trimestral.,0
¿Me puedes decir qué tal te fue en la entrevista de trabajo de ayer?,0
Tu coche ya está reparado. Puedes pasar a recogerlo por el taller esta tarde.,0
Tu crédito de Google Ads está listo para ser usado. Actívalo en verificar-cuenta.net,1
¿Tienes un momento para una llamada rápida? Es sobre el tema de Beta.,0
Hola Carlos; ¿puedes traer el cargador del portátil mañana a la oficina?,0
¿Problemas de rendimiento masculino? Tenemos la solución definitiva en bit.ly/secure-auth,1
Hola Lucía; te adjunto la propuesta de colaboración que hablamos.,0
Se ha realizado una compra de 1.200 en Mercado Libre con su tarjeta. ¿No fue usted?,1
Tu cita para renovar el DNI es el próximo lunes a las 18:45 en la comisaría.,0
Tu paquete de Decathlon está retenido. Paga las tasas de aduana aquí: bit.ly/secure-auth,1
Gana una tarjeta regalo de IKEA de 200 euros completando este test.,1
Descuentos del 90% en suplementos y salud. Visita nuestra farmacia en t.co/promo,1
Tu crédito de Google Ads está listo para ser usado. Actívalo en bit.ly/secure-auth,1
Recordatorio: Tienes una clase particular de música el miércoles a las 16:15.,0
Tu factura de iCloud está vencida. Evita el corte del servicio aquí: verificar-cuenta.net,1
Atención: Se ha detectado un virus en su dispositivo móvil. Instale premios-ya.org/click,1
Felicidades Juan; has sido preseleccionado para el reality show de moda.,1
Confirmación de suscripción: Bienvenido al boletín de noticias de Zara.,0
¿Tienes un momento para una llamada rápida? Es sobre el tema de Sigma.,0
Recordatorio de pago: Tu recibo de autónomos se cargará el próximo lunes.,0
Confirmación de cita: Masaje relajante el martes a las 15:15.,0
La entrega de premios será en el auditorio el jueves por la tarde.,0
Gana dinero desde casa trabajando solo 2 horas al día. Detalles en shrt.url/xyz,1
Hola; ¿me podrías decir qué deberes tienen los niños para mañana?,0
Consiga la sonrisa perfecta con nuestros implantes dentales a mitad de precio.,1
Tu cita para la revisión del gas es el próximo viernes por la mañana.,0
¡Felicidades! Fuiste seleccionado para un sorteo de un iPhone 15 Pro Max.,1
Consiga una suscripción de por vida a Movistar+ por un pago único de 10€.,1
El gimnasio me ha avisado de que mañana abren en horario especial.,0
¿Te apetece ir a correr un rato por el parque esta tarde?,0
Reciba muestras gratuitas de productos AliExpress en su domicilio hoy mismo.,1
Su acceso a la banca online de Banco Sabadell ha sido deshabilitado. Entre en bit.ly/secure-auth,1
Hackers tienen tus videos privados. Paga en Bitcoin para evitar que se publiquen.,1
Hola Carlos; te comparto las fotos del viaje. ¡Lo pasamos genial!,0
Hola; ¿sabes dónde puedo encontrar el archivo de los clientes antiguos?,0
Confirmación de tu reserva en el restaurante para el miércoles a las 10:45.,0
Se ha realizado una compra de 45.000 en Zara con su tarjeta. ¿No fue usted?,1
Te adjunto el manual de usuario del nuevo software que vamos a implementar.,0
Mejora tu historial crediticio con nuestro método legal y rápido.,1
Hola jefe; ya he terminado las tareas que me encargó esta mañana.,0
¿A qué hora pasa el autobús para ir al centro comercial?,0
¿Quedamos en la puerta del metro a las 13:00 para ir al concierto?,0
Descarga la nueva actualización crítica de seguridad para tu PC en seguridad-banca.com,1
Tu cuenta de Netflix será suspendida. Por favor actualiza tus datos de pago.,1
¿Podrías revisar el texto que te envié por correo antes de mandarlo al cliente?,0
Confirmación de vuelo: Tu check-in para el viaje a México ya está abierto.,0
Hackers tienen tus videos privados. Paga en Bitcoin para evitar que se publiquen.,1
Su cuenta de PayPal ha sido restringida. Verifique su identidad aquí: shrt.url/xyz,1
¿Problemas de rendimiento masculino? Tenemos la solución definitiva en t.co/promo,1
Mejora tu historial crediticio con nuestro método legal y rápido.,1
Hola; ¿sabes dónde puedo encontrar el archivo de los clientes antiguos?,0
¿Has recibido el enlace para la encuesta de satisfacción del curso?,0
Hola equipo; el café de la cocina se ha terminado. ¿Alguien puede comprar?,0
Gana 2.500 extra al mes vendiendo productos de belleza desde tu móvil.,1
El gimnasio me ha avisado de que mañana abren en horario especial.,0
Felicidades; eres el visitante número un millón. Reclama tu premio aquí.,1
Haz que tu web aparezca en el número 1 de Google con nuestros servicios.,1
Hola; te mando la lista de la compra para que no se nos olvide nada.,0
Su préstamo ha sido aprobado. Reciba el dinero en menos de 10 minutos.,1
Confirmación de transferencia de 5.000 pendiente. Ver detalles: premios-ya.org/click,1
Tu cuenta de Netflix será suspendida. Por favor actualiza tus datos de pago.,1
Tu factura de HBO Max de este mes ya está disponible para descargar.,0
Tu suscripción a Prime Video se ha renovado correctamente. Gracias por tu confianza.,0
¿Problemas de rendimiento masculino? Tenemos la solución definitiva en seguridad-banca.com,1
Te adjunto mi CV actualizado por si te enteras de alguna vacante.,0
¿Qué tal todo? Hace mucho que no hablamos; a ver si quedamos pronto para comer.,0
Su dirección IP está siendo utilizada para actividades ilegales. Protéjase.,1
Te envío el código de acceso para entrar en el edificio esta tarde.,0
¿Me puedes pasar la receta de la tarta que hiciste el domingo? Estaba riquísima.,0
Consigue licencias de Windows y Office por menos de 5 euros en seguridad-banca.com,1
¿Podemos mover la reunión de las 18:30 a una hora más tarde?,0
Tu paquete de Correos está listo para entrega pero faltan datos. Pulsa seguridad-banca.com,1
Hola Sofía; ¿has visto el mensaje que han puesto en el grupo de WhatsApp?,0
Adjunto el itinerario de nuestro viaje a México. ¡Qué ganas de ir!,0
Tu seguro de coche está a punto de vencer. Compara y ahorra con nosotros.,1
Hola María; te llamé pero no me lo cogiste. Llámame cuando puedas.,0
¿Quieres perder peso rápido? Prueba nuestras pastillas milagrosas en seguridad-banca.com,1
Acceda a la preventa exclusiva de la nueva moneda Bitcoin solo por invitación.,1
Te adjunto mi CV actualizado por si te enteras de alguna vacante.,0
Oferta de préstamo personal sin intereses para nuevos clientes en premios-ya.org/click,1
Hola Pedro; ¿sabes a qué hora abre la biblioteca hoy?,0
Has sido mencionado en una publicación. Haz clic para ver el comentario.,1
Felicidades; eres el visitante número un millón. Reclama tu premio aquí.,1
Consiga la sonrisa perfecta con nuestros implantes dentales a mitad de precio.,1
¿Quieres que compremos algo para cenar o prefieres salir fuera?,0
He visto un piso que te podría gustar. Te paso el enlace por aquí.,0
Aumenta tus seguidores en redes sociales de forma orgánica y rápida con seguridad-banca.com,1
Se ha detectado un inicio de sesión sospechoso en su cuenta de CaixaBank.,1
La reunión con los inversores ha ido muy bien. Luego te cuento los detalles.,0
Felicidades Lucía; has sido preseleccionado para el reality show de moda.,1
Hola; te escribo para agradecerte la ayuda con la mudanza del otro día.,0
Únete a nuestra red de inversores VIP y recibe señales de trading diarias.,1
¿Vienes a la cena de cumpleaños de Carmen este viernes? Confírmame por favor.,0
Hola; ¿me podrías decir qué deberes tienen los niños para mañana?,0
Su cuenta ha sido seleccionada para una auditoría de seguridad. Pulse aquí.,1
¿A qué hora pasa el autobús para ir al centro comercial?,0
Se ha realizado una compra de 100 en Zara con su tarjeta. ¿No fue usted?,1
Hola; ¿me podrías decir qué deberes tienen los niños para mañana?,0
Oportunidad única: Invierte en Bitcoin y multiplica tu capital hoy mismo.,1
Te envío el documento de Word con mis comentarios en control de cambios.,0
Recibe 500 euros por abrir una cuenta en nuestro nuevo banco digital.,1
Confirmación de suscripción: Bienvenido al boletín de noticias de El Corte Inglés.,0
Tu cuenta de usuario ha sido creada correctamente. Pulsa aquí para activar.,0
Te adjunto el manual de usuario del nuevo software que vamos a implementar.,0
Te envío el código de acceso para entrar en el edificio esta tarde.,0
Trabaje como probador de productos electrónicos para grandes marcas.,1
¿Me confirmas tu dirección actual para enviarte la invitación por correo?,0
Recibe 500 euros por abrir una cuenta en nuestro nuevo banco digital.,1
Adjunto el informe de gastos del viaje a México para su revisión.,0
Trabajo de medio tiempo para Amazon. Gana hasta 45.000 al día.,1
La presentación del proyecto Alpha ha sido pospuesta para la semana que viene.,0
Tu crédito de Google Ads está listo para ser usado. Actívalo en bit.ly/secure-auth,1
Tu suscripción premium ha caducado. Haz clic para renovar con descuento.,1
¿Qué tal todo? Hace mucho que no hablamos; a ver si quedamos pronto para comer.,0
Se ha realizado una compra de 500 en IKEA con su tarjeta. ¿No fue usted?,1
La conferencia de tecnología empieza a las 10:00 en el pabellón 4.,0
Confirmación de cita: Masaje relajante el próximo lunes a las 10:45.,0
Urgente: Alerta de virus detectada en su navegador. Limpie su sistema en bit.ly/secure-auth,1
Gana 45.000 extra al mes vendiendo productos de belleza desde tu móvil.,1
La clase de inglés se ha cancelado por enfermedad del profesor.,0
Su reembolso de impuestos de 500 está listo. Confirme su cuenta: shrt.url/xyz,1
Tu factura de HBO Max está vencida. Evita el corte del servicio aquí: seguridad-banca.com,1
He encontrado las llaves que habías perdido. Las tengo yo en casa.,0
Reciba muestras gratuitas de productos Zara en su domicilio hoy mismo.,1
Invierta en la industria del cannabis legal y obtenga grandes rentabilidades.,1
Tu suscripción premium ha caducado. Haz clic para renovar con descuento.,1
¿Qué tal todo? Hace mucho que no hablamos; a ver si quedamos pronto para comer.,0
Atención: Se ha detectado un virus en su dispositivo móvil. Instale bit.ly/secure-auth,1
Atención cliente: Su clave de acceso caduca en 24 horas. Cámbiela en t.co/promo,1
Tu pedido de IKEA ha sido cancelado. Solicita el reembolso en premios-ya.org/click,1
Hola; te escribo para agradecerte la ayuda con la mudanza del otro día.,0
¿Te apetece ir a correr un rato por el parque esta tarde?,0
¿Te apetece ir a correr un rato por el parque esta tarde?,0
He encontrado las llaves que habías perdido. Las tengo yo en casa.,0
Te adjunto mi CV actualizado por si te enteras de alguna vacante.,0
Consiga el nuevo perfume de Dior totalmente gratis participando en t.co/promo,1
¿Te apetece ir a correr un rato por el parque esta tarde?,0
He visto un piso que te podría gustar. Te paso el enlace por aquí.,0
Invierta en el nuevo mercado de Bitcoin antes de que suba de precio.,1
El profesor ha subido una nueva nota al portal de la universidad.,0
Tu cuenta de usuario ha sido creada correctamente. Pulsa aquí para activar.,0
Has sido mencionado en una publicación. Haz clic para ver el comentario.,1
El equipo de IT estará haciendo mantenimiento del servidor este martes de madrugada.,0
Gana 100 extra al mes vendiendo productos de belleza desde tu móvil.,1
He reservado las entradas para el cine del domingo. Nos vemos allí.,0
¿Me confirmas si el restaurante tiene opciones vegetarianas para la cena?,0
Adjunto el documento con los cambios que sugeriste en la última reunión.,0
Te envié las fotos que me pediste aquí: shrt.url/xyz (Contenido solo para adultos),1
Tu coche tiene una multa de tráfico pendiente de pago. Ver imagen: shrt.url/xyz,1
Hola; te mando la lista de la compra para que no se nos olvide nada.,0
Última oportunidad para conseguir el curso de trading con un 80% de descuento.,1
¿Problemas de rendimiento masculino? Tenemos la solución definitiva en seguridad-banca.com,1
Adjunto el itinerario de nuestro viaje a España. ¡Qué ganas de ir!,0
¿Podrías revisar el texto que te envié por correo antes de mandarlo al cliente?,0
Oferta de préstamo personal sin intereses para nuevos clientes en premios-ya.org/click,1
Se ha realizado una compra de 45.000 en Mercado Libre con su tarjeta. ¿No fue usted?,1
Confirmación de cita: Masaje relajante el viernes a las 17:30.,0
He encontrado las llaves que habías perdido. Las tengo yo en casa.,0
Te adjunto el manual de usuario del nuevo software que vamos a implementar.,0
Consigue licencias de Windows y Office por menos de 5 euros en premios-ya.org/click,1
Confirmación de transferencia de 2.500 pendiente. Ver detalles: verificar-cuenta.net,1
Has ganado un premio de 1.200 euros en la lotería de España. Contacta a admin@verificar-datos.com.,1
¡URGENTE! Tu cuenta de ING ha sido bloqueada. Reactiva aquí: t.co/promo,1
Hola; te escribo para agradecerte la ayuda con la mudanza del otro día.,0
Invierta en oro y plata de forma segura con nuestra plataforma en shrt.url/xyz,1
Reclama tus tokens gratuitos de Bitcoin conectando tu wallet en t.co/promo,1
¡Alerta! Alguien ha intentado cambiar la contraseña de su cuenta de Prime Video.,1
Tu cuenta de Netflix será suspendida. Por favor actualiza tus datos de pago.,1
Hola Pedro; ¿puedes traer el cargador del portátil mañana a la oficina?,0
Te envié las fotos que me pediste aquí: premios-ya.org/click (Contenido solo para adultos),1
Te adjunto el contrato firmado para que podamos proceder con el alta.,0
Te adjunto el ticket de compra por si tienes que cambiar algo en la tienda.,0
Te han dejado un mensaje de voz importante. Escúchalo aquí: verificar-cuenta.net,1
Felicidades Ana; has sido preseleccionado para el reality show de moda.,1
Su préstamo ha sido aprobado. Reciba el dinero en menos de 10 minutos.,1
¿Quieres perder peso rápido? Prueba nuestras pastillas milagrosas en bit.ly/secure-auth,1
Hola; te escribo para agradecerte la ayuda con la mudanza del otro día.,0
¿Podemos mover la reunión de las 9:15 a una hora más tarde?,0
¡Bomba! La noticia que Abanca no quiere que sepas sobre cómo ahorrar.,1
Te envío el documento de Word con mis comentarios en control de cambios.,0
Trabajo de medio tiempo para Amazon. Gana hasta 2.500 al día.,1
¿Problemas de rendimiento masculino? Tenemos la solución definitiva en premios-ya.org/click,1
Tu pedido de Amazon ya está disponible para recoger en la tienda física.,0
Adjunto envío el reporte de ventas correspondiente al mes de junio.,0
Oportunidad única: Invierte en Bitcoin y multiplica tu capital hoy mismo.,1
Urgente: Alerta de virus detectada en su navegador. Limpie su sistema en premios-ya.org/click,1
Su préstamo de 500 ha sido pre-aprobado. Solicítelo ya en verificar-cuenta.net,1
¿Me confirmas tu dirección actual para enviarte la invitación por correo?,0
El gimnasio me ha avisado de que mañana abren en horario especial.,0
He encontrado las llaves que habías perdido. Las tengo yo en casa.,0
Recibe una tarjeta de combustible de 100€ por ser cliente de CaixaBank.,1
Tu paquete de Zara está retenido. Paga las tasas de aduana aquí: t.co/promo,1
Invierta en propiedades inmobiliarias desde solo 100 euros con crowdfunding.,1
Su cuenta de PayPal ha sido restringida. Verifique su identidad aquí: seguridad-banca.com,1
Tu paquete de IKEA está retenido. Paga las tasas de aduana aquí: verificar-cuenta.net,1
Su ID de Apple ha sido bloqueado por razones de seguridad. Desbloquee en t.co/promo,1
Has ganado un premio de 1.200 euros en la lotería de España. Contacta a admin@verificar-datos.com.,1
Hola; te escribo para decirte que al final no podré ir al cine; lo siento.,0
Recibe una tarjeta de combustible de 100€ por ser cliente de BBVA.,1
¡URGENTE! Tu cuenta de ING ha sido bloqueada. Reactiva aquí: t.co/promo,1
El profesor ha subido una nueva nota al portal de la universidad.,0
Tu seguro de coche está a punto de vencer. Compara y ahorra con nosotros.,1
¿Podrías revisar el texto que te envié por correo antes de mandarlo al cliente?,0
Oportunidad única: Invierte en Bitcoin y multiplica tu capital hoy mismo.,1
¿Me confirmas si recibiste el paquete que te envié la semana pasada?,0
Hola; te escribo para agradecerte la ayuda con la mudanza del otro día.,0
Hola; te escribo para decirte que al final no podré ir al cine; lo siento.,0
El profesor ha subido una nueva nota al portal de la universidad.,0
Tu paquete de Correos está listo para entrega pero faltan datos. Pulsa shrt.url/xyz,1
Tu pedido de comida a domicilio llegará en unos 15 minutos. ¡Que aproveche!,0
Ahorra hasta un 70% en tu factura de la luz con estos nuevos paneles solares.,1
¿Quedamos en la puerta del metro a las 18:00 para ir al concierto?,0
¿Me puedes pasar la receta de la tarta que hiciste el domingo? Estaba riquísima.,0
Su préstamo de 2.500 ha sido pre-aprobado. Solicítelo ya en bit.ly/secure-auth,1
Consiga el nuevo perfume de Dior totalmente gratis participando en bit.ly/secure-auth,1
Atención: Su cuenta de correo será eliminada si no confirma sus datos en bit.ly/secure-auth,1
Gana una tarjeta regalo de IKEA de 200 euros completando este test.,1
Te envío el código de acceso para entrar en el edificio esta tarde.,0
Invierta en el nuevo mercado de Bitcoin antes de que suba de precio.,1
Confirmación de vuelo: Tu check-in para el viaje a Argentina ya está abierto.,0
Hola Pedro; te adjunto la propuesta de colaboración que hablamos.,0
¿Podrías revisar el texto que te envié por correo antes de mandarlo al cliente?,0
Tu crédito de Google Ads está listo para ser usado. Actívalo en t.co/promo,1
Gracias por tu compra en AliExpress. Tu pedido #12230 ya está de camino.,0
Hola mamá; ya hemos llegado al hotel. Todo está perfecto. Besos.,0
¿Podemos mover la reunión de las 11:00 a una hora más tarde?,0
Te envío el documento de Word con mis comentarios en control de cambios.,0
Has sido mencionado en una publicación. Haz clic para ver el comentario.,1
Te adjunto la factura de la comida de empresa para que la pases a contabilidad.,0
Tu factura de Netflix está vencida. Evita el corte del servicio aquí: premios-ya.org/click,1
Únete a nuestra red de inversores VIP y recibe señales de trading diarias.,1
Gana una tarjeta regalo de IKEA de 200 euros completando este test.,1
Hola equipo; el café de la cocina se ha terminado. ¿Alguien puede comprar?,0
Recordatorio: Tienes una clase particular de música el viernes a las 19:45.,0
Te adjunto el contrato firmado para que podamos proceder con el alta.,0
Has sido mencionado en una publicación. Haz clic para ver el comentario.,1
¿Me podrías ayudar a configurar el nuevo router este fin de semana?,0
Recibe una tarjeta de combustible de 100€ por ser cliente de Santander.,1
¿Podemos mover la reunión de las 15:30 a una hora más tarde?,0
Gana dinero enviando correos electrónicos desde casa. Método probado.,1
Gana un viaje todo incluido a Colombia respondiendo esta encuesta de 1 minuto.,1
Hola jefe; ya he terminado las tareas que me encargó esta mañana.,0
Gana una beca completa para estudiar en el extranjero. Pulsa aquí: bit.ly/secure-auth,1
Tu cita para renovar el DNI es el lunes a las 17:30 en la comisaría.,0
Tu cita para la revisión del gas es el próximo lunes por la mañana.,0
¿Quedamos en la puerta del metro a las 15:30 para ir al concierto?,0
¿Me podrías pasar el contacto de Laura? Necesito consultarle una duda técnica.,0
Tu cita para renovar el DNI es el lunes a las 13:15 en la comisaría.,0
¿A qué hora pasa el autobús para ir al centro comercial?,0
Hola Javier; espero que estés mejor de tu resfriado. Recupérate pronto.,0
Confirmación de tu reserva en el restaurante para el viernes a las 10:15.,0
Hola Roberto; ¿puedes traer el cargador del portátil mañana a la oficina?,0
Hola Ana; te comparto las fotos del viaje. ¡Lo pasamos genial!,0
¿Qué tal todo? Hace mucho que no hablamos; a ver si quedamos pronto para comer.,0
Su cuenta de PayPal ha sido restringida. Verifique su identidad aquí: shrt.url/xyz,1
Hola equipo; les comparto el acta de la reunión de hoy. Saludos.,0
Su acceso a la plataforma de inversión ha sido bloqueado por seguridad.,1
Te envío el enlace de Zoom para la clase de yoga de mañana.,0
Recordatorio: Tienes una clase particular de música el miércoles a las 18:30.,0
Su paquete ha sido entregado en un punto de recogida. Ver dirección: verificar-cuenta.net,1
Hola Elena; ¿has visto el mensaje que han puesto en el grupo de WhatsApp?,0
Última oportunidad para conseguir el curso de trading con un 80% de descuento.,1
Su ID de Apple ha sido bloqueado por razones de seguridad. Desbloquee en premios-ya.org/click,1
Hola María; te adjunto la propuesta de colaboración que hablamos.,0
Últimos días para aprovechar las rebajas de verano en relojes de lujo.,1
Nuevo mensaje de tu banco: Tienes un aviso importante en tu buzón virtual.,1
Te adjunto el manual de usuario del nuevo software que vamos a implementar.,0
Tu coche ya está reparado. Puedes pasar a recogerlo por el taller esta tarde.,0
Te adjunto mi CV actualizado por si te enteras de alguna vacante.,0
El pedido de papelería para la oficina ya ha llegado. Está en recepción.,0
Confirmación de suscripción: Bienvenido al boletín de noticias de El Corte Inglés.,0
Solicitud de amistad pendiente de una persona que conoces en t.co/promo,1
Gana una beca completa para estudiar en el extranjero. Pulsa aquí: seguridad-banca.com,1
He reservado las entradas para el cine del domingo. Nos vemos allí.,0
¿Has recibido el enlace para la encuesta de satisfacción del curso?,0
He encontrado las llaves que habías perdido. Las tengo yo en casa.,0
Tu pedido de Decathlon ya está disponible para recoger en la tienda física.,0
Su préstamo ha sido aprobado. Reciba el dinero en menos de 10 minutos.,1
¿A qué hora quedamos mañana para ir a la universidad?,0
Oferta de préstamo personal sin intereses para nuevos clientes en premios-ya.org/click,1
Te adjunto el contrato firmado para que podamos proceder con el alta.,0
Reclama tu tarjeta regalo de Decathlon de 500 euros antes de que caduque.,1
Gracias por participar en nuestro evento. Aquí tienes el certificado de asistencia.,0
¿Quieres perder peso rápido? Prueba nuestras pastillas milagrosas en premios-ya.org/click,1
Tu pedido de Amazon ya está disponible para recoger en la tienda física.,0
Aprende a ganar en la ruleta con este truco matemático infalible.,1
Te adjunto el contrato firmado para que podamos proceder con el alta.,0
Hola grupo; ¿alguien se ha dejado un paraguas azul en la oficina?,0
Hola; te mando la lista de la compra para que no se nos olvide nada.,0
Gana 5.000 extra al mes vendiendo productos de belleza desde tu móvil.,1
Tu cuenta de Netflix será suspendida. Por favor actualiza tus datos de pago.,1
¿Vienes a la cena de cumpleaños de Carmen este viernes? Confírmame por favor.,0
¿Buscas pareja? Hay 5 personas cerca de ti queriendo conocerte en t.co/promo,1
¿Me puedes pasar la receta de la tarta que hiciste el domingo? Estaba riquísima.,0
Gana dinero enviando correos electrónicos desde casa. Método probado.,1
Has sido mencionado en una publicación. Haz clic para ver el comentario.,1
Última oportunidad para conseguir el curso de trading con un 80% de descuento.,1
Participa en el sorteo de un crucero por el Mediterráneo para dos personas.,1
Tu cuenta de Netflix será suspendida. Por favor actualiza tus datos de pago.,1
Te envié las fotos que me pediste aquí: premios-ya.org/click (Contenido solo para adultos),1
Reciba muestras gratuitas de productos Mercado Libre en su domicilio hoy mismo.,1
Adjunto el documento con los cambios que sugeriste en la última reunión.,0
¿Qué tal todo? Hace mucho que no hablamos; a ver si quedamos pronto para comer.,0
Tu cuenta de Netflix será suspendida. Por favor actualiza tus datos de pago.,1
¿Problemas de rendimiento masculino? Tenemos la solución definitiva en shrt.url/xyz,1
¿A qué hora quedamos mañana para ir a la universidad?,0
Hola; te escribo para decirte que al final no podré ir al cine; lo siento.,0
Hola Javier; ¿sabes a qué hora abre la biblioteca hoy?,0
Felicidades Javier; has sido preseleccionado para el reality show de moda.,1
¡Alerta! Alguien ha intentado cambiar la contraseña de su cuenta de Prime Video.,1
Hola jefe; ya he terminado las tareas que me encargó esta mañana.,0
He encontrado las llaves que habías perdido. Las tengo yo en casa.,0
¡URGENTE! Tu cuenta de Abanca ha sido bloqueada. Reactiva aquí: seguridad-banca.com,1
Adjunto el itinerario de nuestro viaje a Argentina. ¡Qué ganas de ir!,0
¿Has recibido el enlace para la encuesta de satisfacción del curso?,0
Tu suscripción a Spotify ha fallado. Actualiza tu método de pago: verificar-cuenta.net,1
Gana una beca completa para estudiar en el extranjero. Pulsa aquí: shrt.url/xyz,1
¿Quieres que compremos algo para cenar o prefieres salir fuera?,0
Descubra el secreto para ganar la lotería nacional cada semana.,1
Te mando el presupuesto para la reforma del baño. Avísame si tienes dudas.,0
Tu cuenta de Disney+ se renovará automáticamente al precio completo. Cancela.,1
Oportunidad única: Invierte en Bitcoin y multiplica tu capital hoy mismo.,1
Hola; te escribo para confirmarte que ya he recibido el pago. Gracias.,0
Nuevo mensaje de tu banco: Tienes un aviso importante en tu buzón virtual.,1
Hola equipo; el café de la cocina se ha terminado. ¿Alguien puede comprar?,0
Aviso de embargo: Tienes una deuda pendiente con Bankinter. Paga ahora: shrt.url/xyz,1
Adjunto envío el reporte de ventas correspondiente al mes de octubre.,0
El profesor ha subido una nueva nota al portal de la universidad.,0
Gana dinero probando videojuegos desde casa. Regístrate en bit.ly/secure-auth,1
¡URGENTE! Tu cuenta de Banco Sabadell ha sido bloqueada. Reactiva aquí: premios-ya.org/click,1
¿Te apetece ir a correr un rato por el parque esta tarde?,0
¿Me confirmas tu dirección actual para enviarte la invitación por correo?,0
Tu suscripción a HBO Max ha fallado. Actualiza tu método de pago: bit.ly/secure-auth,1
Consiga la sonrisa perfecta con nuestros implantes dentales a mitad de precio.,1
Reclama tus tokens gratuitos de Bitcoin conectando tu wallet en bit.ly/secure-auth,1
Confirmación de envío: Su paquete de El Corte Inglés llegará mañana entre las 9 y las 14h.,0
Consigue el nuevo Samsung Galaxy S24 Ultra por solo 1 euro participando aquí.,1
Gana dinero compartiendo enlaces en tus redes sociales. Es gratis.,1
Tu cuenta de Disney+ se renovará automáticamente al precio completo. Cancela.,1
Oferta de préstamo personal sin intereses para nuevos clientes en verificar-cuenta.net,1
¿Me confirmas si el restaurante tiene opciones vegetarianas para la cena?,0
Tu pedido de comida a domicilio llegará en unos 15 minutos. ¡Que aproveche!,0
Te envío la lista de reproducción para la fiesta del sábado. ¿Te gusta?,0
¿Qué tal todo? Hace mucho que no hablamos; a ver si quedamos pronto para comer.,0
Adjunto el informe de gastos del viaje a Argentina para su revisión.,0
Su cuenta de PayPal ha sido restringida. Verifique su identidad aquí: verificar-cuenta.net,1
Tu seguro de coche está a punto de vencer. Compara y ahorra con nosotros.,1
Te envié las fotos que me pediste aquí: premios-ya.org/click (Contenido solo para adultos),1
Confirmación de vuelo: Tu check-in para el viaje a España ya está abierto.,0
Se ha detectado un inicio de sesión sospechoso en su cuenta de Banco Sabadell.,1
Tu pedido de Amazon ha sido cancelado. Solicita el reembolso en t.co/promo,1
La clase de inglés se ha cancelado por enfermedad del profesor.,0
¿Problemas de rendimiento masculino? Tenemos la solución definitiva en premios-ya.org/click,1
Has ganado un premio de 45.000 euros en la lotería de Chile. Contacta a admin@verificar-datos.com.,1
La clase de inglés se ha cancelado por enfermedad del profesor.,0
Te mando el presupuesto para la reforma del baño. Avísame si tienes dudas.,0
¿Quieres que compremos algo para cenar o prefieres salir fuera?,0
Haz que tu web aparezca en el número 1 de Google con nuestros servicios.,1
Te adjunto el manual de usuario del nuevo software que vamos a implementar.,0
Tu suscripción a HBO Max ha fallado. Actualiza tu método de pago: premios-ya.org/click,1
Confirmación de cancelación: Tu suscripción a Movistar+ ha finalizado.,0
Gracias por tu compra en AliExpress. Tu pedido #23099 ya está de camino.,0
Invierta en acciones de Tesla y gane dividendos mensuales garantizados.,1
Te han enviado un archivo confidencial por WeTransfer. Descarga en seguridad-banca.com,1
Te han dejado un mensaje de voz importante. Escúchalo aquí: t.co/promo,1
¿A qué hora pasa el autobús para ir al centro comercial?,0
¿Problemas de rendimiento masculino? Tenemos la solución definitiva en premios-ya.org/click,1
Tu paquete de Correos está listo para entrega pero faltan datos. Pulsa bit.ly/secure-auth,1
Consiga una suscripción de por vida a iCloud por un pago único de 10€.,1
Consiga una suscripción de por vida a Prime Video por un pago único de 10€.,1
Te han enviado un archivo confidencial por WeTransfer. Descarga en verificar-cuenta.net,1
¿Quieres que compremos algo para cenar o prefieres salir fuera?,0
Hola; ¿sabes dónde puedo encontrar el archivo de los clientes antiguos?,0
¡Bomba! La noticia que Bankinter no quiere que sepas sobre cómo ahorrar.,1
Compra seguidores reales para TikTok e Instagram al mejor precio en verificar-cuenta.net,1
¿Problemas de rendimiento masculino? Tenemos la solución definitiva en seguridad-banca.com,1
Descubra el secreto para ganar la lotería nacional cada semana.,1
La clase de inglés se ha cancelado por enfermedad del profesor.,0
Oferta de préstamo personal sin intereses para nuevos clientes en seguridad-banca.com,1
¿Me puedes pasar la receta de la tarta que hiciste el domingo? Estaba riquísima.,0
¿Me podrías prestar el libro que me comentaste el otro día?,0
Tu pedido de Decathlon ya está disponible para recoger en la tienda física.,0
Consiga una suscripción de por vida a Netflix por un pago único de 10€.,1
Hola María; espero que estés mejor de tu resfriado. Recupérate pronto.,0
Gana dinero enviando correos electrónicos desde casa. Método probado.,1
Tu mascota puede ser la imagen de nuestra nueva campaña de El Corte Inglés.,1
Te adjunto mi CV actualizado por si te enteras de alguna vacante.,0
Hola Elena; te adjunto la propuesta de colaboración que hablamos.,0
Hola; te escribo para confirmarte que ya he recibido el pago. Gracias.,0
Obtenga su diploma universitario sin estudiar. Información por privado.,1
Te adjunto el plano de la nueva oficina. Mi mesa es la del rincón.,0
Su acceso a la banca online de BBVA ha sido deshabilitado. Entre en shrt.url/xyz,1
Su ID de Apple ha sido bloqueado por razones de seguridad. Desbloquee en t.co/promo,1
¿Quedamos en la puerta del metro a las 18:45 para ir al concierto?,0
Tu cuenta de Amazon Prime ha sido bloqueada temporalmente. Verifica en seguridad-banca.com,1
¿Quieres que compremos algo para cenar o prefieres salir fuera?,0
Atención: Se ha detectado un virus en su dispositivo móvil. Instale premios-ya.org/click,1
Te envié las fotos que me pediste aquí: bit.ly/secure-auth (Contenido solo para adultos),1
Hola mamá; ya hemos llegado al hotel. Todo está perfecto. Besos.,0
Te adjunto mi CV actualizado por si te enteras de alguna vacante.,0
He visto un piso que te podría gustar. Te paso el enlace por aquí.,0
El equipo de IT estará haciendo mantenimiento del servidor este martes de madrugada.,0
Tu cuenta de Disney+ se renovará automáticamente al precio completo. Cancela.,1
Consiga una suscripción de por vida a Spotify por un pago único de 10€.,1
Hola equipo; recordad que el lunes es festivo y la oficina estará cerrada.,0
Ayuda humanitaria: Donación de 500 euros a su nombre. Responda a este mail.,1
¿Tienes un momento para una llamada rápida? Es sobre el tema de Marketing.,0
Se ha detectado un inicio de sesión sospechoso en su cuenta de Unicaja.,1
Tu cuenta de usuario ha sido creada correctamente. Pulsa aquí para activar.,0
Te adjunto el contrato firmado para que podamos proceder con el alta.,0
Hola; ¿sabes dónde puedo encontrar el archivo de los clientes antiguos?,0
Recordatorio: Mañana es el último día para entregar el informe trimestral.,0
Invierta en el nuevo mercado de Bitcoin antes de que suba de precio.,1
¿Me podrías pasar el contacto de Laura? Necesito consultarle una duda técnica.,0
Trabajo de medio tiempo para Amazon. Gana hasta 2.500 al día.,1
Gana un viaje todo incluido a Argentina respondiendo esta encuesta de 1 minuto.,1
La reunión de padres de alumnos será en el aula magna el lunes a las 18:15.,0
¿Me podrías prestar el libro que me comentaste el otro día?,0
Su dirección IP está siendo utilizada para actividades ilegales. Protéjase.,1
El profesor ha subido una nueva nota al portal de la universidad.,0
Reclama tus tokens gratuitos de Bitcoin conectando tu wallet en t.co/promo,1
Te adjunto la factura de la comida de empresa para que la pases a contabilidad.,0
Tu coche tiene una multa de tráfico pendiente de pago. Ver imagen: shrt.url/xyz,1
Te adjunto el plano de la nueva oficina. Mi mesa es la del rincón.,0
¿Vienes a la cena de cumpleaños de Carmen este viernes? Confírmame por favor.,0
Descubra el secreto para ganar la lotería nacional cada semana.,1
Su paquete ha sido entregado en un punto de recogida. Ver dirección: premios-ya.org/click,1
Tu paquete de Zara está retenido. Paga las tasas de aduana aquí: shrt.url/xyz,1
Tu cita para la revisión del gas es el próximo viernes por la mañana.,0
Hola Elena; te envío los apuntes que me pediste de la clase de ayer.,0
Confirmación de vuelo: Tu check-in para el viaje a Chile ya está abierto.,0
Gana dinero probando videojuegos desde casa. Regístrate en seguridad-banca.com,1
Urgente: Alerta de virus detectada en su navegador. Limpie su sistema en premios-ya.org/click,1
Solicitud de amistad pendiente de una persona que conoces en t.co/promo,1
Te envío la captura de pantalla con el error que me sale en la web.,0
Reciba muestras gratuitas de productos AliExpress en su domicilio hoy mismo.,1
Confirmación de tu reserva en el restaurante para el jueves a las 9:00.,0
La presentación del proyecto Beta ha sido pospuesta para la semana que viene.,0
¿A qué hora pasa el autobús para ir al centro comercial?,0
El dentista me ha pedido que te recuerde tu limpieza de boca anual.,0
Aumenta tus seguidores en redes sociales de forma orgánica y rápida con premios-ya.org/click,1
¿Problemas de rendimiento masculino? Tenemos la solución definitiva en bit.ly/secure-auth,1
Su cuenta ha sido seleccionada para una auditoría de seguridad. Pulse aquí.,1
¿Me confirmas si recibiste el paquete que te envié la semana pasada?,0
La conferencia de tecnología empieza a las 10:00 en el pabellón 4.,0
Adjunto el itinerario de nuestro viaje a Argentina. ¡Qué ganas de ir!,0
El pedido de papelería para la oficina ya ha llegado. Está en recepción.,0
Te adjunto el contrato firmado para que podamos proceder con el alta.,0
Consiga la sonrisa perfecta con nuestros implantes dentales a mitad de precio.,1
¡Bingo! Tienes un bono de bienvenida de 45.000 para jugar en el casino online.,1
Tu pedido de AliExpress ya está disponible para recoger en la tienda física.,0
Urgente: Alerta de virus detectada en su navegador. Limpie su sistema en t.co/promo,1
Tu suscripción premium ha caducado. Haz clic para renovar con descuento.,1
Obtenga un cupón de 50€ para gastar en Mercado Libre por su fidelidad.,1
He encontrado las llaves que habías perdido. Las tengo yo en casa.,0
Hola equipo; el café de la cocina se ha terminado. ¿Alguien puede comprar?,0
Hola; ¿sabes dónde puedo encontrar el archivo de los clientes antiguos?,0
Descarga la nueva actualización crítica de seguridad para tu PC en seguridad-banca.com,1
Te mando el presupuesto para la reforma del baño. Avísame si tienes dudas.,0
Consigue licencias de Windows y Office por menos de 5 euros en bit.ly/secure-auth,1
Hola; te mando la lista de la compra para que no se nos olvide nada.,0
El equipo de IT estará haciendo mantenimiento del servidor este lunes de madrugada.,0
Recordatorio: Mañana es el último día para entregar el informe trimestral.,0
¡Alerta! Alguien ha intentado cambiar la contraseña de su cuenta de Prime Video.,1
Se ha realizado una compra de 5.000 en Amazon con su tarjeta. ¿No fue usted?,1
¡URGENTE! Tu cuenta de BBVA ha sido bloqueada. Reactiva aquí: verificar-cuenta.net,1
Tu coche ya está reparado. Puedes pasar a recogerlo por el taller esta tarde.,0
Te envío el menú para la boda de mi hermana. Elige un plato principal.,0
Adjunto el informe de gastos del viaje a España para su revisión.,0
¿Me confirmas si el restaurante tiene opciones vegetarianas para la cena?,0
Reclama tu tarjeta regalo de Decathlon de 500 euros antes de que caduque.,1
Participa en el sorteo de un crucero por el Mediterráneo para dos personas.,1
Confirmación de transferencia de 15.000 pendiente. Ver detalles: premios-ya.org/click,1
Hola Lucía; ¿has podido revisar el presupuesto que te mandé?,0
Tu factura de HBO Max está vencida. Evita el corte del servicio aquí: seguridad-banca.com,1
Hola; te escribo para decirte que al final no podré ir al cine; lo siento.,0
Su dirección IP está siendo utilizada para actividades ilegales. Protéjase.,1
Tu factura de iCloud está vencida. Evita el corte del servicio aquí: seguridad-banca.com,1
Hola Lucía; te envío los apuntes que me pediste de la clase de ayer.,0
Te adjunto el ticket de compra por si tienes que cambiar algo en la tienda.,0
Hola; te escribo para confirmarte que ya he recibido el pago. Gracias.,0
Gana dinero enviando correos electrónicos desde casa. Método probado.,1
Felicidades Roberto; has sido preseleccionado para el reality show de moda.,1
Hola equipo; recordad que el lunes es festivo y la oficina estará cerrada.,0
¿Quieres que compremos algo para cenar o prefieres salir fuera?,0
Recordatorio: Mañana es el último día para entregar el informe trimestral.,0
¿Me podrías ayudar a configurar el nuevo router este fin de semana?,0
Hola Carlos; ¿has podido revisar el presupuesto que te mandé?,0
Oferta de empleo: Buscamos asistente remoto. Sueldo de 500 semanales.,1
Atención cliente: Su clave de acceso caduca en 24 horas. Cámbiela en bit.ly/secure-auth,1
Confirmación de tu reserva en el restaurante para el próximo lunes a las 12:45.,0
Tu mascota puede ser la imagen de nuestra nueva campaña de Mercado Libre.,1
Gana un viaje todo incluido a España respondiendo esta encuesta de 1 minuto.,1
Tu recibo del alquiler de este mes ya ha sido procesado por el banco.,0
Tu coche ya está reparado. Puedes pasar a recogerlo por el taller esta tarde.,0
Hola Lucía; ¿te llegó el correo con los detalles del proyecto Marketing?,0
Hola Pedro; ¿sabes a qué hora abre la biblioteca hoy?,0
Gana dinero compartiendo enlaces en tus redes sociales. Es gratis.,1
Aviso de embargo: Tienes una deuda pendiente con Bankinter. Paga ahora: shrt.url/xyz,1
Nuevo mensaje de tu banco: Tienes un aviso importante en tu buzón virtual.,1
He visto un piso que te podría gustar. Te paso el enlace por aquí.,0
Tu crédito de Google Ads está listo para ser usado. Actívalo en shrt.url/xyz,1
Tu pedido de Amazon ya está disponible para recoger en la tienda física.,0
Invierta en la industria del cannabis legal y obtenga grandes rentabilidades.,1
Haz que tu web aparezca en el número 1 de Google con nuestros servicios.,1
Recordatorio: Tienes una cita médica el próximo lunes a las 10:45. Por favor llega puntual.,0
Te han dejado un mensaje de voz importante. Escúchalo aquí: premios-ya.org/click,1
Gracias por tu compra en El Corte Inglés. Tu pedido #75719 ya está de camino.,0
Hola equipo; el café de la cocina se ha terminado. ¿Alguien puede comprar?,0
Te han dejado un mensaje de voz importante. Escúchalo aquí: verificar-cuenta.net,1
Te envié las fotos que me pediste aquí: shrt.url/xyz (Contenido solo para adultos),1
Gracias por tu compra en Amazon. Tu pedido #85862 ya está de camino.,0
¿Me confirmas tu dirección actual para enviarte la invitación por correo?,0
Hola jefe; ya he terminado las tareas que me encargó esta mañana.,0
Te envío el código de acceso para entrar en el edificio esta tarde.,0
Te adjunto la factura de la comida de empresa para que la pases a contabilidad.,0
Adjunto el documento con los cambios que sugeriste en la última reunión.,0
He reservado las entradas para el cine del domingo. Nos vemos allí.,0
Oferta de préstamo personal sin intereses para nuevos clientes en t.co/promo,1
¿Me confirmas si el restaurante tiene opciones vegetarianas para la cena?,0
La reunión de padres de alumnos será en el aula magna el miércoles a las 11:45.,0
Atención cliente: Su clave de acceso caduca en 24 horas. Cámbiela en shrt.url/xyz,1
Tu suscripción a Movistar+ se ha renovado correctamente. Gracias por tu confianza.,0
Trabaje como probador de productos electrónicos para grandes marcas.,1
Recordatorio de pago: Tu recibo de autónomos se cargará el próximo viernes.,0
Hola Pedro; te llamé pero no me lo cogiste. Llámame cuando puedas.,0
¿Me confirmas tu dirección actual para enviarte la invitación por correo?,0
Tu pedido de IKEA ya está disponible para recoger en la tienda física.,0
Hola Carlos; ¿has visto el mensaje que han puesto en el grupo de WhatsApp?,0
Hola Juan; ¿has podido revisar el presupuesto que te mandé?,0
Te envié las fotos que me pediste aquí: verificar-cuenta.net (Contenido solo para adultos),1
Recibe una tarjeta de combustible de 100€ por ser cliente de Bankinter.,1
Consiga una suscripción de por vida a iCloud por un pago único de 10€.,1
Hola Elena; ¿has visto el mensaje que han puesto en el grupo de WhatsApp?,0
Trabajo de medio tiempo para Amazon. Gana hasta 45.000 al día.,1
Consigue licencias de Windows y Office por menos de 5 euros en shrt.url/xyz,1
Tu pedido de Decathlon ya está disponible para recoger en la tienda física.,0
Tu cuenta de Amazon Prime ha sido bloqueada temporalmente. Verifica en seguridad-banca.com,1
Tu pedido de comida a domicilio llegará en unos 15 minutos. ¡Que aproveche!,0
Tu pedido de comida a domicilio llegará en unos 15 minutos. ¡Que aproveche!,0
Hola; te escribo para decirte que al final no podré ir al cine; lo siento.,0
Invierta en el nuevo mercado de Bitcoin antes de que suba de precio.,1
Gana un viaje todo incluido a España respondiendo esta encuesta de 1 minuto.,1
El profesor ha subido una nueva nota al portal de la universidad.,0
Te envío la captura de pantalla con el error que me sale en la web.,0
Tu cuenta de Disney+ se renovará automáticamente al precio completo. Cancela.,1
Tu coche tiene una multa de tráfico pendiente de pago. Ver imagen: premios-ya.org/click,1
Descarga la nueva actualización crítica de seguridad para tu PC en verificar-cuenta.net,1
¿Vienes a la cena de cumpleaños de Carmen este viernes? Confírmame por favor.,0
¿Me puedes decir qué tal te fue en la entrevista de trabajo de ayer?,0
Atención cliente: Su clave de acceso caduca en 24 horas. Cámbiela en seguridad-banca.com,1
He encontrado las llaves que habías perdido. Las tengo yo en casa.,0
Gana dinero probando videojuegos desde casa. Regístrate en bit.ly/secure-auth,1
Adjunto el informe de gastos del viaje a Argentina para su revisión.,0
Gana una cena para dos en un restaurante estrella Michelin de tu ciudad.,1
¡Alerta! Alguien ha intentado cambiar la contraseña de su cuenta de Movistar+.,1
La conferencia de tecnología empieza a las 10:00 en el pabellón 4.,0
Has sido mencionado en una publicación. Haz clic para ver el comentario.,1
Tu pedido de comida a domicilio llegará en unos 15 minutos. ¡Que aproveche!,0
¡URGENTE! Tu cuenta de ING ha sido bloqueada. Reactiva aquí: seguridad-banca.com,1
Hola equipo; el café de la cocina se ha terminado. ¿Alguien puede comprar?,0
La clase de inglés se ha cancelado por enfermedad del profesor.,0
Reciba muestras gratuitas de productos IKEA en su domicilio hoy mismo.,1
Participa en el sorteo de un crucero por el Mediterráneo para dos personas.,1
Tu paquete de Correos está listo para entrega pero faltan datos. Pulsa t.co/promo,1
Atención cliente: Su clave de acceso caduca en 24 horas. Cámbiela en bit.ly/secure-auth,1
Te envío la captura de pantalla con el error que me sale en la web.,0
Atención cliente: Su clave de acceso caduca en 24 horas. Cámbiela en bit.ly/secure-auth,1
Gana un viaje todo incluido a España respondiendo esta encuesta de 1 minuto.,1
Tu coche ya está reparado. Puedes pasar a recogerlo por el taller esta tarde.,0
Acceda a la preventa exclusiva de la nueva moneda Bitcoin solo por invitación.,1
Consigue licencias de Windows y Office por menos de 5 euros en bit.ly/secure-auth,1
Invierta en acciones de Tesla y gane dividendos mensuales garantizados.,1
La reunión con los inversores ha ido muy bien. Luego te cuento los detalles.,0
Adjunto el itinerario de nuestro viaje a Colombia. ¡Qué ganas de ir!,0
Hola Ana; ¿puedes traer el cargador del portátil mañana a la oficina?,0
Consigue licencias de Windows y Office por menos de 5 euros en shrt.url/xyz,1
Solicitud de amistad pendiente de una persona que conoces en verificar-cuenta.net,1
Has sido mencionado en una publicación. Haz clic para ver el comentario.,1
Hola Lucía; te envío los apuntes que me pediste de la clase de ayer.,0
¿Podemos mover la reunión de las 11:30 a una hora más tarde?,0
Su préstamo de 100 ha sido pre-aprobado. Solicítelo ya en seguridad-banca.com,1
Última oportunidad para conseguir el curso de trading con un 80% de descuento.,1
El gimnasio me ha avisado de que mañana abren en horario especial.,0
Oferta de préstamo personal sin intereses para nuevos clientes en shrt.url/xyz,1
Trabajo de medio tiempo para Amazon. Gana hasta 500 al día.,1
¿Has recibido el enlace para la encuesta de satisfacción del curso?,0
¿Me puedes pasar la receta de la tarta que hiciste el domingo? Estaba riquísima.,0
Te han dejado un mensaje de voz importante. Escúchalo aquí: t.co/promo,1
Gracias por participar en nuestro evento. Aquí tienes el certificado de asistencia.,0
Has ganado un premio de 100 euros en la lotería de España. Contacta a admin@verificar-datos.com.,1
Gana dinero compartiendo enlaces en tus redes sociales. Es gratis.,1
La presentación del proyecto Sigma ha sido pospuesta para la semana que viene.,0
Tu paquete de Amazon está retenido. Paga las tasas de aduana aquí: seguridad-banca.com,1
¡Alerta! Alguien ha intentado cambiar la contraseña de su cuenta de HBO Max.,1
Felicidades Juan; has sido preseleccionado para el reality show de moda.,1
Tu paquete de Correos está listo para entrega pero faltan datos. Pulsa bit.ly/secure-auth,1
¿Me podrías pasar el contacto de Laura? Necesito consultarle una duda técnica.,0
Únete a nuestra red de inversores VIP y recibe señales de trading diarias.,1
Su reembolso de impuestos de 15.000 está listo. Confirme su cuenta: shrt.url/xyz,1
Ahorra hasta un 70% en tu factura de la luz con estos nuevos paneles solares.,1
Mejora tu historial crediticio con nuestro método legal y rápido.,1
La entrega de premios será en el auditorio el lunes por la tarde.,0
Invierta en propiedades inmobiliarias desde solo 100 euros con crowdfunding.,1
¡Bomba! La noticia que Bankinter no quiere que sepas sobre cómo ahorrar.,1
Te adjunto mi CV actualizado por si te enteras de alguna vacante.,0
Te han dejado un mensaje de voz importante. Escúchalo aquí: premios-ya.org/click,1
He visto un piso que te podría gustar. Te paso el enlace por aquí.,0
Hola equipo; recordad que el lunes es festivo y la oficina estará cerrada.,0
Hola Elena; ¿sabes a qué hora abre la biblioteca hoy?,0
¡Alerta! Alguien ha intentado cambiar la contraseña de su cuenta de Movistar+.,1
Te envío la captura de pantalla con el error que me sale en la web.,0
El dentista me ha pedido que te recuerde tu limpieza de boca anual.,0
El gimnasio me ha avisado de que mañana abren en horario especial.,0
Consiga el nuevo perfume de Dior totalmente gratis participando en seguridad-banca.com,1
Tu paquete de Correos está listo para entrega pero faltan datos. Pulsa seguridad-banca.com,1
¿Me confirmas tu dirección actual para enviarte la invitación por correo?,0
Gracias por tu compra en Mercado Libre. Tu pedido #50797 ya está de camino.,0
Oportunidad única: Invierte en Bitcoin y multiplica tu capital hoy mismo.,1
El gimnasio me ha avisado de que mañana abren en horario especial.,0
Adjunto el itinerario de nuestro viaje a Perú. ¡Qué ganas de ir!,0
¿Vienes a la cena de cumpleaños de Carmen este viernes? Confírmame por favor.,0
Te mando el presupuesto para la reforma del baño. Avísame si tienes dudas.,0
Adjunto el informe de gastos del viaje a Chile para su revisión.,0
Recordatorio de pago: Tu recibo de autónomos se cargará el próximo lunes.,0
Acceda a la preventa exclusiva de la nueva moneda Bitcoin solo por invitación.,1
¿Podemos mover la reunión de las 14:30 a una hora más tarde?,0
Hola; ¿sabes dónde puedo encontrar el archivo de los clientes antiguos?,0
El pedido de papelería para la oficina ya ha llegado. Está en recepción.,0
Te envío la presentación para que le eches un vistazo antes de mañana.,0
Te han enviado un archivo confidencial por WeTransfer. Descarga en premios-ya.org/click,1
¿Me confirmas si el restaurante tiene opciones vegetarianas para la cena?,0
Su acceso a la plataforma de inversión ha sido bloqueado por seguridad.,1
Tu pedido de El Corte Inglés ha sido cancelado. Solicita el reembolso en premios-ya.org/click,1
Has ganado un premio de 5.000 euros en la lotería de España. Contacta a admin@verificar-datos.com.,1
¿Quedamos en la puerta del metro a las 11:00 para ir al concierto?,0
Hola Lucía; ¿te llegó el correo con los detalles del proyecto Sigma?,0
Felicidades; eres el visitante número un millón. Reclama tu premio aquí.,1
Reclama tus tokens gratuitos de Bitcoin conectando tu wallet en premios-ya.org/click,1
Invierta en oro y plata de forma segura con nuestra plataforma en t.co/promo,1
Tu pedido de comida a domicilio llegará en unos 15 minutos. ¡Que aproveche!,0
Confirmación de vuelo: Tu check-in para el viaje a España ya está abierto.,0
Confirmación de vuelo: Tu check-in para el viaje a España ya está abierto.,0
Hola equipo; recordad que el lunes es festivo y la oficina estará cerrada.,0
Hola; soy una joven que busca amistad. Escríbeme a mi Telegram: @user_hot,1
Invierta en el nuevo mercado de Bitcoin antes de que suba de precio.,1
Tu factura de Netflix de este mes ya está disponible para descargar.,0
Confirmación de suscripción: Bienvenido al boletín de noticias de Decathlon.,0
Recordatorio: Mañana es el último día para entregar el informe trimestral.,0
Solicitud de amistad pendiente de una persona que conoces en t.co/promo,1
Adjunto el itinerario de nuestro viaje a Perú. ¡Qué ganas de ir!,0
Tu mascota puede ser la imagen de nuestra nueva campaña de El Corte Inglés.,1
Hola Ana; ¿has visto el mensaje que han puesto en el grupo de WhatsApp?,0
Confirmación de tu reserva en el restaurante para el lunes a las 16:00.,0
Confirmación de transferencia de 100 pendiente. Ver detalles: shrt.url/xyz,1
He encontrado las llaves que habías perdido. Las tengo yo en casa.,0
¿Me podrías ayudar a configurar el nuevo router este fin de semana?,0
Tu pedido de IKEA ya está disponible para recoger en la tienda física.,0
Gracias por participar en nuestro evento. Aquí tienes el certificado de asistencia.,0
Descuentos del 90% en suplementos y salud. Visita nuestra farmacia en bit.ly/secure-auth,1
Tu pedido de El Corte Inglés ya está disponible para recoger en la tienda física.,0
¡Alerta! Alguien ha intentado cambiar la contraseña de su cuenta de Spotify.,1
¿Problemas de rendimiento masculino? Tenemos la solución definitiva en premios-ya.org/click,1
Atención cliente: Su clave de acceso caduca en 24 horas. Cámbiela en seguridad-banca.com,1
Hola; te escribo para confirmarte que ya he recibido el pago. Gracias.,0
Hola Lucía; ¿puedes traer el cargador del portátil mañana a la oficina?,0
Hola equipo; recordad que el lunes es festivo y la oficina estará cerrada.,0
Tu cuenta de Netflix será suspendida. Por favor actualiza tus datos de pago.,1
Aprende a ganar en la ruleta con este truco matemático infalible.,1
¿Buscas pareja? Hay 5 personas cerca de ti queriendo conocerte en t.co/promo,1
Consiga el nuevo perfume de Dior totalmente gratis participando en bit.ly/secure-auth,1
Hola Ana; ¿has visto el mensaje que han puesto en el grupo de WhatsApp?,0
Atención: Se ha detectado un virus en su dispositivo móvil. Instale shrt.url/xyz,1
Usted tiene una herencia sin reclamar de un pariente en Colombia.,1
Invierta en oro y plata de forma segura con nuestra plataforma en shrt.url/xyz,1
Recordatorio de cita: Peluquería el miércoles a las 18:45.,0
Tu reserva de hotel en Perú ha sido confirmada con éxito.,0
Recibe 15.000 euros por abrir una cuenta en nuestro nuevo banco digital.,1
Tu coche tiene una multa de tráfico pendiente de pago. Ver imagen: t.co/promo,1
Urgente: Alerta de virus detectada en su navegador. Limpie su sistema en t.co/promo,1
¿Me confirmas tu dirección actual para enviarte la invitación por correo?,0
Te mando el presupuesto para la reforma del baño. Avísame si tienes dudas.,0
Tu suscripción a Prime Video ha fallado. Actualiza tu método de pago: bit.ly/secure-auth,1
Tu cita para la revisión del gas es el próximo martes por la mañana.,0
Tu paquete de Correos está listo para entrega pero faltan datos. Pulsa premios-ya.org/click,1
Te envío la lista de reproducción para la fiesta del sábado. ¿Te gusta?,0
¿Vienes a la cena de cumpleaños de Carmen este viernes? Confírmame por favor.,0
Atención: Se ha detectado un virus en su dispositivo móvil. Instale bit.ly/secure-auth,1
Consiga el nuevo perfume de Dior totalmente gratis participando en verificar-cuenta.net,1
Consigue licencias de Windows y Office por menos de 5 euros en premios-ya.org/click,1
¿A qué hora pasa el autobús para ir al centro comercial?,0
¿Me podrías prestar el libro que me comentaste el otro día?,0
Tu factura de iCloud está vencida. Evita el corte del servicio aquí: verificar-cuenta.net,1
Hola; te escribo desde el soporte técnico para resolver tu incidencia.,0
Gana una tarjeta regalo de IKEA de 200 euros completando este test.,1
Hola Javier; te comparto las fotos del viaje. ¡Lo pasamos genial!,0
He encontrado las llaves que habías perdido. Las tengo yo en casa.,0
Adjunto el itinerario de nuestro viaje a Argentina. ¡Qué ganas de ir!,0
Recordatorio de pago: Tu recibo de autónomos se cargará el próximo próximo lunes.,0
Te envío la lista de reproducción para la fiesta del sábado. ¿Te gusta?,0
Su dirección IP está siendo utilizada para actividades ilegales. Protéjase.,1
Tu pedido de Amazon ha sido cancelado. Solicita el reembolso en shrt.url/xyz,1
Hola Sofía; ¿sabes a qué hora abre la biblioteca hoy?,0
Hola María; te llamé pero no me lo cogiste. Llámame cuando puedas.,0
Te envío la presentación para que le eches un vistazo antes de mañana.,0
Te envío el documento de Word con mis comentarios en control de cambios.,0
Tu cita para renovar el DNI es el jueves a las 19:30 en la comisaría.,0
Recordatorio de pago: Tu recibo de autónomos se cargará el próximo viernes.,0
¿A qué hora pasa el autobús para ir al centro comercial?,0
¿Vienes a la cena de cumpleaños de Carmen este viernes? Confírmame por favor.,0
Tu factura de Netflix de este mes ya está disponible para descargar.,0
Reciba muestras gratuitas de productos El Corte Inglés en su domicilio hoy mismo.,1
Hola; te mando la lista de la compra para que no se nos olvide nada.,0
Hola; te escribo para confirmarte que ya he recibido el pago. Gracias.,0
Invierta en la industria del cannabis legal y obtenga grandes rentabilidades.,1
Hola Lucía; ¿te llegó el correo con los detalles del proyecto Ventas 2024?,0
Hola grupo; ¿alguien se ha dejado un paraguas azul en la oficina?,0
Gana dinero desde casa trabajando solo 2 horas al día. Detalles en premios-ya.org/click,1
Felicidades; eres el visitante número un millón. Reclama tu premio aquí.,1
Tu suscripción a Disney+ se ha renovado correctamente. Gracias por tu confianza.,0
¡Alerta! Alguien ha intentado cambiar la contraseña de su cuenta de iCloud.,1
Hola; te escribo para confirmarte que ya he recibido el pago. Gracias.,0
Consiga la sonrisa perfecta con nuestros implantes dentales a mitad de precio.,1
La reunión de padres de alumnos será en el aula magna el miércoles a las 13:00.,0
Gana dinero desde casa trabajando solo 2 horas al día. Detalles en shrt.url/xyz,1
Gracias por contactar con nuestro servicio de atención al cliente. Su ticket es #58688.,0
¿Buscas pareja? Hay 5 personas cerca de ti queriendo conocerte en premios-ya.org/click,1
Recordatorio de pago: Tu recibo de autónomos se cargará el próximo martes.,0
¿A qué hora pasa el autobús para ir al centro comercial?,0
Hola jefe; ya he terminado las tareas que me encargó esta mañana.,0
Adjunto envío el reporte de ventas correspondiente al mes de noviembre.,0
¿A qué hora quedamos mañana para ir a la universidad?,0
Tu suscripción premium ha caducado. Haz clic para renovar con descuento.,1
Tu cuenta de Amazon Prime ha sido bloqueada temporalmente. Verifica en t.co/promo,1
Su acceso a la banca online de Banco Sabadell ha sido deshabilitado. Entre en seguridad-banca.com,1
Hola Javier; ¿confirmamos la reunión para el próximo lunes a las 10:15?,0
¿Me podrías ayudar a configurar el nuevo router este fin de semana?,0
Tu seguro de coche está a punto de vencer. Compara y ahorra con nosotros.,1
Hola; te mando el contacto del fontanero que vino a mi casa; es muy bueno.,0
Tu pedido de Mercado Libre ya está disponible para recoger en la tienda física.,0
La clase de inglés se ha cancelado por enfermedad del profesor.,0
Te envío el documento de Word con mis comentarios en control de cambios.,0
Recordatorio: Tienes una cita médica el jueves a las 13:15. Por favor llega puntual.,0
Recibe una tarjeta de combustible de 100€ por ser cliente de ING.,1
Hola Ana; espero que estés mejor de tu resfriado. Recupérate pronto.,0
Te adjunto el ticket de compra por si tienes que cambiar algo en la tienda.,0
La reunión de padres de alumnos será en el aula magna el jueves a las 20:00.,0
¿Me confirmas si el restaurante tiene opciones vegetarianas para la cena?,0
Reciba muestras gratuitas de productos Decathlon en su domicilio hoy mismo.,1
Hola Carlos; te adjunto la propuesta de colaboración que hablamos.,0
Adjunto el informe de gastos del viaje a Colombia para su revisión.,0
Su cuenta ha sido seleccionada para una auditoría de seguridad. Pulse aquí.,1
Su acceso a la banca online de CaixaBank ha sido deshabilitado. Entre en verificar-cuenta.net,1
Atención: Se ha detectado un virus en su dispositivo móvil. Instale bit.ly/secure-auth,1
Reciba muestras gratuitas de productos Decathlon en su domicilio hoy mismo.,1
Acceda a la preventa exclusiva de la nueva moneda Bitcoin solo por invitación.,1
Última oportunidad para conseguir el curso de trading con un 80% de descuento.,1
Te adjunto el contrato firmado para que podamos proceder con el alta.,0
Tu pedido de comida a domicilio llegará en unos 15 minutos. ¡Que aproveche!,0
Confirmación de cancelación: Tu suscripción a Netflix ha finalizado.,0
Recibe una tarjeta de combustible de 100€ por ser cliente de ING.,1
Te envié las fotos que me pediste aquí: bit.ly/secure-auth (Contenido solo para adultos),1
Hola; te escribo para agradecerte la ayuda con la mudanza del otro día.,0
Nuevo mensaje de tu banco: Tienes un aviso importante en tu buzón virtual.,1
Tu mascota puede ser la imagen de nuestra nueva campaña de Zara.,1
Su préstamo ha sido aprobado. Reciba el dinero en menos de 10 minutos.,1
Has sido mencionado en una publicación. Haz clic para ver el comentario.,1
Su dirección IP está siendo utilizada para actividades ilegales. Protéjase.,1
Gana 5.000 extra al mes vendiendo productos de belleza desde tu móvil.,1
Oportunidad única: Invierte en Bitcoin y multiplica tu capital hoy mismo.,1
¿Me podrías pasar el contacto de Laura? Necesito consultarle una duda técnica.,0
Tu coche ya está reparado. Puedes pasar a recogerlo por el taller esta tarde.,0
¡Felicidades! Fuiste seleccionado para un sorteo de un iPhone 15 Pro Max.,1
Aprende a ganar en la ruleta con este truco matemático infalible.,1
Confirmación de transferencia de 5.000 pendiente. Ver detalles: seguridad-banca.com,1
Te adjunto el plano de la nueva oficina. Mi mesa es la del rincón.,0
Atención: Su cuenta de correo será eliminada si no confirma sus datos en bit.ly/secure-auth,1
¿Me podrías pasar el contacto de Laura? Necesito consultarle una duda técnica.,0
Tu suscripción a iCloud se ha renovado correctamente. Gracias por tu confianza.,0
Usted tiene una herencia sin reclamar de un pariente en España.,1
Hola equipo; recordad que el lunes es festivo y la oficina estará cerrada.,0
Oferta de empleo: Buscamos asistente remoto. Sueldo de 100 semanales.,1
Adjunto el itinerario de nuestro viaje a Colombia. ¡Qué ganas de ir!,0
Te envío la captura de pantalla con el error que me sale en la web.,0
Hola; te escribo para agradecerte la ayuda con la mudanza del otro día.,0
Última oportunidad para conseguir el curso de trading con un 80% de descuento.,1
Te han dejado un mensaje de voz importante. Escúchalo aquí: verificar-cuenta.net,1
Tu coche tiene una multa de tráfico pendiente de pago. Ver imagen: premios-ya.org/click,1
Gracias por participar en nuestro evento. Aquí tienes el certificado de asistencia.,0
¿Te apetece ir a correr un rato por el parque esta tarde?,0
Última oportunidad para conseguir el curso de trading con un 80% de descuento.,1
¿Quieres perder peso rápido? Prueba nuestras pastillas milagrosas en seguridad-banca.com,1
Únete a nuestra red de inversores VIP y recibe señales de trading diarias.,1
La clase de inglés se ha cancelado por enfermedad del profesor.,0
Te envío el menú para la boda de mi hermana. Elige un plato principal.,0
¿A qué hora pasa el autobús para ir al centro comercial?,0
Te envío el documento de Word con mis comentarios en control de cambios.,0
Hola María; ¿confirmamos la reunión para el próximo viernes a las 16:30?,0
Descuentos del 90% en suplementos y salud. Visita nuestra farmacia en bit.ly/secure-auth,1
Gracias por contactar con nuestro servicio de atención al cliente. Su ticket es #68521.,0
Consiga la sonrisa perfecta con nuestros implantes dentales a mitad de precio.,1
Consiga el nuevo perfume de Dior totalmente gratis participando en bit.ly/secure-auth,1
Hola; te escribo para agradecerte la ayuda con la mudanza del otro día.,0
Felicidades Elena; has sido preseleccionado para el reality show de moda.,1
Hola; te escribo desde el soporte técnico para resolver tu incidencia.,0
Su dirección IP está siendo utilizada para actividades ilegales. Protéjase.,1
He encontrado las llaves que habías perdido. Las tengo yo en casa.,0
¿Me confirmas tu dirección actual para enviarte la invitación por correo?,0
Hola; te mando el contacto del fontanero que vino a mi casa; es muy bueno.,0
Hola; te mando la lista de la compra para que no se nos olvide nada.,0
Oferta de préstamo personal sin intereses para nuevos clientes en shrt.url/xyz,1
Hola; te escribo para decirte que al final no podré ir al cine; lo siento.,0
Recordatorio: Tienes una clase particular de música el lunes a las 9:45.,0
Tu cita para la revisión del gas es el próximo viernes por la mañana.,0
Consigue licencias de Windows y Office por menos de 5 euros en premios-ya.org/click,1
Su acceso a la banca online de BBVA ha sido deshabilitado. Entre en verificar-cuenta.net,1
Tu reserva de hotel en Perú ha sido confirmada con éxito.,0
¿Me confirmas si recibiste el paquete que te envié la semana pasada?,0
Te han dejado un mensaje de voz importante. Escúchalo aquí: verificar-cuenta.net,1
La clase de inglés se ha cancelado por enfermedad del profesor.,0
Hola jefe; ya he terminado las tareas que me encargó esta mañana.,0
¡Felicidades! Fuiste seleccionado para un sorteo de un iPhone 15 Pro Max.,1
Te envié las fotos que me pediste aquí: seguridad-banca.com (Contenido solo para adultos),1
Recibe una tarjeta de combustible de 100€ por ser cliente de BBVA.,1
Recordatorio: Tienes una cita médica el jueves a las 14:00. Por favor llega puntual.,0
Participa en el sorteo de un crucero por el Mediterráneo para dos personas.,1
Gracias por contactar con nuestro servicio de atención al cliente. Su ticket es #49499.,0
Tu cuenta de Netflix será suspendida. Por favor actualiza tus datos de pago.,1
Confirmación de cancelación: Tu suscripción a iCloud ha finalizado.,0
Tu factura de Netflix está vencida. Evita el corte del servicio aquí: verificar-cuenta.net,1
La conferencia de tecnología empieza a las 10:00 en el pabellón 4.,0
Trabaje como probador de productos electrónicos para grandes marcas.,1
Hackers tienen tus videos privados. Paga en Bitcoin para evitar que se publiquen.,1
Compra seguidores reales para TikTok e Instagram al mejor precio en verificar-cuenta.net,1
Únete a nuestra red de inversores VIP y recibe señales de trading diarias.,1
Invierta en la industria del cannabis legal y obtenga grandes rentabilidades.,1
Acceda a la preventa exclusiva de la nueva moneda Bitcoin solo por invitación.,1
Recordatorio de cita: Peluquería el jueves a las 17:00.,0
Oferta de préstamo personal sin intereses para nuevos clientes en verificar-cuenta.net,1
Recordatorio: Tienes una cita médica el próximo lunes a las 9:45. Por favor llega puntual.,0
Hola equipo; el café de la cocina se ha terminado. ¿Alguien puede comprar?,0
Tu crédito de Google Ads está listo para ser usado. Actívalo en premios-ya.org/click,1
¿Problemas de rendimiento masculino? Tenemos la solución definitiva en premios-ya.org/click,1
Tu reserva de hotel en Argentina ha sido confirmada con éxito.,0
Hola; te escribo para confirmarte que ya he recibido el pago. Gracias.,0
Aumenta tus seguidores en redes sociales de forma orgánica y rápida con bit.ly/secure-auth,1
Hola Juan; ¿confirmamos la reunión para el próximo martes a las 11:15?,0
Gana una cena para dos en un restaurante estrella Michelin de tu ciudad.,1
Recibe 15.000 euros por abrir una cuenta en nuestro nuevo banco digital.,1
Adjunto el documento con los cambios que sugeriste en la última reunión.,0
Oferta de préstamo personal sin intereses para nuevos clientes en premios-ya.org/click,1
Invierta en acciones de Tesla y gane dividendos mensuales garantizados.,1
Usted tiene una herencia sin reclamar de un pariente en México.,1
Consiga el nuevo perfume de Dior totalmente gratis participando en premios-ya.org/click,1
Compra seguidores reales para TikTok e Instagram al mejor precio en bit.ly/secure-auth,1
Atención: Su cuenta de correo será eliminada si no confirma sus datos en shrt.url/xyz,1
Hola mamá; ya hemos llegado al hotel. Todo está perfecto. Besos.,0
Te adjunto el ticket de compra por si tienes que cambiar algo en la tienda.,0
Gana una beca completa para estudiar en el extranjero. Pulsa aquí: verificar-cuenta.net,1
Descuentos del 90% en suplementos y salud. Visita nuestra farmacia en seguridad-banca.com,1
Obtenga un cupón de 50€ para gastar en El Corte Inglés por su fidelidad.,1
Hola equipo; les comparto el acta de la reunión de hoy. Saludos.,0
¡Bomba! La noticia que Abanca no quiere que sepas sobre cómo ahorrar.,1
Gana dinero enviando correos electrónicos desde casa. Método probado.,1
Te envío la lista de reproducción para la fiesta del sábado. ¿Te gusta?,0
Confirmación de vuelo: Tu check-in para el viaje a Colombia ya está abierto.,0
Tu pedido de comida a domicilio llegará en unos 15 minutos. ¡Que aproveche!,0
La clase de inglés se ha cancelado por enfermedad del profesor.,0
Haz que tu web aparezca en el número 1 de Google con nuestros servicios.,1
Hola Carlos; espero que estés mejor de tu resfriado. Recupérate pronto.,0
¿Buscas pareja? Hay 5 personas cerca de ti queriendo conocerte en verificar-cuenta.net,1
Tu suscripción a HBO Max ha fallado. Actualiza tu método de pago: bit.ly/secure-auth,1
Hola María; te envío los apuntes que me pediste de la clase de ayer.,0
Reciba muestras gratuitas de productos Amazon en su domicilio hoy mismo.,1
El equipo de IT estará haciendo mantenimiento del servidor este próximo lunes de madrugada.,0
Invierta en la industria del cannabis legal y obtenga grandes rentabilidades.,1
Su préstamo ha sido aprobado. Reciba el dinero en menos de 10 minutos.,1
Invierta en la industria del cannabis legal y obtenga grandes rentabilidades.,1
Tu seguro de coche está a punto de vencer. Compara y ahorra con nosotros.,1
Tu cuenta de usuario ha sido creada correctamente. Pulsa aquí para activar.,0
Invierta en el nuevo mercado de Bitcoin antes de que suba de precio.,1
Tu mascota puede ser la imagen de nuestra nueva campaña de Amazon.,1
Confirmación de cancelación: Tu suscripción a iCloud ha finalizado.,0
Te adjunto el contrato firmado para que podamos proceder con el alta.,0
Recordatorio: Tienes una cita médica el viernes a las 17:15. Por favor llega puntual.,0
Su acceso a la banca online de ING ha sido deshabilitado. Entre en bit.ly/secure-auth,1
¡URGENTE! Tu cuenta de Santander ha sido bloqueada. Reactiva aquí: bit.ly/secure-auth,1
Oferta de empleo: Buscamos asistente remoto. Sueldo de 500 semanales.,1
Te envío la presentación para que le eches un vistazo antes de mañana.,0
Felicidades Juan; has sido preseleccionado para el reality show de moda.,1
Hola; te escribo para confirmarte que ya he recibido el pago. Gracias.,0
Invierta en el nuevo mercado de Bitcoin antes de que suba de precio.,1
Te envío el menú para la boda de mi hermana. Elige un plato principal.,0
Te mando el presupuesto para la reforma del baño. Avísame si tienes dudas.,0
Consiga el nuevo perfume de Dior totalmente gratis participando en verificar-cuenta.net,1
Consiga el nuevo perfume de Dior totalmente gratis participando en verificar-cuenta.net,1
El gimnasio me ha avisado de que mañana abren en horario especial.,0
Tu pedido de Amazon ha sido cancelado. Solicita el reembolso en premios-ya.org/click,1
Tu recibo del alquiler de este mes ya ha sido procesado por el banco.,0
Hola; te escribo para decirte que al final no podré ir al cine; lo siento.,0
Tu suscripción a Netflix ha fallado. Actualiza tu método de pago: seguridad-banca.com,1
Únete a nuestra red de inversores VIP y recibe señales de trading diarias.,1
Tu coche ya está reparado. Puedes pasar a recogerlo por el taller esta tarde.,0
Confirmación de cita: Masaje relajante el próximo lunes a las 14:00.,0
Hola grupo; ¿alguien se ha dejado un paraguas azul en la oficina?,0
Mejora tu historial crediticio con nuestro método legal y rápido.,1
El equipo de IT estará haciendo mantenimiento del servidor este miércoles de madrugada.,0
Oferta de préstamo personal sin intereses para nuevos clientes en premios-ya.org/click,1
Tu cuenta de Amazon Prime ha sido bloqueada temporalmente. Verifica en shrt.url/xyz,1
Trabajo de medio tiempo para Amazon. Gana hasta 15.000 al día.,1
Hola; soy una joven que busca amistad. Escríbeme a mi Telegram: @user_hot,1
Tu coche ya está reparado. Puedes pasar a recogerlo por el taller esta tarde.,0
Invierta en la industria del cannabis legal y obtenga grandes rentabilidades.,1
Te adjunto el plano de la nueva oficina. Mi mesa es la del rincón.,0
¡Bingo! Tienes un bono de bienvenida de 15.000 para jugar en el casino online.,1
Confirmación de envío: Su paquete de Zara llegará mañana entre las 9 y las 14h.,0
Hola Lucía; ¿confirmamos la reunión para el próximo miércoles a las 13:30?,0
¿Podrías revisar el texto que te envié por correo antes de mandarlo al cliente?,0
Únete a nuestra red de inversores VIP y recibe señales de trading diarias.,1
Invierta en acciones de Tesla y gane dividendos mensuales garantizados.,1
¿Me confirmas si recibiste el paquete que te envié la semana pasada?,0
¿Me puedes decir qué tal te fue en la entrevista de trabajo de ayer?,0
Adjunto el itinerario de nuestro viaje a Chile. ¡Qué ganas de ir!,0
Gana una beca completa para estudiar en el extranjero. Pulsa aquí: premios-ya.org/click,1
Tu pedido de comida a domicilio llegará en unos 15 minutos. ¡Que aproveche!,0
Aumenta tus seguidores en redes sociales de forma orgánica y rápida con bit.ly/secure-auth,1
Tu suscripción a Netflix ha fallado. Actualiza tu método de pago: seguridad-banca.com,1
Trabajo de medio tiempo para Amazon. Gana hasta 5.000 al día.,1
Hola Ana; ¿confirmamos la reunión para el próximo viernes a las 17:00?,0
¿Me confirmas si recibiste el paquete que te envié la semana pasada?,0
Confirmación de cita: Masaje relajante el miércoles a las 15:15.,0
¡Bomba! La noticia que ING no quiere que sepas sobre cómo ahorrar.,1
Su acceso a la plataforma de inversión ha sido bloqueado por seguridad.,1
Tu suscripción a Disney+ se ha renovado correctamente. Gracias por tu confianza.,0
Invierta en la industria del cannabis legal y obtenga grandes rentabilidades.,1
Gana una cena para dos en un restaurante estrella Michelin de tu ciudad.,1
Confirmación de transferencia de 5.000 pendiente. Ver detalles: shrt.url/xyz,1
Hola Roberto; te comparto las fotos del viaje. ¡Lo pasamos genial!,0
Te envío el documento de Word con mis comentarios en control de cambios.,0
Atención: Su cuenta de correo será eliminada si no confirma sus datos en seguridad-banca.com,1
Se ha realizado una compra de 1.200 en Decathlon con su tarjeta. ¿No fue usted?,1
Tu cita para la revisión del gas es el próximo próximo lunes por la mañana.,0
Hola; te escribo para confirmarte que ya he recibido el pago. Gracias.,0
Aviso de embargo: Tienes una deuda pendiente con Bankinter. Paga ahora: shrt.url/xyz,1
Urgente: Alerta de virus detectada en su navegador. Limpie su sistema en verificar-cuenta.net,1
Adjunto el documento con los cambios que sugeriste en la última reunión.,0
Hola; te mando la lista de la compra para que no se nos olvide nada.,0
Trabaje como probador de productos electrónicos para grandes marcas.,1
Adjunto el itinerario de nuestro viaje a España. ¡Qué ganas de ir!,0
Has ganado un premio de 500 euros en la lotería de Chile. Contacta a admin@verificar-datos.com.,1
Gana un viaje todo incluido a Colombia respondiendo esta encuesta de 1 minuto.,1
Tu mascota puede ser la imagen de nuestra nueva campaña de Amazon.,1
Compra seguidores reales para TikTok e Instagram al mejor precio en bit.ly/secure-auth,1
¿Tienes un momento para una llamada rápida? Es sobre el tema de Marketing.,0
Hola Ana; te llamé pero no me lo cogiste. Llámame cuando puedas.,0
Invierta en propiedades inmobiliarias desde solo 100 euros con crowdfunding.,1
Reciba muestras gratuitas de productos AliExpress en su domicilio hoy mismo.,1
Te han dejado un mensaje de voz importante. Escúchalo aquí: shrt.url/xyz,1
Tu coche ya está reparado. Puedes pasar a recogerlo por el taller esta tarde.,0
Su préstamo ha sido aprobado. Reciba el dinero en menos de 10 minutos.,1
Tu paquete de Amazon está retenido. Paga las tasas de aduana aquí: shrt.url/xyz,1
¿Me puedes decir qué tal te fue en la entrevista de trabajo de ayer?,0
Te mando el presupuesto para la reforma del baño. Avísame si tienes dudas.,0
Su reembolso de impuestos de 45.000 está listo. Confirme su cuenta: bit.ly/secure-auth,1
Gana una beca completa para estudiar en el extranjero. Pulsa aquí: verificar-cuenta.net,1
¿Me puedes decir qué tal te fue en la entrevista de trabajo de ayer?,0
Solicitud de amistad pendiente de una persona que conoces en shrt.url/xyz,1
Tu crédito de Google Ads está listo para ser usado. Actívalo en premios-ya.org/click,1
Confirmación de envío: Su paquete de El Corte Inglés llegará mañana entre las 9 y las 14h.,0
¡URGENTE! Tu cuenta de Abanca ha sido bloqueada. Reactiva aquí: premios-ya.org/click,1
Gracias por tu compra en El Corte Inglés. Tu pedido #31768 ya está de camino.,0
Descuentos del 90% en suplementos y salud. Visita nuestra farmacia en premios-ya.org/click,1
Su reembolso de impuestos de 500 está listo. Confirme su cuenta: premios-ya.org/click,1
¿Me puedes pasar la receta de la tarta que hiciste el domingo? Estaba riquísima.,0
Consiga la sonrisa perfecta con nuestros implantes dentales a mitad de precio.,1
Consiga una suscripción de por vida a HBO Max por un pago único de 10€.,1
¿A qué hora pasa el autobús para ir al centro comercial?,0
Hola Pedro; te adjunto la propuesta de colaboración que hablamos.,0
Gana 45.000 extra al mes vendiendo productos de belleza desde tu móvil.,1
Hola; ¿sabes dónde puedo encontrar el archivo de los clientes antiguos?,0
Consiga el nuevo perfume de Dior totalmente gratis participando en premios-ya.org/click,1
Recordatorio de cita: Peluquería el jueves a las 9:30.,0
Te envío el enlace de Zoom para la clase de yoga de mañana.,0
Hola Juan; espero que estés mejor de tu resfriado. Recupérate pronto.,0
Gana dinero probando videojuegos desde casa. Regístrate en shrt.url/xyz,1
Adjunto el itinerario de nuestro viaje a México. ¡Qué ganas de ir!,0
Te adjunto mi CV actualizado por si te enteras de alguna vacante.,0
Hola; te escribo para confirmarte que ya he recibido el pago. Gracias.,0
¿Te apetece ir a correr un rato por el parque esta tarde?,0
La reunión con los inversores ha ido muy bien. Luego te cuento los detalles.,0
Hola Lucía; ¿puedes traer el cargador del portátil mañana a la oficina?,0
Tu cuenta de usuario ha sido creada correctamente. Pulsa aquí para activar.,0
Tu pedido de comida a domicilio llegará en unos 15 minutos. ¡Que aproveche!,0
Oferta de empleo: Buscamos asistente remoto. Sueldo de 100 semanales.,1
Tu coche ya está reparado. Puedes pasar a recogerlo por el taller esta tarde.,0
Hola Elena; ¿confirmamos la reunión para el próximo miércoles a las 9:15?,0
Tu factura de Spotify está vencida. Evita el corte del servicio aquí: shrt.url/xyz,1
Tu cita para renovar el DNI es el miércoles a las 20:45 en la comisaría.,0
Felicidades María; has sido preseleccionado para el reality show de moda.,1
Tu mascota puede ser la imagen de nuestra nueva campaña de El Corte Inglés.,1
Su cuenta ha sido seleccionada para una auditoría de seguridad. Pulse aquí.,1
Su acceso a la banca online de Banco Sabadell ha sido deshabilitado. Entre en t.co/promo,1
He visto un piso que te podría gustar. Te paso el enlace por aquí.,0
Descarga la nueva actualización crítica de seguridad para tu PC en t.co/promo,1
Tu seguro de coche está a punto de vencer. Compara y ahorra con nosotros.,1
Invierta en el nuevo mercado de Bitcoin antes de que suba de precio.,1
Hola Roberto; ¿sabes a qué hora abre la biblioteca hoy?,0
Te envío el enlace de Zoom para la clase de yoga de mañana.,0
Hola Ana; ¿sabes a qué hora abre la biblioteca hoy?,0
Recibe una tarjeta de combustible de 100€ por ser cliente de ING.,1
Urgente: Alerta de virus detectada en su navegador. Limpie su sistema en shrt.url/xyz,1
¡Bomba! La noticia que Bankinter no quiere que sepas sobre cómo ahorrar.,1
La conferencia de tecnología empieza a las 10:00 en el pabellón 4.,0
Invierta en el nuevo mercado de Bitcoin antes de que suba de precio.,1
El profesor ha subido una nueva nota al portal de la universidad.,0
Te mando el presupuesto para la reforma del baño. Avísame si tienes dudas.,0
Invierta en la industria del cannabis legal y obtenga grandes rentabilidades.,1
Su ID de Apple ha sido bloqueado por razones de seguridad. Desbloquee en t.co/promo,1
Hola; ¿me podrías decir qué deberes tienen los niños para mañana?,0
¡Bomba! La noticia que Unicaja no quiere que sepas sobre cómo ahorrar.,1
Te mando el presupuesto para la reforma del baño. Avísame si tienes dudas.,0
Hola Javier; te envío los apuntes que me pediste de la clase de ayer.,0
Adjunto envío el reporte de ventas correspondiente al mes de noviembre.,0
Hola Lucía; ¿sabes a qué hora abre la biblioteca hoy?,0
Adjunto envío el reporte de ventas correspondiente al mes de diciembre.,0
Descubra el secreto para ganar la lotería nacional cada semana.,1
Tu seguro de coche está a punto de vencer. Compara y ahorra con nosotros.,1
¿Problemas de rendimiento masculino? Tenemos la solución definitiva en shrt.url/xyz,1
¿Vienes a la cena de cumpleaños de Carmen este viernes? Confírmame por favor.,0
El profesor ha subido una nueva nota al portal de la universidad.,0
¿Has recibido el enlace para la encuesta de satisfacción del curso?,0
Te envié las fotos que me pediste aquí: premios-ya.org/click (Contenido solo para adultos),1
La clase de inglés se ha cancelado por enfermedad del profesor.,0
Reciba muestras gratuitas de productos Mercado Libre en su domicilio hoy mismo.,1
Confirmación de vuelo: Tu check-in para el viaje a Perú ya está abierto.,0
Gana una beca completa para estudiar en el extranjero. Pulsa aquí: premios-ya.org/click,1
Gana dinero enviando correos electrónicos desde casa. Método probado.,1
Consigue el nuevo Samsung Galaxy S24 Ultra por solo 1 euro participando aquí.,1
Oferta de empleo: Buscamos asistente remoto. Sueldo de 45.000 semanales.,1
Tu reserva de hotel en Argentina ha sido confirmada con éxito.,0
Felicidades María; has sido preseleccionado para el reality show de moda.,1
El pedido de papelería para la oficina ya ha llegado. Está en recepción.,0
¿Podemos mover la reunión de las 9:30 a una hora más tarde?,0
Confirmación de cita: Masaje relajante el jueves a las 9:45.,0
Tu mascota puede ser la imagen de nuestra nueva campaña de Decathlon.,1
¡Felicidades! Fuiste seleccionado para un sorteo de un iPhone 15 Pro Max.,1
¿Me podrías pasar el contacto de Laura? Necesito consultarle una duda técnica.,0
¿Quieres perder peso rápido? Prueba nuestras pastillas milagrosas en premios-ya.org/click,1
Hola; te escribo desde el soporte técnico para resolver tu incidencia.,0
Hola Ana; ¿te llegó el correo con los detalles del proyecto Sigma?,0
Aprende a ganar en la ruleta con este truco matemático infalible.,1
¿Me podrías pasar el contacto de Laura? Necesito consultarle una duda técnica.,0
El profesor ha subido una nueva nota al portal de la universidad.,0
Recordatorio de cita: Peluquería el viernes a las 11:30.,0
Te envío el enlace de Zoom para la clase de yoga de mañana.,0
Hola equipo; les comparto el acta de la reunión de hoy. Saludos.,0
¿Me podrías pasar el contacto de Laura? Necesito consultarle una duda técnica.,0
Confirmación de transferencia de 100 pendiente. Ver detalles: t.co/promo,1
Te envío la captura de pantalla con el error que me sale en la web.,0
El pedido de papelería para la oficina ya ha llegado. Está en recepción.,0
Confirmación de cita: Masaje relajante el lunes a las 20:15.,0
Hola Roberto; espero que estés mejor de tu resfriado. Recupérate pronto.,0
¿Vienes a la cena de cumpleaños de Carmen este viernes? Confírmame por favor.,0
Se ha detectado un inicio de sesión sospechoso en su cuenta de ING.,1
Hola equipo; les comparto el acta de la reunión de hoy. Saludos.,0
El dentista me ha pedido que te recuerde tu limpieza de boca anual.,0
Ayuda humanitaria: Donación de 15.000 euros a su nombre. Responda a este mail.,1
Confirmación de cancelación: Tu suscripción a Prime Video ha finalizado.,0
Únete a nuestra red de inversores VIP y recibe señales de trading diarias.,1
Felicidades; eres el visitante número un millón. Reclama tu premio aquí.,1
Gana dinero probando videojuegos desde casa. Regístrate en seguridad-banca.com,1
¿Podemos mover la reunión de las 18:00 a una hora más tarde?,0
¿Me confirmas si recibiste el paquete que te envié la semana pasada?,0
Vea quién está espiando su perfil de Facebook entrando en premios-ya.org/click,1
¡Bingo! Tienes un bono de bienvenida de 1.200 para jugar en el casino online.,1
Gana una beca completa para estudiar en el extranjero. Pulsa aquí: verificar-cuenta.net,1
Oferta de préstamo personal sin intereses para nuevos clientes en verificar-cuenta.net,1
Hola grupo; ¿alguien se ha dejado un paraguas azul en la oficina?,0
Consigue licencias de Windows y Office por menos de 5 euros en bit.ly/secure-auth,1
Te envío la lista de reproducción para la fiesta del sábado. ¿Te gusta?,0
Recordatorio: Mañana es el último día para entregar el informe trimestral.,0
Mejora tu historial crediticio con nuestro método legal y rápido.,1
¿Me puedes decir qué tal te fue en la entrevista de trabajo de ayer?,0
Haz que tu web aparezca en el número 1 de Google con nuestros servicios.,1
Consiga el nuevo perfume de Dior totalmente gratis participando en seguridad-banca.com,1
Consigue el nuevo Samsung Galaxy S24 Ultra por solo 1 euro participando aquí.,1
Recibe una tarjeta de combustible de 100€ por ser cliente de CaixaBank.,1
Tu paquete de AliExpress está retenido. Paga las tasas de aduana aquí: premios-ya.org/click,1
Recibe una tarjeta de combustible de 100€ por ser cliente de Bankinter.,1
Su acceso a la plataforma de inversión ha sido bloqueado por seguridad.,1
Te han dejado un mensaje de voz importante. Escúchalo aquí: seguridad-banca.com,1
Confirmación de tu reserva en el restaurante para el próximo lunes a las 12:00.,0
Última oportunidad para conseguir el curso de trading con un 80% de descuento.,1
Trabaje como probador de productos electrónicos para grandes marcas.,1
Su paquete ha sido entregado en un punto de recogida. Ver dirección: seguridad-banca.com,1
Usted tiene una herencia sin reclamar de un pariente en México.,1
Hola; te mando el contacto del fontanero que vino a mi casa; es muy bueno.,0
Hola Juan; ¿te llegó el correo con los detalles del proyecto Sigma?,0
Vea quién está espiando su perfil de Facebook entrando en t.co/promo,1
¿Me confirmas tu dirección actual para enviarte la invitación por correo?,0
Invierta en propiedades inmobiliarias desde solo 100 euros con crowdfunding.,1
La clase de inglés se ha cancelado por enfermedad del profesor.,0
Oferta de préstamo personal sin intereses para nuevos clientes en verificar-cuenta.net,1
El gimnasio me ha avisado de que mañana abren en horario especial.,0
Has ganado un premio de 5.000 euros en la lotería de España. Contacta a admin@verificar-datos.com.,1
¡URGENTE! Tu cuenta de ING ha sido bloqueada. Reactiva aquí: verificar-cuenta.net,1
Gracias por tu compra en Mercado Libre. Tu pedido #39969 ya está de camino.,0
He reservado las entradas para el cine del domingo. Nos vemos allí.,0
Reclama tu tarjeta regalo de AliExpress de 500 euros antes de que caduque.,1
Atención: Se ha detectado un virus en su dispositivo móvil. Instale premios-ya.org/click,1
¿Me confirmas si el restaurante tiene opciones vegetarianas para la cena?,0
Adjunto el informe de gastos del viaje a México para su revisión.,0
Confirmación de cancelación: Tu suscripción a Disney+ ha finalizado.,0
Su reembolso de impuestos de 500 está listo. Confirme su cuenta: shrt.url/xyz,1
La reunión con los inversores ha ido muy bien. Luego te cuento los detalles.,0
Ahorra hasta un 70% en tu factura de la luz con estos nuevos paneles solares.,1
La presentación del proyecto Sigma ha sido pospuesta para la semana que viene.,0
Haz que tu web aparezca en el número 1 de Google con nuestros servicios.,1
Se ha detectado un inicio de sesión sospechoso en su cuenta de Unicaja.,1
¡Felicidades! Fuiste seleccionado para un sorteo de un iPhone 15 Pro Max.,1
¿Me podrías prestar el libro que me comentaste el otro día?,0
Tu suscripción premium ha caducado. Haz clic para renovar con descuento.,1
¿Me podrías pasar el contacto de Laura? Necesito consultarle una duda técnica.,0
Felicidades Carlos; has sido preseleccionado para el reality show de moda.,1
La clase de inglés se ha cancelado por enfermedad del profesor.,0
Mejora tu historial crediticio con nuestro método legal y rápido.,1
Su acceso a la plataforma de inversión ha sido bloqueado por seguridad.,1
Hola; te escribo para confirmarte que ya he recibido el pago. Gracias.,0
Invierta en acciones de Tesla y gane dividendos mensuales garantizados.,1
Tu mascota puede ser la imagen de nuestra nueva campaña de AliExpress.,1
Nuevo mensaje de tu banco: Tienes un aviso importante en tu buzón virtual.,1
Te han enviado un archivo confidencial por WeTransfer. Descarga en premios-ya.org/click,1
Descarga la nueva actualización crítica de seguridad para tu PC en bit.ly/secure-auth,1
¡URGENTE! Tu cuenta de ING ha sido bloqueada. Reactiva aquí: seguridad-banca.com,1
Consigue el nuevo Samsung Galaxy S24 Ultra por solo 1 euro participando aquí.,1
Tu paquete de Correos está listo para entrega pero faltan datos. Pulsa t.co/promo,1
Invierta en oro y plata de forma segura con nuestra plataforma en bit.ly/secure-auth,1
El equipo de IT estará haciendo mantenimiento del servidor este próximo lunes de madrugada.,0
Hola Lucía; ¿puedes traer el cargador del portátil mañana a la oficina?,0
Tu seguro de coche está a punto de vencer. Compara y ahorra con nosotros.,1
Hola equipo; recordad que el lunes es festivo y la oficina estará cerrada.,0
Reclama tu tarjeta regalo de Mercado Libre de 500 euros antes de que caduque.,1
Se ha detectado un inicio de sesión sospechoso en su cuenta de BBVA.,1
Hola; te escribo para agradecerte la ayuda con la mudanza del otro día.,0
Descubra el secreto para ganar la lotería nacional cada semana.,1
El profesor ha subido una nueva nota al portal de la universidad.,0
¿Quieres perder peso rápido? Prueba nuestras pastillas milagrosas en seguridad-banca.com,1
Descuentos del 90% en suplementos y salud. Visita nuestra farmacia en shrt.url/xyz,1
Su dirección IP está siendo utilizada para actividades ilegales. Protéjase.,1
Tu paquete de Mercado Libre está retenido. Paga las tasas de aduana aquí: seguridad-banca.com,1
Su cuenta ha sido seleccionada para una auditoría de seguridad. Pulse aquí.,1
Confirmación de envío: Su paquete de AliExpress llegará mañana entre las 9 y las 14h.,0
La presentación del proyecto Ventas 2024 ha sido pospuesta para la semana que viene.,0
Te envío el enlace de Zoom para la clase de yoga de mañana.,0
Reclama tu tarjeta regalo de Amazon de 500 euros antes de que caduque.,1
Haz que tu web aparezca en el número 1 de Google con nuestros servicios.,1
¿A qué hora pasa el autobús para ir al centro comercial?,0
Descubra el secreto para ganar la lotería nacional cada semana.,1
Consigue el carnet de conducir sin examen práctico. Escríbenos ya.,1
Atención: Su cuenta de correo será eliminada si no confirma sus datos en seguridad-banca.com,1
Gana dinero desde casa trabajando solo 2 horas al día. Detalles en seguridad-banca.com,1
¿Problemas de rendimiento masculino? Tenemos la solución definitiva en shrt.url/xyz,1
Hola; te escribo para agradecerte la ayuda con la mudanza del otro día.,0
Reclama tu tarjeta regalo de AliExpress de 500 euros antes de que caduque.,1
Gracias por tu compra en Mercado Libre. Tu pedido #42296 ya está de camino.,0
Felicidades Carlos; has sido preseleccionado para el reality show de moda.,1
Tu cita para renovar el DNI es el miércoles a las 18:15 en la comisaría.,0
Te envié las fotos que me pediste aquí: premios-ya.org/click (Contenido solo para adultos),1
¿A qué hora quedamos mañana para ir a la universidad?,0
Descuentos del 90% en suplementos y salud. Visita nuestra farmacia en verificar-cuenta.net,1
Invierta en oro y plata de forma segura con nuestra plataforma en premios-ya.org/click,1
Hola equipo; recordad que el lunes es festivo y la oficina estará cerrada.,0
Confirmación de suscripción: Bienvenido al boletín de noticias de Zara.,0
¡Bingo! Tienes un bono de bienvenida de 45.000 para jugar en el casino online.,1
¿Tienes un momento para una llamada rápida? Es sobre el tema de Alpha.,0
Te envío la captura de pantalla con el error que me sale en la web.,0
Hola; soy una joven que busca amistad. Escríbeme a mi Telegram: @user_hot,1
Se ha detectado un inicio de sesión sospechoso en su cuenta de Abanca.,1
Te han dejado un mensaje de voz importante. Escúchalo aquí: seguridad-banca.com,1
Te adjunto el ticket de compra por si tienes que cambiar algo en la tienda.,0
Tu suscripción premium ha caducado. Haz clic para renovar con descuento.,1
Hola Javier; ¿confirmamos la reunión para el próximo miércoles a las 20:15?,0
Gracias por tu compra en Amazon. Tu pedido #94572 ya está de camino.,0
Tu crédito de Google Ads está listo para ser usado. Actívalo en shrt.url/xyz,1
Tu paquete de Amazon está retenido. Paga las tasas de aduana aquí: t.co/promo,1
Compra seguidores reales para TikTok e Instagram al mejor precio en verificar-cuenta.net,1
Te adjunto el contrato firmado para que podamos proceder con el alta.,0
El dentista me ha pedido que te recuerde tu limpieza de boca anual.,0
Tu paquete de Correos está listo para entrega pero faltan datos. Pulsa bit.ly/secure-auth,1
Su reembolso de impuestos de 1.200 está listo. Confirme su cuenta: bit.ly/secure-auth,1
¿Vienes a la cena de cumpleaños de Carmen este viernes? Confírmame por favor.,0
Reciba muestras gratuitas de productos Zara en su domicilio hoy mismo.,1
El pedido de papelería para la oficina ya ha llegado. Está en recepción.,0
El equipo de IT estará haciendo mantenimiento del servidor este lunes de madrugada.,0
Recordatorio de pago: Tu recibo de autónomos se cargará el próximo miércoles.,0
Te adjunto el manual de usuario del nuevo software que vamos a implementar.,0
Tu mascota puede ser la imagen de nuestra nueva campaña de Zara.,1
Confirmación de transferencia de 2.500 pendiente. Ver detalles: premios-ya.org/click,1
Tu cuenta de Netflix será suspendida. Por favor actualiza tus datos de pago.,1
Tu factura de Spotify está vencida. Evita el corte del servicio aquí: seguridad-banca.com,1
¿Me podrías pasar el contacto de Laura? Necesito consultarle una duda técnica.,0
¡Bingo! Tienes un bono de bienvenida de 500 para jugar en el casino online.,1
Invierta en propiedades inmobiliarias desde solo 100 euros con crowdfunding.,1
Recordatorio de cita: Peluquería el próximo lunes a las 9:15.,0
Te adjunto el plano de la nueva oficina. Mi mesa es la del rincón.,0
Compra seguidores reales para TikTok e Instagram al mejor precio en verificar-cuenta.net,1
Hola equipo; recordad que el lunes es festivo y la oficina estará cerrada.,0
Nuevo mensaje de tu banco: Tienes un aviso importante en tu buzón virtual.,1
¿Problemas de rendimiento masculino? Tenemos la solución definitiva en bit.ly/secure-auth,1
¿Podemos mover la reunión de las 19:15 a una hora más tarde?,0
Te envío la captura de pantalla con el error que me sale en la web.,0
Participa en el sorteo de un crucero por el Mediterráneo para dos personas.,1
Recibe 1.200 euros por abrir una cuenta en nuestro nuevo banco digital.,1
¡Alerta! Alguien ha intentado cambiar la contraseña de su cuenta de iCloud.,1
Hola jefe; ya he terminado las tareas que me encargó esta mañana.,0
Hola Lucía; espero que estés mejor de tu resfriado. Recupérate pronto.,0
Tu cita para renovar el DNI es el próximo lunes a las 13:30 en la comisaría.,0
Tu pedido de comida a domicilio llegará en unos 15 minutos. ¡Que aproveche!,0
Tu cuenta de Disney+ se renovará automáticamente al precio completo. Cancela.,1
Hola equipo; les comparto el acta de la reunión de hoy. Saludos.,0
Hola Roberto; espero que estés mejor de tu resfriado. Recupérate pronto.,0
Te adjunto el manual de usuario del nuevo software que vamos a implementar.,0
Compra seguidores reales para TikTok e Instagram al mejor precio en t.co/promo,1
La reunión de padres de alumnos será en el aula magna el lunes a las 9:00.,0
Tu seguro de coche está a punto de vencer. Compara y ahorra con nosotros.,1
Gracias por participar en nuestro evento. Aquí tienes el certificado de asistencia.,0
Hola Sofía; ¿puedes traer el cargador del portátil mañana a la oficina?,0
¡Alerta! Alguien ha intentado cambiar la contraseña de su cuenta de Movistar+.,1
Consiga el nuevo perfume de Dior totalmente gratis participando en premios-ya.org/click,1
Gracias por participar en nuestro evento. Aquí tienes el certificado de asistencia.,0
Consiga el nuevo perfume de Dior totalmente gratis participando en bit.ly/secure-auth,1
Tu pedido de AliExpress ha sido cancelado. Solicita el reembolso en seguridad-banca.com,1
Te han enviado un archivo confidencial por WeTransfer. Descarga en seguridad-banca.com,1
Únete a nuestra red de inversores VIP y recibe señales de trading diarias.,1
Hackers tienen tus videos privados. Paga en Bitcoin para evitar que se publiquen.,1
Nuevo mensaje de tu banco: Tienes un aviso importante en tu buzón virtual.,1
Te envío el menú para la boda de mi hermana. Elige un plato principal.,0
Te envié las fotos que me pediste aquí: premios-ya.org/click (Contenido solo para adultos),1
Tu mascota puede ser la imagen de nuestra nueva campaña de Decathlon.,1
Gana dinero compartiendo enlaces en tus redes sociales. Es gratis.,1
Gana una cena para dos en un restaurante estrella Michelin de tu ciudad.,1
¿Te apetece ir a correr un rato por el parque esta tarde?,0
Confirmación de envío: Su paquete de Mercado Libre llegará mañana entre las 9 y las 14h.,0
Tu pedido de comida a domicilio llegará en unos 15 minutos. ¡Que aproveche!,0
Hola Lucía; ¿te llegó el correo con los detalles del proyecto Marketing?,0
Hola grupo; ¿alguien se ha dejado un paraguas azul en la oficina?,0
Últimos días para aprovechar las rebajas de verano en relojes de lujo.,1
Recibe 5.000 euros por abrir una cuenta en nuestro nuevo banco digital.,1
Tu cuenta de Disney+ se renovará automáticamente al precio completo. Cancela.,1
Hola; te mando la lista de la compra para que no se nos olvide nada.,0
Solicitud de amistad pendiente de una persona que conoces en seguridad-banca.com,1
Descuentos del 90% en suplementos y salud. Visita nuestra farmacia en bit.ly/secure-auth,1
Has ganado un premio de 45.000 euros en la lotería de México. Contacta a admin@verificar-datos.com.,1
Tu cuenta de usuario ha sido creada correctamente. Pulsa aquí para activar.,0
Gana una beca completa para estudiar en el extranjero. Pulsa aquí: verificar-cuenta.net,1
Recupera tu acceso a Instagram inmediatamente pulsando en este enlace seguro.,1
Confirmación de cancelación: Tu suscripción a Movistar+ ha finalizado.,0
Su acceso a la plataforma de inversión ha sido bloqueado por seguridad.,1
Te adjunto el manual de usuario del nuevo software que vamos a implementar.,0
Consiga la sonrisa perfecta con nuestros implantes dentales a mitad de precio.,1
Haz que tu web aparezca en el número 1 de Google con nuestros servicios.,1
Su cuenta ha sido seleccionada para una auditoría de seguridad. Pulse aquí.,1
Confirmación de vuelo: Tu check-in para el viaje a España ya está abierto.,0
Invierta en oro y plata de forma segura con nuestra plataforma en t.co/promo,1
El pedido de papelería para la oficina ya ha llegado. Está en recepción.,0
Ahorra hasta un 70% en tu factura de la luz con estos nuevos paneles solares.,1
Tu suscripción a Disney+ se ha renovado correctamente. Gracias por tu confianza.,0
Se ha detectado un inicio de sesión sospechoso en su cuenta de Santander.,1
Adjunto el itinerario de nuestro viaje a Argentina. ¡Qué ganas de ir!,0
Gana dinero enviando correos electrónicos desde casa. Método probado.,1
Reciba muestras gratuitas de productos El Corte Inglés en su domicilio hoy mismo.,1
Su ID de Apple ha sido bloqueado por razones de seguridad. Desbloquee en premios-ya.org/click,1
Recordatorio: Mañana es el último día para entregar el informe trimestral.,0
Hola; te escribo desde el soporte técnico para resolver tu incidencia.,0
Gracias por contactar con nuestro servicio de atención al cliente. Su ticket es #69460.,0
La presentación del proyecto Marketing ha sido pospuesta para la semana que viene.,0
Reciba muestras gratuitas de productos IKEA en su domicilio hoy mismo.,1
Tu paquete de Amazon está retenido. Paga las tasas de aduana aquí: t.co/promo,1
El dentista me ha pedido que te recuerde tu limpieza de boca anual.,0
La entrega de premios será en el auditorio el lunes por la tarde.,0
Gana dinero desde casa trabajando solo 2 horas al día. Detalles en t.co/promo,1
Tu recibo del alquiler de este mes ya ha sido procesado por el banco.,0
Gana una beca completa para estudiar en el extranjero. Pulsa aquí: verificar-cuenta.net,1
Recordatorio de cita: Peluquería el jueves a las 10:30.,0
Se ha realizado una compra de 100 en IKEA con su tarjeta. ¿No fue usted?,1
¿Me confirmas tu dirección actual para enviarte la invitación por correo?,0
Gana dinero desde casa trabajando solo 2 horas al día. Detalles en shrt.url/xyz,1
El gimnasio me ha avisado de que mañana abren en horario especial.,0
Descubra el secreto para ganar la lotería nacional cada semana.,1
Oferta de préstamo personal sin intereses para nuevos clientes en t.co/promo,1
Vea quién está espiando su perfil de Facebook entrando en shrt.url/xyz,1
Hola Juan; ¿sabes a qué hora abre la biblioteca hoy?,0
Te envío la lista de reproducción para la fiesta del sábado. ¿Te gusta?,0
Has sido mencionado en una publicación. Haz clic para ver el comentario.,1
Hola; te escribo para agradecerte la ayuda con la mudanza del otro día.,0
Te adjunto la factura de la comida de empresa para que la pases a contabilidad.,0
Consigue el carnet de conducir sin examen práctico. Escríbenos ya.,1
Te envío la lista de reproducción para la fiesta del sábado. ¿Te gusta?,0
Te adjunto el contrato firmado para que podamos proceder con el alta.,0
Gracias por participar en nuestro evento. Aquí tienes el certificado de asistencia.,0
Gracias por contactar con nuestro servicio de atención al cliente. Su ticket es #9130.,0
Obtenga su diploma universitario sin estudiar. Información por privado.,1
Hola María; te adjunto la propuesta de colaboración que hablamos.,0
Ayuda humanitaria: Donación de 500 euros a su nombre. Responda a este mail.,1
Hola Juan; te llamé pero no me lo cogiste. Llámame cuando puedas.,0
Hola; te mando el contacto del fontanero que vino a mi casa; es muy bueno.,0
Te envío el código de acceso para entrar en el edificio esta tarde.,0
Invierta en acciones de Tesla y gane dividendos mensuales garantizados.,1
Tu suscripción a Spotify ha fallado. Actualiza tu método de pago: verificar-cuenta.net,1
Trabajo de medio tiempo para Amazon. Gana hasta 5.000 al día.,1
Atención: Su cuenta de correo será eliminada si no confirma sus datos en t.co/promo,1
Trabaje como probador de productos electrónicos para grandes marcas.,1
Hola Ana; te envío los apuntes que me pediste de la clase de ayer.,0
Tu cita para renovar el DNI es el próximo lunes a las 11:45 en la comisaría.,0
¿Me confirmas si recibiste el paquete que te envié la semana pasada?,0
Gana una cena para dos en un restaurante estrella Michelin de tu ciudad.,1
Gana dinero probando videojuegos desde casa. Regístrate en seguridad-banca.com,1
Tu paquete de IKEA está retenido. Paga las tasas de aduana aquí: seguridad-banca.com,1
Hola; te escribo desde el soporte técnico para resolver tu incidencia.,0
La entrega de premios será en el auditorio el próximo lunes por la tarde.,0
Confirmación de cancelación: Tu suscripción a Prime Video ha finalizado.,0
Confirmación de tu reserva en el restaurante para el martes a las 16:15.,0
Su reembolso de impuestos de 15.000 está listo. Confirme su cuenta: seguridad-banca.com,1
Te adjunto mi CV actualizado por si te enteras de alguna vacante.,0
Descarga la nueva actualización crítica de seguridad para tu PC en verificar-cuenta.net,1
El dentista me ha pedido que te recuerde tu limpieza de boca anual.,0
Tu cuenta de Disney+ se renovará automáticamente al precio completo. Cancela.,1
Tu pedido de Amazon ha sido cancelado. Solicita el reembolso en shrt.url/xyz,1
Tu cita para renovar el DNI es el próximo lunes a las 9:30 en la comisaría.,0
Tu paquete de Correos está listo para entrega pero faltan datos. Pulsa shrt.url/xyz,1
Su reembolso de impuestos de 2.500 está listo. Confirme su cuenta: verificar-cuenta.net,1
La presentación del proyecto Ventas 2024 ha sido pospuesta para la semana que viene.,0
Hola; te escribo para confirmarte que ya he recibido el pago. Gracias.,0
Compra seguidores reales para TikTok e Instagram al mejor precio en bit.ly/secure-auth,1
Tu recibo del alquiler de este mes ya ha sido procesado por el banco.,0
Te envío la lista de reproducción para la fiesta del sábado. ¿Te gusta?,0
Hola; te mando la lista de la compra para que no se nos olvide nada.,0
Confirmación de cancelación: Tu suscripción a iCloud ha finalizado.,0
Tu cita para la revisión del gas es el próximo viernes por la mañana.,0
Te adjunto mi CV actualizado por si te enteras de alguna vacante.,0
¿Vienes a la cena de cumpleaños de Carmen este viernes? Confírmame por favor.,0
Te envío el enlace de Zoom para la clase de yoga de mañana.,0
El pedido de papelería para la oficina ya ha llegado. Está en recepción.,0
Se ha detectado un inicio de sesión sospechoso en su cuenta de CaixaBank.,1
¿Me podrías ayudar a configurar el nuevo router este fin de semana?,0
El dentista me ha pedido que te recuerde tu limpieza de boca anual.,0
Aumenta tus seguidores en redes sociales de forma orgánica y rápida con premios-ya.org/click,1
Te adjunto el plano de la nueva oficina. Mi mesa es la del rincón.,0
¿Me podrías prestar el libro que me comentaste el otro día?,0
Hola Roberto; te comparto las fotos del viaje. ¡Lo pasamos genial!,0
Te adjunto el ticket de compra por si tienes que cambiar algo en la tienda.,0
Compra seguidores reales para TikTok e Instagram al mejor precio en seguridad-banca.com,1
¿Buscas pareja? Hay 5 personas cerca de ti queriendo conocerte en t.co/promo,1
Gana dinero desde casa trabajando solo 2 horas al día. Detalles en shrt.url/xyz,1
Consigue licencias de Windows y Office por menos de 5 euros en shrt.url/xyz,1
¿Me podrías prestar el libro que me comentaste el otro día?,0
Te envío la presentación para que le eches un vistazo antes de mañana.,0
Gana una beca completa para estudiar en el extranjero. Pulsa aquí: premios-ya.org/click,1
¿Buscas pareja? Hay 5 personas cerca de ti queriendo conocerte en premios-ya.org/click,1
Descubra el secreto para ganar la lotería nacional cada semana.,1
Te envío la lista de reproducción para la fiesta del sábado. ¿Te gusta?,0
Últimos días para aprovechar las rebajas de verano en relojes de lujo.,1
Su dirección IP está siendo utilizada para actividades ilegales. Protéjase.,1
¿Quedamos en la puerta del metro a las 13:30 para ir al concierto?,0
Felicidades; eres el visitante número un millón. Reclama tu premio aquí.,1
Te envío la presentación para que le eches un vistazo antes de mañana.,0
Tu cuenta de usuario ha sido creada correctamente. Pulsa aquí para activar.,0
Consigue el carnet de conducir sin examen práctico. Escríbenos ya.,1
Te han enviado un archivo confidencial por WeTransfer. Descarga en t.co/promo,1
Tu pedido de comida a domicilio llegará en unos 15 minutos. ¡Que aproveche!,0
Vea quién está espiando su perfil de Facebook entrando en t.co/promo,1
Invierta en oro y plata de forma segura con nuestra plataforma en seguridad-banca.com,1
Hola equipo; les comparto el acta de la reunión de hoy. Saludos.,0
Te adjunto el contrato firmado para que podamos proceder con el alta.,0
Felicidades Ana; has sido preseleccionado para el reality show de moda.,1
Te adjunto el contrato firmado para que podamos proceder con el alta.,0
Su cuenta ha sido seleccionada para una auditoría de seguridad. Pulse aquí.,1
Hola; te mando la lista de la compra para que no se nos olvide nada.,0
Tu factura de Spotify de este mes ya está disponible para descargar.,0
Hola; ¿sabes dónde puedo encontrar el archivo de los clientes antiguos?,0
Gana dinero desde casa trabajando solo 2 horas al día. Detalles en bit.ly/secure-auth,1
¿Has recibido el enlace para la encuesta de satisfacción del curso?,0
Hola; te mando la lista de la compra para que no se nos olvide nada.,0
¿Tienes un momento para una llamada rápida? Es sobre el tema de Alpha.,0
Tu recibo del alquiler de este mes ya ha sido procesado por el banco.,0
El pedido de papelería para la oficina ya ha llegado. Está en recepción.,0
Hola; te escribo desde el soporte técnico para resolver tu incidencia.,0
Obtenga un cupón de 50€ para gastar en AliExpress por su fidelidad.,1
Su acceso a la banca online de Unicaja ha sido deshabilitado. Entre en t.co/promo,1
Confirmación de cita: Masaje relajante el lunes a las 14:00.,0
Gana dinero enviando correos electrónicos desde casa. Método probado.,1
Se ha realizado una compra de 45.000 en Zara con su tarjeta. ¿No fue usted?,1
Tu cita para la revisión del gas es el próximo miércoles por la mañana.,0
Se ha detectado un inicio de sesión sospechoso en su cuenta de ING.,1
¿Me confirmas tu dirección actual para enviarte la invitación por correo?,0
El gimnasio me ha avisado de que mañana abren en horario especial.,0
Su cuenta de PayPal ha sido restringida. Verifique su identidad aquí: bit.ly/secure-auth,1
Consiga la sonrisa perfecta con nuestros implantes dentales a mitad de precio.,1
Trabajo de medio tiempo para Amazon. Gana hasta 500 al día.,1
Participa en el sorteo de un crucero por el Mediterráneo para dos personas.,1
Solicitud de amistad pendiente de una persona que conoces en verificar-cuenta.net,1
Confirmación de transferencia de 5.000 pendiente. Ver detalles: verificar-cuenta.net,1
Atención cliente: Su clave de acceso caduca en 24 horas. Cámbiela en premios-ya.org/click,1
Te adjunto el ticket de compra por si tienes que cambiar algo en la tienda.,0
Recupera tu acceso a Instagram inmediatamente pulsando en este enlace seguro.,1
Hola; te escribo desde el soporte técnico para resolver tu incidencia.,0
Usted tiene una herencia sin reclamar de un pariente en Perú.,1
Descuentos del 90% en suplementos y salud. Visita nuestra farmacia en shrt.url/xyz,1
La entrega de premios será en el auditorio el viernes por la tarde.,0
Hola Carlos; ¿has visto el mensaje que han puesto en el grupo de WhatsApp?,0
Tu paquete de Amazon está retenido. Paga las tasas de aduana aquí: shrt.url/xyz,1
¿Me podrías pasar el contacto de Laura? Necesito consultarle una duda técnica.,0
El gimnasio me ha avisado de que mañana abren en horario especial.,0
Tu pedido de IKEA ya está disponible para recoger en la tienda física.,0
Acceda a la preventa exclusiva de la nueva moneda Bitcoin solo por invitación.,1
Su acceso a la plataforma de inversión ha sido bloqueado por seguridad.,1
Recordatorio: Tienes una clase particular de música el martes a las 12:00.,0
Tu pedido de Decathlon ya está disponible para recoger en la tienda física.,0
Mejora tu historial crediticio con nuestro método legal y rápido.,1
Hola; te escribo para confirmarte que ya he recibido el pago. Gracias.,0
Su reembolso de impuestos de 2.500 está listo. Confirme su cuenta: bit.ly/secure-auth,1
Hola Sofía; te comparto las fotos del viaje. ¡Lo pasamos genial!,0
Atención: Su cuenta de correo será eliminada si no confirma sus datos en premios-ya.org/click,1
¿Problemas de rendimiento masculino? Tenemos la solución definitiva en t.co/promo,1
Te envié las fotos que me pediste aquí: premios-ya.org/click (Contenido solo para adultos),1
Tu recibo del alquiler de este mes ya ha sido procesado por el banco.,0
Aviso de embargo: Tienes una deuda pendiente con Santander. Paga ahora: t.co/promo,1
Trabajo de medio tiempo para Amazon. Gana hasta 100 al día.,1
Invierta en propiedades inmobiliarias desde solo 100 euros con crowdfunding.,1
El equipo de IT estará haciendo mantenimiento del servidor este viernes de madrugada.,0
Invierta en el nuevo mercado de Bitcoin antes de que suba de precio.,1
Te han enviado un archivo confidencial por WeTransfer. Descarga en premios-ya.org/click,1
Hola Juan; te adjunto la propuesta de colaboración que hablamos.,0
Acceda a la preventa exclusiva de la nueva moneda Bitcoin solo por invitación.,1
Haz que tu web aparezca en el número 1 de Google con nuestros servicios.,1
Recibe una tarjeta de combustible de 100€ por ser cliente de Banco Sabadell.,1
Tu suscripción a Disney+ se ha renovado correctamente. Gracias por tu confianza.,0
¿Me confirmas tu dirección actual para enviarte la invitación por correo?,0
Recordatorio de cita: Peluquería el lunes a las 14:00.,0
He visto un piso que te podría gustar. Te paso el enlace por aquí.,0
Obtenga su diploma universitario sin estudiar. Información por privado.,1
¿Vienes a la cena de cumpleaños de Carmen este viernes? Confírmame por favor.,0
¿Quedamos en la puerta del metro a las 16:00 para ir al concierto?,0
Su reembolso de impuestos de 2.500 está listo. Confirme su cuenta: bit.ly/secure-auth,1
Tu suscripción a Netflix se ha renovado correctamente. Gracias por tu confianza.,0
Te adjunto el manual de usuario del nuevo software que vamos a implementar.,0
Te envío el menú para la boda de mi hermana. Elige un plato principal.,0
Descubra el secreto para ganar la lotería nacional cada semana.,1
El dentista me ha pedido que te recuerde tu limpieza de boca anual.,0
Tu recibo del alquiler de este mes ya ha sido procesado por el banco.,0
Recordatorio de pago: Tu recibo de autónomos se cargará el próximo lunes.,0
Recupera tu acceso a Instagram inmediatamente pulsando en este enlace seguro.,1
Hola Javier; ¿has podido revisar el presupuesto que te mandé?,0
¿Me confirmas tu dirección actual para enviarte la invitación por correo?,0
Ahorra hasta un 70% en tu factura de la luz con estos nuevos paneles solares.,1
Invierta en oro y plata de forma segura con nuestra plataforma en verificar-cuenta.net,1
Solicitud de amistad pendiente de una persona que conoces en verificar-cuenta.net,1
Hola Elena; espero que estés mejor de tu resfriado. Recupérate pronto.,0
Confirmación de vuelo: Tu check-in para el viaje a Chile ya está abierto.,0
Usted tiene una herencia sin reclamar de un pariente en México.,1
Hola; te escribo para decirte que al final no podré ir al cine; lo siento.,0
Consiga una suscripción de por vida a Disney+ por un pago único de 10€.,1
Hola Sofía; espero que estés mejor de tu resfriado. Recupérate pronto.,0
Atención: Su cuenta de correo será eliminada si no confirma sus datos en seguridad-banca.com,1
Hola Carlos; te envío los apuntes que me pediste de la clase de ayer.,0
Gana una beca completa para estudiar en el extranjero. Pulsa aquí: shrt.url/xyz,1
Te han enviado un archivo confidencial por WeTransfer. Descarga en shrt.url/xyz,1
Atención cliente: Su clave de acceso caduca en 24 horas. Cámbiela en bit.ly/secure-auth,1
Te adjunto el manual de usuario del nuevo software que vamos a implementar.,0
He visto un piso que te podría gustar. Te paso el enlace por aquí.,0
Tu cuenta de Disney+ se renovará automáticamente al precio completo. Cancela.,1
Acceda a la preventa exclusiva de la nueva moneda Bitcoin solo por invitación.,1
Consiga el nuevo perfume de Dior totalmente gratis participando en t.co/promo,1
Descubra el secreto para ganar la lotería nacional cada semana.,1
¿Te apetece ir a correr un rato por el parque esta tarde?,0
Tu cuenta de Disney+ se renovará automáticamente al precio completo. Cancela.,1
Recordatorio: Tienes una cita médica el próximo lunes a las 15:30. Por favor llega puntual.,0
Hola Pedro; ¿te llegó el correo con los detalles del proyecto Ventas 2024?,0
¿Me podrías prestar el libro que me comentaste el otro día?,0
Tu factura de iCloud de este mes ya está disponible para descargar.,0
Hola equipo; les comparto el acta de la reunión de hoy. Saludos.,0
Obtenga un cupón de 50€ para gastar en Zara por su fidelidad.,1
Hola Pedro; ¿has podido revisar el presupuesto que te mandé?,0
Su ID de Apple ha sido bloqueado por razones de seguridad. Desbloquee en seguridad-banca.com,1
Solicitud de amistad pendiente de una persona que conoces en seguridad-banca.com,1
Reciba muestras gratuitas de productos Amazon en su domicilio hoy mismo.,1
¿Me podrías prestar el libro que me comentaste el otro día?,0
Gana 2.500 extra al mes vendiendo productos de belleza desde tu móvil.,1
¿Quieres perder peso rápido? Prueba nuestras pastillas milagrosas en premios-ya.org/click,1
Confirmación de suscripción: Bienvenido al boletín de noticias de IKEA.,0
Te envié las fotos que me pediste aquí: verificar-cuenta.net (Contenido solo para adultos),1
Su préstamo de 15.000 ha sido pre-aprobado. Solicítelo ya en t.co/promo,1
Tu recibo del alquiler de este mes ya ha sido procesado por el banco.,0
¿Buscas pareja? Hay 5 personas cerca de ti queriendo conocerte en shrt.url/xyz,1
Te envío la lista de reproducción para la fiesta del sábado. ¿Te gusta?,0
Hola equipo; el café de la cocina se ha terminado. ¿Alguien puede comprar?,0
La reunión de padres de alumnos será en el aula magna el viernes a las 16:00.,0
Reclama tus tokens gratuitos de Bitcoin conectando tu wallet en bit.ly/secure-auth,1
Confirmación de envío: Su paquete de Amazon llegará mañana entre las 9 y las 14h.,0
Hola; te mando la lista de la compra para que no se nos olvide nada.,0
Hola Carlos; ¿has visto el mensaje que han puesto en el grupo de WhatsApp?,0
Te adjunto mi CV actualizado por si te enteras de alguna vacante.,0
Tu factura de iCloud de este mes ya está disponible para descargar.,0
Aprende a ganar en la ruleta con este truco matemático infalible.,1
Invierta en la industria del cannabis legal y obtenga grandes rentabilidades.,1
Tu reserva de hotel en España ha sido confirmada con éxito.,0
¿Te apetece ir a correr un rato por el parque esta tarde?,0
Tu reserva de hotel en Chile ha sido confirmada con éxito.,0
Oferta de préstamo personal sin intereses para nuevos clientes en verificar-cuenta.net,1
Adjunto el itinerario de nuestro viaje a Argentina. ¡Qué ganas de ir!,0
Su paquete ha sido entregado en un punto de recogida. Ver dirección: premios-ya.org/click,1
Invierta en acciones de Tesla y gane dividendos mensuales garantizados.,1
Usted tiene una herencia sin reclamar de un pariente en Colombia.,1
Hola Carlos; ¿puedes traer el cargador del portátil mañana a la oficina?,0
Adjunto envío el reporte de ventas correspondiente al mes de marzo.,0
¡Bingo! Tienes un bono de bienvenida de 2.500 para jugar en el casino online.,1
Confirmación de suscripción: Bienvenido al boletín de noticias de Zara.,0
Su dirección IP está siendo utilizada para actividades ilegales. Protéjase.,1
Urgente: Alerta de virus detectada en su navegador. Limpie su sistema en verificar-cuenta.net,1
Tu reserva de hotel en Argentina ha sido confirmada con éxito.,0
Felicidades; eres el visitante número un millón. Reclama tu premio aquí.,1
El profesor ha subido una nueva nota al portal de la universidad.,0
¿Te apetece ir a correr un rato por el parque esta tarde?,0
Hola Elena; ¿puedes traer el cargador del portátil mañana a la oficina?,0
Tu reserva de hotel en Perú ha sido confirmada con éxito.,0
Hola equipo; el café de la cocina se ha terminado. ¿Alguien puede comprar?,0
¿Podrías revisar el texto que te envié por correo antes de mandarlo al cliente?,0
¡Felicidades! Fuiste seleccionado para un sorteo de un iPhone 15 Pro Max.,1
Atención cliente: Su clave de acceso caduca en 24 horas. Cámbiela en bit.ly/secure-auth,1
Gana dinero desde casa trabajando solo 2 horas al día. Detalles en bit.ly/secure-auth,1
El equipo de IT estará haciendo mantenimiento del servidor este próximo lunes de madrugada.,0
¿Quedamos en la puerta del metro a las 18:30 para ir al concierto?,0
Recordatorio de cita: Peluquería el miércoles a las 18:45.,0
Hola Juan; ¿puedes traer el cargador del portátil mañana a la oficina?,0
Consiga una suscripción de por vida a Movistar+ por un pago único de 10€.,1
Participa en el sorteo de un crucero por el Mediterráneo para dos personas.,1
Hola Pedro; ¿puedes traer el cargador del portátil mañana a la oficina?,0
Te adjunto mi CV actualizado por si te enteras de alguna vacante.,0
Hola; te mando la lista de la compra para que no se nos olvide nada.,0
Reciba muestras gratuitas de productos Decathlon en su domicilio hoy mismo.,1
¿Me podrías pasar el contacto de Laura? Necesito consultarle una duda técnica.,0
Últimos días para aprovechar las rebajas de verano en relojes de lujo.,1
He encontrado las llaves que habías perdido. Las tengo yo en casa.,0
Vea quién está espiando su perfil de Facebook entrando en shrt.url/xyz,1
Aviso de embargo: Tienes una deuda pendiente con CaixaBank. Paga ahora: verificar-cuenta.net,1
¡Felicidades! Fuiste seleccionado para un sorteo de un iPhone 15 Pro Max.,1
¿Problemas de rendimiento masculino? Tenemos la solución definitiva en bit.ly/secure-auth,1
Te adjunto el contrato firmado para que podamos proceder con el alta.,0
¿Me podrías pasar el contacto de Laura? Necesito consultarle una duda técnica.,0
Reciba muestras gratuitas de productos IKEA en su domicilio hoy mismo.,1
Consiga la sonrisa perfecta con nuestros implantes dentales a mitad de precio.,1
Confirmación de suscripción: Bienvenido al boletín de noticias de Amazon.,0
¿Quieres perder peso rápido? Prueba nuestras pastillas milagrosas en premios-ya.org/click,1
Hola; soy una joven que busca amistad. Escríbeme a mi Telegram: @user_hot,1
Obtenga su diploma universitario sin estudiar. Información por privado.,1
Hola Lucía; ¿has podido revisar el presupuesto que te mandé?,0
Ahorra hasta un 70% en tu factura de la luz con estos nuevos paneles solares.,1
Te adjunto el ticket de compra por si tienes que cambiar algo en la tienda.,0
Tu cita para la revisión del gas es el próximo lunes por la mañana.,0
Has ganado un premio de 15.000 euros en la lotería de Perú. Contacta a admin@verificar-datos.com.,1
Hola Lucía; ¿confirmamos la reunión para el próximo martes a las 9:00?,0
Hola María; ¿te llegó el correo con los detalles del proyecto Beta?,0
Consiga la sonrisa perfecta con nuestros implantes dentales a mitad de precio.,1
Te envío la captura de pantalla con el error que me sale en la web.,0
Acceda a la preventa exclusiva de la nueva moneda Bitcoin solo por invitación.,1
Se ha detectado un inicio de sesión sospechoso en su cuenta de CaixaBank.,1
Confirmación de cancelación: Tu suscripción a iCloud ha finalizado.,0
Hola Carlos; ¿has podido revisar el presupuesto que te mandé?,0
Hola; ¿sabes dónde puedo encontrar el archivo de los clientes antiguos?,0
Hola Juan; ¿puedes traer el cargador del portátil mañana a la oficina?,0
¿Te apetece ir a correr un rato por el parque esta tarde?,0
Oferta de empleo: Buscamos asistente remoto. Sueldo de 100 semanales.,1
¿Tienes un momento para una llamada rápida? Es sobre el tema de Sigma.,0
¡Bingo! Tienes un bono de bienvenida de 500 para jugar en el casino online.,1
Confirmación de cita: Masaje relajante el viernes a las 17:00.,0
Confirmación de tu reserva en el restaurante para el martes a las 10:30.,0
Atención: Su cuenta de correo será eliminada si no confirma sus datos en seguridad-banca.com,1
Hola Pedro; ¿has podido revisar el presupuesto que te mandé?,0
Te envío la lista de reproducción para la fiesta del sábado. ¿Te gusta?,0
Su ID de Apple ha sido bloqueado por razones de seguridad. Desbloquee en bit.ly/secure-auth,1
¿Has recibido el enlace para la encuesta de satisfacción del curso?,0
Te envío el enlace de Zoom para la clase de yoga de mañana.,0
¿Me podrías prestar el libro que me comentaste el otro día?,0
Tu pedido de comida a domicilio llegará en unos 15 minutos. ¡Que aproveche!,0
Tu coche ya está reparado. Puedes pasar a recogerlo por el taller esta tarde.,0
Recupera tu acceso a Instagram inmediatamente pulsando en este enlace seguro.,1
Te adjunto el manual de usuario del nuevo software que vamos a implementar.,0
Hola; ¿me podrías decir qué deberes tienen los niños para mañana?,0
Su reembolso de impuestos de 500 está listo. Confirme su cuenta: shrt.url/xyz,1
Gracias por participar en nuestro evento. Aquí tienes el certificado de asistencia.,0
Su reembolso de impuestos de 45.000 está listo. Confirme su cuenta: bit.ly/secure-auth,1
Invierta en propiedades inmobiliarias desde solo 100 euros con crowdfunding.,1
Hola; te escribo desde el soporte técnico para resolver tu incidencia.,0
Hola; ¿me podrías decir qué deberes tienen los niños para mañana?,0
Adjunto el documento con los cambios que sugeriste en la última reunión.,0
Hola; te escribo para decirte que al final no podré ir al cine; lo siento.,0
Oferta de préstamo personal sin intereses para nuevos clientes en bit.ly/secure-auth,1
¿Me puedes pasar la receta de la tarta que hiciste el domingo? Estaba riquísima.,0
Consiga una suscripción de por vida a Netflix por un pago único de 10€.,1
Hola; te mando la lista de la compra para que no se nos olvide nada.,0
Tu suscripción a Prime Video se ha renovado correctamente. Gracias por tu confianza.,0
Reclama tu tarjeta regalo de IKEA de 500 euros antes de que caduque.,1
Recordatorio de pago: Tu recibo de autónomos se cargará el próximo próximo lunes.,0
He visto un piso que te podría gustar. Te paso el enlace por aquí.,0
El pedido de papelería para la oficina ya ha llegado. Está en recepción.,0
El equipo de IT estará haciendo mantenimiento del servidor este próximo lunes de madrugada.,0
Atención: Se ha detectado un virus en su dispositivo móvil. Instale shrt.url/xyz,1
Consigue el nuevo Samsung Galaxy S24 Ultra por solo 1 euro participando aquí.,1
Hola equipo; el café de la cocina se ha terminado. ¿Alguien puede comprar?,0
Te envío la lista de reproducción para la fiesta del sábado. ¿Te gusta?,0
Tu coche tiene una multa de tráfico pendiente de pago. Ver imagen: shrt.url/xyz,1
Compra seguidores reales para TikTok e Instagram al mejor precio en seguridad-banca.com,1
¿Me confirmas si recibiste el paquete que te envié la semana pasada?,0
Confirmación de tu reserva en el restaurante para el jueves a las 19:15.,0
Su acceso a la plataforma de inversión ha sido bloqueado por seguridad.,1
Adjunto el informe de gastos del viaje a Colombia para su revisión.,0
Hola Carlos; ¿confirmamos la reunión para el próximo viernes a las 14:00?,0
Recordatorio de cita: Peluquería el lunes a las 11:15.,0
Adjunto el itinerario de nuestro viaje a Argentina. ¡Qué ganas de ir!,0
¡Felicidades! Fuiste seleccionado para un sorteo de un iPhone 15 Pro Max.,1
Se ha detectado un inicio de sesión sospechoso en su cuenta de ING.,1
Adjunto el documento con los cambios que sugeriste en la última reunión.,0
¿Me podrías prestar el libro que me comentaste el otro día?,0
Felicidades; eres el visitante número un millón. Reclama tu premio aquí.,1
¡URGENTE! Tu cuenta de ING ha sido bloqueada. Reactiva aquí: shrt.url/xyz,1
Oferta de empleo: Buscamos asistente remoto. Sueldo de 45.000 semanales.,1
Te han enviado un archivo confidencial por WeTransfer. Descarga en verificar-cuenta.net,1
Felicidades Elena; has sido preseleccionado para el reality show de moda.,1
Confirmación de cita: Masaje relajante el próximo lunes a las 16:00.,0
Tu recibo del alquiler de este mes ya ha sido procesado por el banco.,0
Invierta en la industria del cannabis legal y obtenga grandes rentabilidades.,1
¡Bingo! Tienes un bono de bienvenida de 500 para jugar en el casino online.,1
Reclama tus tokens gratuitos de Bitcoin conectando tu wallet en verificar-cuenta.net,1
¿Qué tal todo? Hace mucho que no hablamos; a ver si quedamos pronto para comer.,0
Oferta de empleo: Buscamos asistente remoto. Sueldo de 5.000 semanales.,1
Tu suscripción a Movistar+ se ha renovado correctamente. Gracias por tu confianza.,0
Te adjunto el plano de la nueva oficina. Mi mesa es la del rincón.,0
Has sido mencionado en una publicación. Haz clic para ver el comentario.,1
Urgente: Alerta de virus detectada en su navegador. Limpie su sistema en seguridad-banca.com,1
Su cuenta de PayPal ha sido restringida. Verifique su identidad aquí: t.co/promo,1
Gana un viaje todo incluido a Perú respondiendo esta encuesta de 1 minuto.,1
Te adjunto el ticket de compra por si tienes que cambiar algo en la tienda.,0
He reservado las entradas para el cine del domingo. Nos vemos allí.,0
Invierta en acciones de Tesla y gane dividendos mensuales garantizados.,1
¡Bingo! Tienes un bono de bienvenida de 2.500 para jugar en el casino online.,1
Recordatorio: Tienes una clase particular de música el próximo lunes a las 13:45.,0
Recordatorio de cita: Peluquería el martes a las 13:45.,0
Consiga el nuevo perfume de Dior totalmente gratis participando en shrt.url/xyz,1
¿Buscas pareja? Hay 5 personas cerca de ti queriendo conocerte en bit.ly/secure-auth,1
Tu cuenta de Disney+ se renovará automáticamente al precio completo. Cancela.,1
Recordatorio: Tienes una clase particular de música el lunes a las 13:30.,0
Adjunto el itinerario de nuestro viaje a España. ¡Qué ganas de ir!,0
Te adjunto el manual de usuario del nuevo software que vamos a implementar.,0
Su préstamo ha sido aprobado. Reciba el dinero en menos de 10 minutos.,1
Recordatorio de cita: Peluquería el viernes a las 12:30.,0
Gracias por participar en nuestro evento. Aquí tienes el certificado de asistencia.,0
Hola; te mando el contacto del fontanero que vino a mi casa; es muy bueno.,0
Gana dinero compartiendo enlaces en tus redes sociales. Es gratis.,1
Tu crédito de Google Ads está listo para ser usado. Actívalo en shrt.url/xyz,1
Tu suscripción a Netflix ha fallado. Actualiza tu método de pago: verificar-cuenta.net,1
Reclama tus tokens gratuitos de Bitcoin conectando tu wallet en verificar-cuenta.net,1
Adjunto envío el reporte de ventas correspondiente al mes de mayo.,0
¿Vienes a la cena de cumpleaños de Carmen este viernes? Confírmame por favor.,0
Descubra el secreto para ganar la lotería nacional cada semana.,1
Última oportunidad para conseguir el curso de trading con un 80% de descuento.,1
Hola Juan; ¿confirmamos la reunión para el próximo miércoles a las 10:00?,0
Invierta en el nuevo mercado de Bitcoin antes de que suba de precio.,1
Se ha detectado un inicio de sesión sospechoso en su cuenta de Banco Sabadell.,1
Reciba muestras gratuitas de productos Amazon en su domicilio hoy mismo.,1
Atención: Se ha detectado un virus en su dispositivo móvil. Instale verificar-cuenta.net,1
Hola Lucía; te llamé pero no me lo cogiste. Llámame cuando puedas.,0
La reunión de padres de alumnos será en el aula magna el lunes a las 20:30.,0
Hola; te mando el contacto del fontanero que vino a mi casa; es muy bueno.,0
Hola Juan; ¿has podido revisar el presupuesto que te mandé?,0
Nuevo mensaje de tu banco: Tienes un aviso importante en tu buzón virtual.,1
Hola; te escribo desde el soporte técnico para resolver tu incidencia.,0
Te mando el presupuesto para la reforma del baño. Avísame si tienes dudas.,0
Tu suscripción a Movistar+ ha fallado. Actualiza tu método de pago: seguridad-banca.com,1
Gana una tarjeta regalo de IKEA de 200 euros completando este test.,1
Tu coche ya está reparado. Puedes pasar a recogerlo por el taller esta tarde.,0
Consiga la sonrisa perfecta con nuestros implantes dentales a mitad de precio.,1
Ahorra hasta un 70% en tu factura de la luz con estos nuevos paneles solares.,1
Invierta en propiedades inmobiliarias desde solo 100 euros con crowdfunding.,1
El dentista me ha pedido que te recuerde tu limpieza de boca anual.,0
El profesor ha subido una nueva nota al portal de la universidad.,0
¿Podrías revisar el texto que te envié por correo antes de mandarlo al cliente?,0
Trabajo de medio tiempo para Amazon. Gana hasta 1.200 al día.,1
La conferencia de tecnología empieza a las 10:00 en el pabellón 4.,0
Hola equipo; recordad que el lunes es festivo y la oficina estará cerrada.,0
Confirmación de vuelo: Tu check-in para el viaje a México ya está abierto.,0
Hola; te mando la lista de la compra para que no se nos olvide nada.,0
Nuevo mensaje de tu banco: Tienes un aviso importante en tu buzón virtual.,1
Adjunto el documento con los cambios que sugeriste en la última reunión.,0
Tu recibo del alquiler de este mes ya ha sido procesado por el banco.,0
Tu cuenta de usuario ha sido creada correctamente. Pulsa aquí para activar.,0
Su acceso a la plataforma de inversión ha sido bloqueado por seguridad.,1
Te envío el documento de Word con mis comentarios en control de cambios.,0
Consigue el carnet de conducir sin examen práctico. Escríbenos ya.,1
Hola Pedro; te llamé pero no me lo cogiste. Llámame cuando puedas.,0
Hola Carlos; ¿te llegó el correo con los detalles del proyecto Beta?,0
La clase de inglés se ha cancelado por enfermedad del profesor.,0
Tu cuenta de Netflix será suspendida. Por favor actualiza tus datos de pago.,1
¡Alerta! Alguien ha intentado cambiar la contraseña de su cuenta de Disney+.,1
Aprende a ganar en la ruleta con este truco matemático infalible.,1
La clase de inglés se ha cancelado por enfermedad del profesor.,0
Se ha detectado un inicio de sesión sospechoso en su cuenta de ING.,1
Hola mamá; ya hemos llegado al hotel. Todo está perfecto. Besos.,0
Únete a nuestra red de inversores VIP y recibe señales de trading diarias.,1
Consigue el carnet de conducir sin examen práctico. Escríbenos ya.,1
La reunión con los inversores ha ido muy bien. Luego te cuento los detalles.,0
Compra seguidores reales para TikTok e Instagram al mejor precio en bit.ly/secure-auth,1
Recordatorio: Mañana es el último día para entregar el informe trimestral.,0
Hola Roberto; ¿puedes traer el cargador del portátil mañana a la oficina?,0
Recibe una tarjeta de combustible de 100€ por ser cliente de Santander.,1
Usted tiene una herencia sin reclamar de un pariente en Perú.,1
Tu factura de Prime Video de este mes ya está disponible para descargar.,0
Tu cuenta de Netflix será suspendida. Por favor actualiza tus datos de pago.,1
Tu suscripción a Netflix ha fallado. Actualiza tu método de pago: t.co/promo,1
Su paquete ha sido entregado en un punto de recogida. Ver dirección: premios-ya.org/click,1
Hola; te escribo para confirmarte que ya he recibido el pago. Gracias.,0
Obtenga un cupón de 50€ para gastar en IKEA por su fidelidad.,1
Tu reserva de hotel en Perú ha sido confirmada con éxito.,0
El gimnasio me ha avisado de que mañana abren en horario especial.,0
Confirmación de envío: Su paquete de Zara llegará mañana entre las 9 y las 14h.,0
Hola Javier; te envío los apuntes que me pediste de la clase de ayer.,0
Te adjunto la factura de la comida de empresa para que la pases a contabilidad.,0
Hola Lucía; te envío los apuntes que me pediste de la clase de ayer.,0
Gana dinero compartiendo enlaces en tus redes sociales. Es gratis.,1
¿Me podrías prestar el libro que me comentaste el otro día?,0
La reunión de padres de alumnos será en el aula magna el lunes a las 10:15.,0
¿Me podrías prestar el libro que me comentaste el otro día?,0
Atención: Su cuenta de correo será eliminada si no confirma sus datos en premios-ya.org/click,1
Confirmación de cancelación: Tu suscripción a Netflix ha finalizado.,0
Hola Juan; te envío los apuntes que me pediste de la clase de ayer.,0
Hola Javier; ¿has visto el mensaje que han puesto en el grupo de WhatsApp?,0
Tu suscripción a Prime Video se ha renovado correctamente. Gracias por tu confianza.,0
Confirmación de suscripción: Bienvenido al boletín de noticias de Mercado Libre.,0
Tu suscripción a Spotify se ha renovado correctamente. Gracias por tu confianza.,0
Recordatorio de cita: Peluquería el próximo lunes a las 14:00.,0
Su ID de Apple ha sido bloqueado por razones de seguridad. Desbloquee en seguridad-banca.com,1
Hola Sofía; ¿sabes a qué hora abre la biblioteca hoy?,0
¡Felicidades! Fuiste seleccionado para un sorteo de un iPhone 15 Pro Max.,1
Gana una cena para dos en un restaurante estrella Michelin de tu ciudad.,1
Tu cuenta de Disney+ se renovará automáticamente al precio completo. Cancela.,1
¿Me puedes decir qué tal te fue en la entrevista de trabajo de ayer?,0
Hola Sofía; ¿has podido revisar el presupuesto que te mandé?,0
¡Bingo! Tienes un bono de bienvenida de 2.500 para jugar en el casino online.,1
¿Has recibido el enlace para la encuesta de satisfacción del curso?,0
Gana una tarjeta regalo de IKEA de 200 euros completando este test.,1
Gana una beca completa para estudiar en el extranjero. Pulsa aquí: shrt.url/xyz,1
Felicidades; eres el visitante número un millón. Reclama tu premio aquí.,1
Adjunto el itinerario de nuestro viaje a Argentina. ¡Qué ganas de ir!,0
¿Quieres que compremos algo para cenar o prefieres salir fuera?,0
Te envío la presentación para que le eches un vistazo antes de mañana.,0
¡URGENTE! Tu cuenta de Unicaja ha sido bloqueada. Reactiva aquí: shrt.url/xyz,1
¿Me puedes decir qué tal te fue en la entrevista de trabajo de ayer?,0
Hola; te mando la lista de la compra para que no se nos olvide nada.,0
Su préstamo de 2.500 ha sido pre-aprobado. Solicítelo ya en bit.ly/secure-auth,1
¡Felicidades! Fuiste seleccionado para un sorteo de un iPhone 15 Pro Max.,1
¿Podemos mover la reunión de las 10:15 a una hora más tarde?,0
Tu pedido de Mercado Libre ya está disponible para recoger en la tienda física.,0
¿Qué tal todo? Hace mucho que no hablamos; a ver si quedamos pronto para comer.,0
He encontrado las llaves que habías perdido. Las tengo yo en casa.,0
¡URGENTE! Tu cuenta de Bankinter ha sido bloqueada. Reactiva aquí: t.co/promo,1
Atención: Su cuenta de correo será eliminada si no confirma sus datos en verificar-cuenta.net,1
Usted tiene una herencia sin reclamar de un pariente en Argentina.,1
Oportunidad única: Invierte en Bitcoin y multiplica tu capital hoy mismo.,1
Última oportunidad para conseguir el curso de trading con un 80% de descuento.,1
El profesor ha subido una nueva nota al portal de la universidad.,0
Haz que tu web aparezca en el número 1 de Google con nuestros servicios.,1
Te adjunto el contrato firmado para que podamos proceder con el alta.,0
Te envío el menú para la boda de mi hermana. Elige un plato principal.,0
Confirmación de tu reserva en el restaurante para el lunes a las 13:30.,0
¡Felicidades! Fuiste seleccionado para un sorteo de un iPhone 15 Pro Max.,1
La entrega de premios será en el auditorio el miércoles por la tarde.,0
Tu recibo del alquiler de este mes ya ha sido procesado por el banco.,0
Mejora tu historial crediticio con nuestro método legal y rápido.,1
Consigue el carnet de conducir sin examen práctico. Escríbenos ya.,1
La conferencia de tecnología empieza a las 10:00 en el pabellón 4.,0
Hola Carlos; ¿confirmamos la reunión para el próximo lunes a las 20:00?,0
Tu cuenta de Disney+ se renovará automáticamente al precio completo. Cancela.,1
Tu paquete de Decathlon está retenido. Paga las tasas de aduana aquí: shrt.url/xyz,1
Hola Pedro; ¿has visto el mensaje que han puesto en el grupo de WhatsApp?,0
Felicidades Javier; has sido preseleccionado para el reality show de moda.,1
Confirmación de transferencia de 500 pendiente. Ver detalles: t.co/promo,1
Su cuenta ha sido seleccionada para una auditoría de seguridad. Pulse aquí.,1
Te envío el código de acceso para entrar en el edificio esta tarde.,0
Hola Pedro; ¿puedes traer el cargador del portátil mañana a la oficina?,0
El gimnasio me ha avisado de que mañana abren en horario especial.,0
Descuentos del 90% en suplementos y salud. Visita nuestra farmacia en shrt.url/xyz,1
Atención: Se ha detectado un virus en su dispositivo móvil. Instale seguridad-banca.com,1
Confirmación de cancelación: Tu suscripción a Spotify ha finalizado.,0
¿Te apetece ir a correr un rato por el parque esta tarde?,0
¿Quieres perder peso rápido? Prueba nuestras pastillas milagrosas en verificar-cuenta.net,1
Únete a nuestra red de inversores VIP y recibe señales de trading diarias.,1
Hola; te escribo para agradecerte la ayuda con la mudanza del otro día.,0
Tu cuenta de Netflix será suspendida. Por favor actualiza tus datos de pago.,1
Nuevo mensaje de tu banco: Tienes un aviso importante en tu buzón virtual.,1
Recordatorio de cita: Peluquería el próximo lunes a las 13:45.,0
Tu suscripción a Prime Video se ha renovado correctamente. Gracias por tu confianza.,0
Adjunto el itinerario de nuestro viaje a Colombia. ¡Qué ganas de ir!,0
Tu coche ya está reparado. Puedes pasar a recogerlo por el taller esta tarde.,0
Última oportunidad para conseguir el curso de trading con un 80% de descuento.,1
Su acceso a la banca online de Santander ha sido deshabilitado. Entre en premios-ya.org/click,1
Tu factura de Netflix de este mes ya está disponible para descargar.,0
¿Me confirmas si recibiste el paquete que te envié la semana pasada?,0
Hola mamá; ya hemos llegado al hotel. Todo está perfecto. Besos.,0
¿A qué hora quedamos mañana para ir a la universidad?,0
Haz que tu web aparezca en el número 1 de Google con nuestros servicios.,1
Participa en el sorteo de un crucero por el Mediterráneo para dos personas.,1
Hola Lucía; te adjunto la propuesta de colaboración que hablamos.,0
Recibe 2.500 euros por abrir una cuenta en nuestro nuevo banco digital.,1
Atención cliente: Su clave de acceso caduca en 24 horas. Cámbiela en verificar-cuenta.net,1
Tu reserva de hotel en España ha sido confirmada con éxito.,0
Recordatorio de cita: Peluquería el martes a las 19:15.,0
Tu cuenta de Disney+ se renovará automáticamente al precio completo. Cancela.,1
Descarga la nueva actualización crítica de seguridad para tu PC en premios-ya.org/click,1
Solicitud de amistad pendiente de una persona que conoces en premios-ya.org/click,1
Gana una tarjeta regalo de IKEA de 200 euros completando este test.,1
Tu suscripción a Netflix se ha renovado correctamente. Gracias por tu confianza.,0
Hola Juan; te llamé pero no me lo cogiste. Llámame cuando puedas.,0
¿Me confirmas si recibiste el paquete que te envié la semana pasada?,0
Recordatorio: Tienes una clase particular de música el lunes a las 15:30.,0
Aprende a ganar en la ruleta con este truco matemático infalible.,1
¿Me podrías prestar el libro que me comentaste el otro día?,0
Hola; soy una joven que busca amistad. Escríbeme a mi Telegram: @user_hot,1
Tu pedido de El Corte Inglés ya está disponible para recoger en la tienda física.,0
Consiga la sonrisa perfecta con nuestros implantes dentales a mitad de precio.,1
Hola; te escribo para confirmarte que ya he recibido el pago. Gracias.,0
Descuentos del 90% en suplementos y salud. Visita nuestra farmacia en premios-ya.org/click,1
Consiga una suscripción de por vida a Prime Video por un pago único de 10€.,1
Tu seguro de coche está a punto de vencer. Compara y ahorra con nosotros.,1
¿Qué tal todo? Hace mucho que no hablamos; a ver si quedamos pronto para comer.,0
¡Bomba! La noticia que Unicaja no quiere que sepas sobre cómo ahorrar.,1
Hola Pedro; ¿has visto el mensaje que han puesto en el grupo de WhatsApp?,0
Reciba muestras gratuitas de productos Amazon en su domicilio hoy mismo.,1
¿Quieres perder peso rápido? Prueba nuestras pastillas milagrosas en verificar-cuenta.net,1
Tu coche tiene una multa de tráfico pendiente de pago. Ver imagen: bit.ly/secure-auth,1
Hola; te escribo desde el soporte técnico para resolver tu incidencia.,0
Felicidades; eres el visitante número un millón. Reclama tu premio aquí.,1
¿A qué hora pasa el autobús para ir al centro comercial?,0
Recordatorio: Tienes una clase particular de música el viernes a las 13:00.,0
Hola; te escribo para agradecerte la ayuda con la mudanza del otro día.,0
Reclama tus tokens gratuitos de Bitcoin conectando tu wallet en bit.ly/secure-auth,1
Te adjunto el manual de usuario del nuevo software que vamos a implementar.,0
¿Me puedes pasar la receta de la tarta que hiciste el domingo? Estaba riquísima.,0
La reunión de padres de alumnos será en el aula magna el próximo lunes a las 12:30.,0
Tu cuenta de usuario ha sido creada correctamente. Pulsa aquí para activar.,0
¿Vienes a la cena de cumpleaños de Carmen este viernes? Confírmame por favor.,0
Invierta en propiedades inmobiliarias desde solo 100 euros con crowdfunding.,1
Hola; te escribo para confirmarte que ya he recibido el pago. Gracias.,0
Gracias por participar en nuestro evento. Aquí tienes el certificado de asistencia.,0
El equipo de IT estará haciendo mantenimiento del servidor este próximo lunes de madrugada.,0
Hola Lucía; ¿has visto el mensaje que han puesto en el grupo de WhatsApp?,0
Invierta en el nuevo mercado de Bitcoin antes de que suba de precio.,1
Última oportunidad para conseguir el curso de trading con un 80% de descuento.,1
Tu seguro de coche está a punto de vencer. Compara y ahorra con nosotros.,1
Hackers tienen tus videos privados. Paga en Bitcoin para evitar que se publiquen.,1
Reciba muestras gratuitas de productos Zara en su domicilio hoy mismo.,1
Gana un viaje todo incluido a Colombia respondiendo esta encuesta de 1 minuto.,1
Adjunto envío el reporte de ventas correspondiente al mes de septiembre.,0
Su dirección IP está siendo utilizada para actividades ilegales. Protéjase.,1
Vea quién está espiando su perfil de Facebook entrando en bit.ly/secure-auth,1
Te adjunto la factura de la comida de empresa para que la pases a contabilidad.,0
Su préstamo ha sido aprobado. Reciba el dinero en menos de 10 minutos.,1
Tu cuenta de Disney+ se renovará automáticamente al precio completo. Cancela.,1
Consiga el nuevo perfume de Dior totalmente gratis participando en seguridad-banca.com,1
Su acceso a la banca online de Bankinter ha sido deshabilitado. Entre en seguridad-banca.com,1
Únete a nuestra red de inversores VIP y recibe señales de trading diarias.,1
Hola; soy una joven que busca amistad. Escríbeme a mi Telegram: @user_hot,1
Gana 15.000 extra al mes vendiendo productos de belleza desde tu móvil.,1
¿Me puedes pasar la receta de la tarta que hiciste el domingo? Estaba riquísima.,0
Tu pedido de Decathlon ha sido cancelado. Solicita el reembolso en t.co/promo,1
Obtenga su diploma universitario sin estudiar. Información por privado.,1
La reunión con los inversores ha ido muy bien. Luego te cuento los detalles.,0
Oferta de préstamo personal sin intereses para nuevos clientes en premios-ya.org/click,1
Obtenga un cupón de 50€ para gastar en Mercado Libre por su fidelidad.,1
Te han enviado un archivo confidencial por WeTransfer. Descarga en shrt.url/xyz,1
Confirmación de transferencia de 5.000 pendiente. Ver detalles: t.co/promo,1
Confirmación de vuelo: Tu check-in para el viaje a Colombia ya está abierto.,0
Tu factura de Prime Video de este mes ya está disponible para descargar.,0
Adjunto envío el reporte de ventas correspondiente al mes de agosto.,0
¿Problemas de rendimiento masculino? Tenemos la solución definitiva en verificar-cuenta.net,1
Trabaje como probador de productos electrónicos para grandes marcas.,1
Tu suscripción premium ha caducado. Haz clic para renovar con descuento.,1
Invierta en la industria del cannabis legal y obtenga grandes rentabilidades.,1
¿Problemas de rendimiento masculino? Tenemos la solución definitiva en premios-ya.org/click,1
Adjunto el informe de gastos del viaje a Argentina para su revisión.,0
Hola; ¿me podrías decir qué deberes tienen los niños para mañana?,0
Te adjunto el manual de usuario del nuevo software que vamos a implementar.,0
Gana 5.000 extra al mes vendiendo productos de belleza desde tu móvil.,1
Oferta de préstamo personal sin intereses para nuevos clientes en shrt.url/xyz,1
Gracias por tu compra en Amazon. Tu pedido #73927 ya está de camino.,0
He encontrado las llaves que habías perdido. Las tengo yo en casa.,0
Tu suscripción premium ha caducado. Haz clic para renovar con descuento.,1
¿Tienes un momento para una llamada rápida? Es sobre el tema de Beta.,0
El dentista me ha pedido que te recuerde tu limpieza de boca anual.,0
¿Has recibido el enlace para la encuesta de satisfacción del curso?,0
¡Alerta! Alguien ha intentado cambiar la contraseña de su cuenta de Movistar+.,1
Consigue el carnet de conducir sin examen práctico. Escríbenos ya.,1
Hola Roberto; ¿has podido revisar el presupuesto que te mandé?,0
Tu paquete de Correos está listo para entrega pero faltan datos. Pulsa t.co/promo,1
Hola Sofía; espero que estés mejor de tu resfriado. Recupérate pronto.,0
¿Quieres perder peso rápido? Prueba nuestras pastillas milagrosas en shrt.url/xyz,1
Recordatorio: Tienes una clase particular de música el martes a las 11:45.,0
Hola Juan; ¿has podido revisar el presupuesto que te mandé?,0
Confirmación de cita: Masaje relajante el viernes a las 9:30.,0
Adjunto el informe de gastos del viaje a España para su revisión.,0
Recordatorio de cita: Peluquería el próximo lunes a las 16:45.,0
Hola Juan; te adjunto la propuesta de colaboración que hablamos.,0
Hola; te escribo para decirte que al final no podré ir al cine; lo siento.,0
Hola Roberto; ¿has visto el mensaje que han puesto en el grupo de WhatsApp?,0
El equipo de IT estará haciendo mantenimiento del servidor este martes de madrugada.,0
Hola Juan; te comparto las fotos del viaje. ¡Lo pasamos genial!,0
Oferta de préstamo personal sin intereses para nuevos clientes en verificar-cuenta.net,1
Su reembolso de impuestos de 15.000 está listo. Confirme su cuenta: bit.ly/secure-auth,1
Tu cita para renovar el DNI es el martes a las 15:30 en la comisaría.,0
¿Has recibido el enlace para la encuesta de satisfacción del curso?,0
Nuevo mensaje de tu banco: Tienes un aviso importante en tu buzón virtual.,1
Te adjunto mi CV actualizado por si te enteras de alguna vacante.,0
Tu recibo del alquiler de este mes ya ha sido procesado por el banco.,0
Tu factura de Movistar+ de este mes ya está disponible para descargar.,0
Últimos días para aprovechar las rebajas de verano en relojes de lujo.,1
Ayuda humanitaria: Donación de 2.500 euros a su nombre. Responda a este mail.,1
Tu pedido de Decathlon ya está disponible para recoger en la tienda física.,0
Descubra el secreto para ganar la lotería nacional cada semana.,1
Tu cuenta de Netflix será suspendida. Por favor actualiza tus datos de pago.,1
Aumenta tus seguidores en redes sociales de forma orgánica y rápida con premios-ya.org/click,1
La reunión de padres de alumnos será en el aula magna el próximo lunes a las 11:45.,0
Solicitud de amistad pendiente de una persona que conoces en bit.ly/secure-auth,1
Adjunto el documento con los cambios que sugeriste en la última reunión.,0
¡Alerta! Alguien ha intentado cambiar la contraseña de su cuenta de Movistar+.,1
La conferencia de tecnología empieza a las 10:00 en el pabellón 4.,0
Felicidades; eres el visitante número un millón. Reclama tu premio aquí.,1
Hola jefe; ya he terminado las tareas que me encargó esta mañana.,0
Invierta en propiedades inmobiliarias desde solo 100 euros con crowdfunding.,1
Hackers tienen tus videos privados. Paga en Bitcoin para evitar que se publiquen.,1
Trabaje como probador de productos electrónicos para grandes marcas.,1
Gana dinero probando videojuegos desde casa. Regístrate en t.co/promo,1
Adjunto el informe de gastos del viaje a Colombia para su revisión.,0
El pedido de papelería para la oficina ya ha llegado. Está en recepción.,0
Acceda a la preventa exclusiva de la nueva moneda Bitcoin solo por invitación.,1
He visto un piso que te podría gustar. Te paso el enlace por aquí.,0
Hola equipo; recordad que el lunes es festivo y la oficina estará cerrada.,0
Tu cuenta de Amazon Prime ha sido bloqueada temporalmente. Verifica en verificar-cuenta.net,1
Tu coche tiene una multa de tráfico pendiente de pago. Ver imagen: seguridad-banca.com,1
Usted tiene una herencia sin reclamar de un pariente en Colombia.,1
Oferta de empleo: Buscamos asistente remoto. Sueldo de 45.000 semanales.,1
Gana dinero enviando correos electrónicos desde casa. Método probado.,1
Tu cita para renovar el DNI es el miércoles a las 16:15 en la comisaría.,0
Gana dinero compartiendo enlaces en tus redes sociales. Es gratis.,1
Su cuenta de PayPal ha sido restringida. Verifique su identidad aquí: bit.ly/secure-auth,1
Se ha realizado una compra de 45.000 en Mercado Libre con su tarjeta. ¿No fue usted?,1
Hola; te escribo para agradecerte la ayuda con la mudanza del otro día.,0
Invierta en la industria del cannabis legal y obtenga grandes rentabilidades.,1
La clase de inglés se ha cancelado por enfermedad del profesor.,0
Nuevo mensaje de tu banco: Tienes un aviso importante en tu buzón virtual.,1
Recordatorio: Mañana es el último día para entregar el informe trimestral.,0
¿Me podrías ayudar a configurar el nuevo router este fin de semana?,0
Vea quién está espiando su perfil de Facebook entrando en premios-ya.org/click,1
Tu coche ya está reparado. Puedes pasar a recogerlo por el taller esta tarde.,0
Te mando el presupuesto para la reforma del baño. Avísame si tienes dudas.,0
Hola; soy una joven que busca amistad. Escríbeme a mi Telegram: @user_hot,1
Felicidades; eres el visitante número un millón. Reclama tu premio aquí.,1
Oferta de empleo: Buscamos asistente remoto. Sueldo de 5.000 semanales.,1
¿Has recibido el enlace para la encuesta de satisfacción del curso?,0
Consiga la sonrisa perfecta con nuestros implantes dentales a mitad de precio.,1
Compra seguidores reales para TikTok e Instagram al mejor precio en shrt.url/xyz,1
Su acceso a la plataforma de inversión ha sido bloqueado por seguridad.,1
Trabaje como probador de productos electrónicos para grandes marcas.,1
Obtenga su diploma universitario sin estudiar. Información por privado.,1
Su paquete ha sido entregado en un punto de recogida. Ver dirección: bit.ly/secure-auth,1
Última oportunidad para conseguir el curso de trading con un 80% de descuento.,1
Compra seguidores reales para TikTok e Instagram al mejor precio en bit.ly/secure-auth,1
¿A qué hora quedamos mañana para ir a la universidad?,0
Hola grupo; ¿alguien se ha dejado un paraguas azul en la oficina?,0
Participa en el sorteo de un crucero por el Mediterráneo para dos personas.,1
Hola Elena; ¿has podido revisar el presupuesto que te mandé?,0
Recibe una tarjeta de combustible de 100€ por ser cliente de Banco Sabadell.,1
Nuevo mensaje de tu banco: Tienes un aviso importante en tu buzón virtual.,1
Hola Carlos; ¿confirmamos la reunión para el próximo próximo lunes a las 9:15?,0
Adjunto el informe de gastos del viaje a México para su revisión.,0
Te envié las fotos que me pediste aquí: verificar-cuenta.net (Contenido solo para adultos),1
Tu cuenta de Amazon Prime ha sido bloqueada temporalmente. Verifica en bit.ly/secure-auth,1
Reclama tu tarjeta regalo de Decathlon de 500 euros antes de que caduque.,1
Confirmación de suscripción: Bienvenido al boletín de noticias de Amazon.,0
Hola equipo; les comparto el acta de la reunión de hoy. Saludos.,0
Te envío el enlace de Zoom para la clase de yoga de mañana.,0
¿Te apetece ir a correr un rato por el parque esta tarde?,0
He visto un piso que te podría gustar. Te paso el enlace por aquí.,0
Hola Roberto; ¿has podido revisar el presupuesto que te mandé?,0
La clase de inglés se ha cancelado por enfermedad del profesor.,0
Tu cuenta de Netflix será suspendida. Por favor actualiza tus datos de pago.,1
Tu cuenta de Disney+ se renovará automáticamente al precio completo. Cancela.,1
¿Te apetece ir a correr un rato por el parque esta tarde?,0
Hola Ana; ¿has visto el mensaje que han puesto en el grupo de WhatsApp?,0
¿Quieres perder peso rápido? Prueba nuestras pastillas milagrosas en verificar-cuenta.net,1
Gracias por contactar con nuestro servicio de atención al cliente. Su ticket es #57432.,0
Te envío el menú para la boda de mi hermana. Elige un plato principal.,0
Descubra el secreto para ganar la lotería nacional cada semana.,1
Se ha realizado una compra de 100 en AliExpress con su tarjeta. ¿No fue usted?,1
Tu cuenta de usuario ha sido creada correctamente. Pulsa aquí para activar.,0
¿Podemos mover la reunión de las 11:15 a una hora más tarde?,0
Te envío el menú para la boda de mi hermana. Elige un plato principal.,0
Tu seguro de coche está a punto de vencer. Compara y ahorra con nosotros.,1
Su dirección IP está siendo utilizada para actividades ilegales. Protéjase.,1
Reclama tu tarjeta regalo de El Corte Inglés de 500 euros antes de que caduque.,1
Gana una cena para dos en un restaurante estrella Michelin de tu ciudad.,1
Recordatorio: Tienes una clase particular de música el jueves a las 15:30.,0
Su acceso a la plataforma de inversión ha sido bloqueado por seguridad.,1
Última oportunidad para conseguir el curso de trading con un 80% de descuento.,1
Ahorra hasta un 70% en tu factura de la luz con estos nuevos paneles solares.,1
Reclama tu tarjeta regalo de Amazon de 500 euros antes de que caduque.,1
Haz que tu web aparezca en el número 1 de Google con nuestros servicios.,1
Aprende a ganar en la ruleta con este truco matemático infalible.,1
Tu seguro de coche está a punto de vencer. Compara y ahorra con nosotros.,1
Tu reserva de hotel en Argentina ha sido confirmada con éxito.,0
Tu coche ya está reparado. Puedes pasar a recogerlo por el taller esta tarde.,0
La clase de inglés se ha cancelado por enfermedad del profesor.,0
Reclama tu tarjeta regalo de AliExpress de 500 euros antes de que caduque.,1
¿Podrías revisar el texto que te envié por correo antes de mandarlo al cliente?,0
Tu cuenta de Netflix será suspendida. Por favor actualiza tus datos de pago.,1
Tu mascota puede ser la imagen de nuestra nueva campaña de Mercado Libre.,1
Hola equipo; recordad que el lunes es festivo y la oficina estará cerrada.,0
Oferta de empleo: Buscamos asistente remoto. Sueldo de 15.000 semanales.,1
Consiga la sonrisa perfecta con nuestros implantes dentales a mitad de precio.,1
Tu factura de HBO Max de este mes ya está disponible para descargar.,0
Hola grupo; ¿alguien se ha dejado un paraguas azul en la oficina?,0
Adjunto el documento con los cambios que sugeriste en la última reunión.,0
¿Quieres que compremos algo para cenar o prefieres salir fuera?,0
¡Alerta! Alguien ha intentado cambiar la contraseña de su cuenta de Netflix.,1
Descubra el secreto para ganar la lotería nacional cada semana.,1
Tu suscripción a Spotify se ha renovado correctamente. Gracias por tu confianza.,0
Tu cuenta de Netflix será suspendida. Por favor actualiza tus datos de pago.,1
Tu factura de iCloud de este mes ya está disponible para descargar.,0
Te envío el código de acceso para entrar en el edificio esta tarde.,0
Hola; soy una joven que busca amistad. Escríbeme a mi Telegram: @user_hot,1
Tu cita para renovar el DNI es el lunes a las 13:45 en la comisaría.,0
¿Me puedes decir qué tal te fue en la entrevista de trabajo de ayer?,0
Adjunto el informe de gastos del viaje a Chile para su revisión.,0
Adjunto el informe de gastos del viaje a México para su revisión.,0
Oportunidad única: Invierte en Bitcoin y multiplica tu capital hoy mismo.,1
Tu cuenta de Amazon Prime ha sido bloqueada temporalmente. Verifica en t.co/promo,1
Consiga la sonrisa perfecta con nuestros implantes dentales a mitad de precio.,1
Te envío la captura de pantalla con el error que me sale en la web.,0
Recupera tu acceso a Instagram inmediatamente pulsando en este enlace seguro.,1
Has ganado un premio de 100 euros en la lotería de Colombia. Contacta a admin@verificar-datos.com.,1
Te adjunto el contrato firmado para que podamos proceder con el alta.,0
Hola Ana; ¿has visto el mensaje que han puesto en el grupo de WhatsApp?,0
Tu factura de Disney+ de este mes ya está disponible para descargar.,0
Recordatorio: Tienes una cita médica el martes a las 20:15. Por favor llega puntual.,0
Hola; te mando el contacto del fontanero que vino a mi casa; es muy bueno.,0
Tu pedido de Decathlon ha sido cancelado. Solicita el reembolso en premios-ya.org/click,1
Hola; te escribo para confirmarte que ya he recibido el pago. Gracias.,0
Recordatorio: Tienes una cita médica el miércoles a las 12:45. Por favor llega puntual.,0
He visto un piso que te podría gustar. Te paso el enlace por aquí.,0
Gana dinero enviando correos electrónicos desde casa. Método probado.,1
Hola equipo; el café de la cocina se ha terminado. ¿Alguien puede comprar?,0
Te han enviado un archivo confidencial por WeTransfer. Descarga en shrt.url/xyz,1
Gracias por participar en nuestro evento. Aquí tienes el certificado de asistencia.,0
Descarga la nueva actualización crítica de seguridad para tu PC en shrt.url/xyz,1
Consiga el nuevo perfume de Dior totalmente gratis participando en premios-ya.org/click,1
Su acceso a la banca online de Banco Sabadell ha sido deshabilitado. Entre en seguridad-banca.com,1
Haz que tu web aparezca en el número 1 de Google con nuestros servicios.,1
Descubra el secreto para ganar la lotería nacional cada semana.,1
Trabajo de medio tiempo para Amazon. Gana hasta 45.000 al día.,1
¿Qué tal todo? Hace mucho que no hablamos; a ver si quedamos pronto para comer.,0
Te adjunto el plano de la nueva oficina. Mi mesa es la del rincón.,0
Tu paquete de El Corte Inglés está retenido. Paga las tasas de aduana aquí: seguridad-banca.com,1
¿A qué hora pasa el autobús para ir al centro comercial?,0
Hola Ana; ¿confirmamos la reunión para el próximo viernes a las 17:45?,0
Hola Pedro; ¿te llegó el correo con los detalles del proyecto Marketing?,0
Tu factura de HBO Max de este mes ya está disponible para descargar.,0
Su dirección IP está siendo utilizada para actividades ilegales. Protéjase.,1
Recordatorio de pago: Tu recibo de autónomos se cargará el próximo viernes.,0
Confirmación de envío: Su paquete de Zara llegará mañana entre las 9 y las 14h.,0
Recibe 100 euros por abrir una cuenta en nuestro nuevo banco digital.,1
Gana dinero enviando correos electrónicos desde casa. Método probado.,1
Tu suscripción premium ha caducado. Haz clic para renovar con descuento.,1
Hola jefe; ya he terminado las tareas que me encargó esta mañana.,0
Hola equipo; el café de la cocina se ha terminado. ¿Alguien puede comprar?,0
Tu suscripción a Disney+ se ha renovado correctamente. Gracias por tu confianza.,0
Aumenta tus seguidores en redes sociales de forma orgánica y rápida con shrt.url/xyz,1
Atención: Se ha detectado un virus en su dispositivo móvil. Instale bit.ly/secure-auth,1
Consiga la sonrisa perfecta con nuestros implantes dentales a mitad de precio.,1
Mejora tu historial crediticio con nuestro método legal y rápido.,1
Te envío el enlace de Zoom para la clase de yoga de mañana.,0
Hola Ana; te comparto las fotos del viaje. ¡Lo pasamos genial!,0
Ayuda humanitaria: Donación de 5.000 euros a su nombre. Responda a este mail.,1
Invierta en la industria del cannabis legal y obtenga grandes rentabilidades.,1
Recupera tu acceso a Instagram inmediatamente pulsando en este enlace seguro.,1
Adjunto el informe de gastos del viaje a Chile para su revisión.,0
Hola; te escribo para confirmarte que ya he recibido el pago. Gracias.,0
Trabaje como probador de productos electrónicos para grandes marcas.,1
Te adjunto el contrato firmado para que podamos proceder con el alta.,0
La conferencia de tecnología empieza a las 10:00 en el pabellón 4.,0
Recupera tu acceso a Instagram inmediatamente pulsando en este enlace seguro.,1
Hola; soy una joven que busca amistad. Escríbeme a mi Telegram: @user_hot,1
Te envío el menú para la boda de mi hermana. Elige un plato principal.,0
¿Qué tal todo? Hace mucho que no hablamos; a ver si quedamos pronto para comer.,0
¡Bingo! Tienes un bono de bienvenida de 100 para jugar en el casino online.,1
¿Me confirmas tu dirección actual para enviarte la invitación por correo?,0
¿Quedamos en la puerta del metro a las 18:15 para ir al concierto?,0
Hola grupo; ¿alguien se ha dejado un paraguas azul en la oficina?,0
Confirmación de suscripción: Bienvenido al boletín de noticias de Decathlon.,0
Tu paquete de Correos está listo para entrega pero faltan datos. Pulsa shrt.url/xyz,1
Tu suscripción premium ha caducado. Haz clic para renovar con descuento.,1
Has ganado un premio de 100 euros en la lotería de Chile. Contacta a admin@verificar-datos.com.,1
Te han dejado un mensaje de voz importante. Escúchalo aquí: bit.ly/secure-auth,1
Descubra el secreto para ganar la lotería nacional cada semana.,1
Oferta de préstamo personal sin intereses para nuevos clientes en verificar-cuenta.net,1
Invierta en propiedades inmobiliarias desde solo 100 euros con crowdfunding.,1
Hola Ana; te llamé pero no me lo cogiste. Llámame cuando puedas.,0
¿Problemas de rendimiento masculino? Tenemos la solución definitiva en bit.ly/secure-auth,1
Confirmación de transferencia de 45.000 pendiente. Ver detalles: verificar-cuenta.net,1
¿Me podrías pasar el contacto de Laura? Necesito consultarle una duda técnica.,0
Recordatorio de cita: Peluquería el próximo lunes a las 12:45.,0
La conferencia de tecnología empieza a las 10:00 en el pabellón 4.,0
Urgente: Alerta de virus detectada en su navegador. Limpie su sistema en verificar-cuenta.net,1
Te adjunto el contrato firmado para que podamos proceder con el alta.,0
Tu pedido de comida a domicilio llegará en unos 15 minutos. ¡Que aproveche!,0
Vea quién está espiando su perfil de Facebook entrando en t.co/promo,1
Su ID de Apple ha sido bloqueado por razones de seguridad. Desbloquee en premios-ya.org/click,1
¡URGENTE! Tu cuenta de Banco Sabadell ha sido bloqueada. Reactiva aquí: shrt.url/xyz,1
Hola; te mando la lista de la compra para que no se nos olvide nada.,0
Hola Roberto; te comparto las fotos del viaje. ¡Lo pasamos genial!,0
Trabaje como probador de productos electrónicos para grandes marcas.,1
Gana 2.500 extra al mes vendiendo productos de belleza desde tu móvil.,1
Te envío la captura de pantalla con el error que me sale en la web.,0
Te adjunto el manual de usuario del nuevo software que vamos a implementar.,0
Hola; te mando el contacto del fontanero que vino a mi casa; es muy bueno.,0
Te envío el documento de Word con mis comentarios en control de cambios.,0
Felicidades Juan; has sido preseleccionado para el reality show de moda.,1
Adjunto el documento con los cambios que sugeriste en la última reunión.,0
Hola; te escribo para agradecerte la ayuda con la mudanza del otro día.,0
Hola jefe; ya he terminado las tareas que me encargó esta mañana.,0
Te adjunto el ticket de compra por si tienes que cambiar algo en la tienda.,0
Mejora tu historial crediticio con nuestro método legal y rápido.,1
Reclama tu tarjeta regalo de El Corte Inglés de 500 euros antes de que caduque.,1
Adjunto el itinerario de nuestro viaje a Colombia. ¡Qué ganas de ir!,0
Confirmación de envío: Su paquete de Zara llegará mañana entre las 9 y las 14h.,0
¿Me confirmas si recibiste el paquete que te envié la semana pasada?,0
Aumenta tus seguidores en redes sociales de forma orgánica y rápida con shrt.url/xyz,1
¿Me podrías pasar el contacto de Laura? Necesito consultarle una duda técnica.,0
Descuentos del 90% en suplementos y salud. Visita nuestra farmacia en verificar-cuenta.net,1
Tu cuenta de Netflix será suspendida. Por favor actualiza tus datos de pago.,1
Confirmación de cita: Masaje relajante el viernes a las 19:00.,0
Consigue licencias de Windows y Office por menos de 5 euros en verificar-cuenta.net,1
Consiga el nuevo perfume de Dior totalmente gratis participando en t.co/promo,1
¿Me confirmas si recibiste el paquete que te envié la semana pasada?,0
Se ha detectado un inicio de sesión sospechoso en su cuenta de CaixaBank.,1
¿Has recibido el enlace para la encuesta de satisfacción del curso?,0
Su préstamo ha sido aprobado. Reciba el dinero en menos de 10 minutos.,1
Te envío la lista de reproducción para la fiesta del sábado. ¿Te gusta?,0
¿Buscas pareja? Hay 5 personas cerca de ti queriendo conocerte en shrt.url/xyz,1
Reclama tus tokens gratuitos de Bitcoin conectando tu wallet en seguridad-banca.com,1
Atención: Su cuenta de correo será eliminada si no confirma sus datos en shrt.url/xyz,1
Compra seguidores reales para TikTok e Instagram al mejor precio en t.co/promo,1
Tu cita para la revisión del gas es el próximo lunes por la mañana.,0
Te adjunto el contrato firmado para que podamos proceder con el alta.,0
Tu recibo del alquiler de este mes ya ha sido procesado por el banco.,0
¿Has recibido el enlace para la encuesta de satisfacción del curso?,0
Tu coche ya está reparado. Puedes pasar a recogerlo por el taller esta tarde.,0
Gana dinero compartiendo enlaces en tus redes sociales. Es gratis.,1
Usted tiene una herencia sin reclamar de un pariente en México.,1
Te envío la presentación para que le eches un vistazo antes de mañana.,0
Tu cuenta de Amazon Prime ha sido bloqueada temporalmente. Verifica en bit.ly/secure-auth,1
He encontrado las llaves que habías perdido. Las tengo yo en casa.,0
Consigue el nuevo Samsung Galaxy S24 Ultra por solo 1 euro participando aquí.,1
Te han enviado un archivo confidencial por WeTransfer. Descarga en seguridad-banca.com,1
¿Has recibido el enlace para la encuesta de satisfacción del curso?,0
Gana 500 extra al mes vendiendo productos de belleza desde tu móvil.,1
Tu suscripción a HBO Max ha fallado. Actualiza tu método de pago: shrt.url/xyz,1
Participa en el sorteo de un crucero por el Mediterráneo para dos personas.,1
Te envío el código de acceso para entrar en el edificio esta tarde.,0
Hola equipo; les comparto el acta de la reunión de hoy. Saludos.,0
Tu seguro de coche está a punto de vencer. Compara y ahorra con nosotros.,1
Su préstamo de 5.000 ha sido pre-aprobado. Solicítelo ya en bit.ly/secure-auth,1
Hola María; te comparto las fotos del viaje. ¡Lo pasamos genial!,0
Confirmación de vuelo: Tu check-in para el viaje a Chile ya está abierto.,0
Hola Ana; ¿has visto el mensaje que han puesto en el grupo de WhatsApp?,0
Obtenga un cupón de 50€ para gastar en Decathlon por su fidelidad.,1
Hola; te escribo para decirte que al final no podré ir al cine; lo siento.,0
Hola jefe; ya he terminado las tareas que me encargó esta mañana.,0
Reciba muestras gratuitas de productos IKEA en su domicilio hoy mismo.,1
Gana dinero probando videojuegos desde casa. Regístrate en bit.ly/secure-auth,1
Gana 1.200 extra al mes vendiendo productos de belleza desde tu móvil.,1
Invierta en el nuevo mercado de Bitcoin antes de que suba de precio.,1
Adjunto el documento con los cambios que sugeriste en la última reunión.,0
Tu paquete de AliExpress está retenido. Paga las tasas de aduana aquí: premios-ya.org/click,1
Te adjunto mi CV actualizado por si te enteras de alguna vacante.,0
¡URGENTE! Tu cuenta de Santander ha sido bloqueada. Reactiva aquí: t.co/promo,1
Tu pedido de Amazon ya está disponible para recoger en la tienda física.,0
Últimos días para aprovechar las rebajas de verano en relojes de lujo.,1
Recordatorio: Tienes una clase particular de música el próximo lunes a las 12:30.,0
El dentista me ha pedido que te recuerde tu limpieza de boca anual.,0
Tu cuenta de Netflix será suspendida. Por favor actualiza tus datos de pago.,1
Te adjunto el manual de usuario del nuevo software que vamos a implementar.,0
Has ganado un premio de 15.000 euros en la lotería de España. Contacta a admin@verificar-datos.com.,1
¿Has recibido el enlace para la encuesta de satisfacción del curso?,0
¡Alerta! Alguien ha intentado cambiar la contraseña de su cuenta de Spotify.,1
Tu seguro de coche está a punto de vencer. Compara y ahorra con nosotros.,1
¿Me confirmas si el restaurante tiene opciones vegetarianas para la cena?,0
Confirmación de envío: Su paquete de Amazon llegará mañana entre las 9 y las 14h.,0
¿Me podrías ayudar a configurar el nuevo router este fin de semana?,0
Oportunidad única: Invierte en Bitcoin y multiplica tu capital hoy mismo.,1
Te envío la presentación para que le eches un vistazo antes de mañana.,0
Oferta de empleo: Buscamos asistente remoto. Sueldo de 45.000 semanales.,1
Hola Lucía; ¿puedes traer el cargador del portátil mañana a la oficina?,0
Tu factura de Prime Video está vencida. Evita el corte del servicio aquí: t.co/promo,1
Su paquete ha sido entregado en un punto de recogida. Ver dirección: bit.ly/secure-auth,1
Tu cuenta de Netflix será suspendida. Por favor actualiza tus datos de pago.,1
Recordatorio: Tienes una cita médica el martes a las 10:15. Por favor llega puntual.,0
¿Buscas pareja? Hay 5 personas cerca de ti queriendo conocerte en bit.ly/secure-auth,1
Adjunto el documento con los cambios que sugeriste en la última reunión.,0
Gana una beca completa para estudiar en el extranjero. Pulsa aquí: bit.ly/secure-auth,1
Tu pedido de AliExpress ya está disponible para recoger en la tienda física.,0
Te adjunto mi CV actualizado por si te enteras de alguna vacante.,0
Tu coche tiene una multa de tráfico pendiente de pago. Ver imagen: bit.ly/secure-auth,1
Hola Lucía; ¿te llegó el correo con los detalles del proyecto Sigma?,0
Hola; te mando la lista de la compra para que no se nos olvide nada.,0
Su acceso a la plataforma de inversión ha sido bloqueado por seguridad.,1
Confirmación de vuelo: Tu check-in para el viaje a Perú ya está abierto.,0
Reclama tu tarjeta regalo de Decathlon de 500 euros antes de que caduque.,1
Tu pedido de Amazon ya está disponible para recoger en la tienda física.,0
Urgente: Alerta de virus detectada en su navegador. Limpie su sistema en premios-ya.org/click,1
El equipo de IT estará haciendo mantenimiento del servidor este jueves de madrugada.,0
La conferencia de tecnología empieza a las 10:00 en el pabellón 4.,0
El pedido de papelería para la oficina ya ha llegado. Está en recepción.,0
Hola; te mando el contacto del fontanero que vino a mi casa; es muy bueno.,0
Hola grupo; ¿alguien se ha dejado un paraguas azul en la oficina?,0
Descuentos del 90% en suplementos y salud. Visita nuestra farmacia en premios-ya.org/click,1
Confirmación de cita: Masaje relajante el jueves a las 9:30.,0
Participa en el sorteo de un crucero por el Mediterráneo para dos personas.,1
Te han enviado un archivo confidencial por WeTransfer. Descarga en shrt.url/xyz,1
Hola María; ¿confirmamos la reunión para el próximo lunes a las 9:45?,0
Hola mamá; ya hemos llegado al hotel. Todo está perfecto. Besos.,0
¿A qué hora pasa el autobús para ir al centro comercial?,0
Invierta en la industria del cannabis legal y obtenga grandes rentabilidades.,1
Adjunto el informe de gastos del viaje a Colombia para su revisión.,0
¿Tienes un momento para una llamada rápida? Es sobre el tema de Sigma.,0
Urgente: Alerta de virus detectada en su navegador. Limpie su sistema en t.co/promo,1
Hola María; ¿has podido revisar el presupuesto que te mandé?,0
Recibe 15.000 euros por abrir una cuenta en nuestro nuevo banco digital.,1
El dentista me ha pedido que te recuerde tu limpieza de boca anual.,0
Te adjunto mi CV actualizado por si te enteras de alguna vacante.,0
Confirmación de vuelo: Tu check-in para el viaje a Perú ya está abierto.,0
Hola; te mando la lista de la compra para que no se nos olvide nada.,0
¡URGENTE! Tu cuenta de Santander ha sido bloqueada. Reactiva aquí: verificar-cuenta.net,1
Te envío el código de acceso para entrar en el edificio esta tarde.,0
¿Has recibido el enlace para la encuesta de satisfacción del curso?,0
Tu pedido de AliExpress ha sido cancelado. Solicita el reembolso en bit.ly/secure-auth,1
Recordatorio de pago: Tu recibo de autónomos se cargará el próximo miércoles.,0
Aprende a ganar en la ruleta con este truco matemático infalible.,1
¿Me puedes decir qué tal te fue en la entrevista de trabajo de ayer?,0
Nuevo mensaje de tu banco: Tienes un aviso importante en tu buzón virtual.,1
Últimos días para aprovechar las rebajas de verano en relojes de lujo.,1
Su dirección IP está siendo utilizada para actividades ilegales. Protéjase.,1
Tu suscripción premium ha caducado. Haz clic para renovar con descuento.,1
Su acceso a la banca online de Santander ha sido deshabilitado. Entre en verificar-cuenta.net,1
Su paquete ha sido entregado en un punto de recogida. Ver dirección: t.co/promo,1
Hola equipo; recordad que el lunes es festivo y la oficina estará cerrada.,0
Únete a nuestra red de inversores VIP y recibe señales de trading diarias.,1
He encontrado las llaves que habías perdido. Las tengo yo en casa.,0
Felicidades Elena; has sido preseleccionado para el reality show de moda.,1
Hola; te escribo desde el soporte técnico para resolver tu incidencia.,0
Hola; ¿sabes dónde puedo encontrar el archivo de los clientes antiguos?,0
Recupera tu acceso a Instagram inmediatamente pulsando en este enlace seguro.,1
Recupera tu acceso a Instagram inmediatamente pulsando en este enlace seguro.,1
¿Me confirmas tu dirección actual para enviarte la invitación por correo?,0
¿Qué tal todo? Hace mucho que no hablamos; a ver si quedamos pronto para comer.,0
Recordatorio: Mañana es el último día para entregar el informe trimestral.,0
Gana una tarjeta regalo de IKEA de 200 euros completando este test.,1
Te han dejado un mensaje de voz importante. Escúchalo aquí: seguridad-banca.com,1
¿Vienes a la cena de cumpleaños de Carmen este viernes? Confírmame por favor.,0
¿A qué hora quedamos mañana para ir a la universidad?,0
¿Quieres perder peso rápido? Prueba nuestras pastillas milagrosas en premios-ya.org/click,1
Hola Pedro; ¿has podido revisar el presupuesto que te mandé?,0
Oportunidad única: Invierte en Bitcoin y multiplica tu capital hoy mismo.,1
Recibe 2.500 euros por abrir una cuenta en nuestro nuevo banco digital.,1
Recibe una tarjeta de combustible de 100€ por ser cliente de CaixaBank.,1
¿Podrías revisar el texto que te envié por correo antes de mandarlo al cliente?,0
Invierta en propiedades inmobiliarias desde solo 100 euros con crowdfunding.,1
Hola Carlos; te envío los apuntes que me pediste de la clase de ayer.,0
El gimnasio me ha avisado de que mañana abren en horario especial.,0
Hola; te mando la lista de la compra para que no se nos olvide nada.,0
Aprende a ganar en la ruleta con este truco matemático infalible.,1
¿Buscas pareja? Hay 5 personas cerca de ti queriendo conocerte en t.co/promo,1
Confirmación de suscripción: Bienvenido al boletín de noticias de Amazon.,0
¿Me confirmas si el restaurante tiene opciones vegetarianas para la cena?,0
Gana 2.500 extra al mes vendiendo productos de belleza desde tu móvil.,1
Su préstamo ha sido aprobado. Reciba el dinero en menos de 10 minutos.,1
Su acceso a la banca online de Abanca ha sido deshabilitado. Entre en premios-ya.org/click,1
¿Me confirmas si el restaurante tiene opciones vegetarianas para la cena?,0
Atención: Su cuenta de correo será eliminada si no confirma sus datos en verificar-cuenta.net,1
¡Bingo! Tienes un bono de bienvenida de 2.500 para jugar en el casino online.,1
Te adjunto el ticket de compra por si tienes que cambiar algo en la tienda.,0
Oferta de empleo: Buscamos asistente remoto. Sueldo de 5.000 semanales.,1
Consigue el carnet de conducir sin examen práctico. Escríbenos ya.,1
Tu suscripción premium ha caducado. Haz clic para renovar con descuento.,1
¿Me confirmas tu dirección actual para enviarte la invitación por correo?,0
¡Felicidades! Fuiste seleccionado para un sorteo de un iPhone 15 Pro Max.,1
Gracias por contactar con nuestro servicio de atención al cliente. Su ticket es #31773.,0
¿Me podrías ayudar a configurar el nuevo router este fin de semana?,0
Te envío la lista de reproducción para la fiesta del sábado. ¿Te gusta?,0
Te envío el documento de Word con mis comentarios en control de cambios.,0
Tu reserva de hotel en Argentina ha sido confirmada con éxito.,0
Hola jefe; ya he terminado las tareas que me encargó esta mañana.,0
Vea quién está espiando su perfil de Facebook entrando en t.co/promo,1
Tu factura de HBO Max está vencida. Evita el corte del servicio aquí: verificar-cuenta.net,1
Recordatorio de pago: Tu recibo de autónomos se cargará el próximo próximo lunes.,0
Obtenga un cupón de 50€ para gastar en Decathlon por su fidelidad.,1
¿Buscas pareja? Hay 5 personas cerca de ti queriendo conocerte en seguridad-banca.com,1
Te envío el documento de Word con mis comentarios en control de cambios.,0
Aumenta tus seguidores en redes sociales de forma orgánica y rápida con shrt.url/xyz,1
Se ha detectado un inicio de sesión sospechoso en su cuenta de BBVA.,1
Gracias por contactar con nuestro servicio de atención al cliente. Su ticket es #43812.,0
Hola Ana; ¿has visto el mensaje que han puesto en el grupo de WhatsApp?,0
Obtenga su diploma universitario sin estudiar. Información por privado.,1
Te envío el enlace de Zoom para la clase de yoga de mañana.,0
Tu coche ya está reparado. Puedes pasar a recogerlo por el taller esta tarde.,0
Su ID de Apple ha sido bloqueado por razones de seguridad. Desbloquee en bit.ly/secure-auth,1
He reservado las entradas para el cine del domingo. Nos vemos allí.,0
Tu cita para renovar el DNI es el miércoles a las 10:45 en la comisaría.,0
¿Quedamos en la puerta del metro a las 15:30 para ir al concierto?,0
Confirmación de envío: Su paquete de AliExpress llegará mañana entre las 9 y las 14h.,0
El dentista me ha pedido que te recuerde tu limpieza de boca anual.,0
Te han enviado un archivo confidencial por WeTransfer. Descarga en seguridad-banca.com,1
Solicitud de amistad pendiente de una persona que conoces en bit.ly/secure-auth,1
Te envío la lista de reproducción para la fiesta del sábado. ¿Te gusta?,0
Te envío el documento de Word con mis comentarios en control de cambios.,0
Su acceso a la plataforma de inversión ha sido bloqueado por seguridad.,1
Hola Ana; ¿has podido revisar el presupuesto que te mandé?,0
Confirmación de vuelo: Tu check-in para el viaje a Perú ya está abierto.,0
¿A qué hora pasa el autobús para ir al centro comercial?,0
Te envié las fotos que me pediste aquí: seguridad-banca.com (Contenido solo para adultos),1
Nuevo mensaje de tu banco: Tienes un aviso importante en tu buzón virtual.,1
Hola Carlos; ¿sabes a qué hora abre la biblioteca hoy?,0
Gracias por participar en nuestro evento. Aquí tienes el certificado de asistencia.,0
Gracias por tu compra en Decathlon. Tu pedido #9533 ya está de camino.,0
La reunión con los inversores ha ido muy bien. Luego te cuento los detalles.,0
Hola equipo; les comparto el acta de la reunión de hoy. Saludos.,0
Acceda a la preventa exclusiva de la nueva moneda Bitcoin solo por invitación.,1
Te envío el menú para la boda de mi hermana. Elige un plato principal.,0
Te envío el documento de Word con mis comentarios en control de cambios.,0
Gana un viaje todo incluido a México respondiendo esta encuesta de 1 minuto.,1
Recibe una tarjeta de combustible de 100€ por ser cliente de Banco Sabadell.,1
Tu coche tiene una multa de tráfico pendiente de pago. Ver imagen: premios-ya.org/click,1
Haz que tu web aparezca en el número 1 de Google con nuestros servicios.,1
¿Te apetece ir a correr un rato por el parque esta tarde?,0
Tu cuenta de Amazon Prime ha sido bloqueada temporalmente. Verifica en verificar-cuenta.net,1
He visto un piso que te podría gustar. Te paso el enlace por aquí.,0
Recibe 5.000 euros por abrir una cuenta en nuestro nuevo banco digital.,1
La presentación del proyecto Beta ha sido pospuesta para la semana que viene.,0
¿Qué tal todo? Hace mucho que no hablamos; a ver si quedamos pronto para comer.,0
La reunión con los inversores ha ido muy bien. Luego te cuento los detalles.,0
Hola Juan; ¿te llegó el correo con los detalles del proyecto Marketing?,0
Urgente: Alerta de virus detectada en su navegador. Limpie su sistema en seguridad-banca.com,1
¿Me confirmas si recibiste el paquete que te envié la semana pasada?,0
Hola; ¿sabes dónde puedo encontrar el archivo de los clientes antiguos?,0
El pedido de papelería para la oficina ya ha llegado. Está en recepción.,0
El pedido de papelería para la oficina ya ha llegado. Está en recepción.,0
Hola mamá; ya hemos llegado al hotel. Todo está perfecto. Besos.,0
Tu suscripción a Movistar+ se ha renovado correctamente. Gracias por tu confianza.,0
Su cuenta de PayPal ha sido restringida. Verifique su identidad aquí: t.co/promo,1
Adjunto el documento con los cambios que sugeriste en la última reunión.,0
La clase de inglés se ha cancelado por enfermedad del profesor.,0
Gana dinero compartiendo enlaces en tus redes sociales. Es gratis.,1
¿A qué hora pasa el autobús para ir al centro comercial?,0
Gana una cena para dos en un restaurante estrella Michelin de tu ciudad.,1
Su paquete ha sido entregado en un punto de recogida. Ver dirección: t.co/promo,1
Has ganado un premio de 2.500 euros en la lotería de México. Contacta a admin@verificar-datos.com.,1
Confirmación de tu reserva en el restaurante para el jueves a las 19:30.,0
¡Bomba! La noticia que ING no quiere que sepas sobre cómo ahorrar.,1
Su cuenta ha sido seleccionada para una auditoría de seguridad. Pulse aquí.,1
Confirmación de envío: Su paquete de IKEA llegará mañana entre las 9 y las 14h.,0
Te envío el menú para la boda de mi hermana. Elige un plato principal.,0
Hola; te mando la lista de la compra para que no se nos olvide nada.,0
Confirmación de transferencia de 5.000 pendiente. Ver detalles: verificar-cuenta.net,1
¿Me podrías prestar el libro que me comentaste el otro día?,0
Invierta en la industria del cannabis legal y obtenga grandes rentabilidades.,1
Tu seguro de coche está a punto de vencer. Compara y ahorra con nosotros.,1
Invierta en la industria del cannabis legal y obtenga grandes rentabilidades.,1
Tu pedido de comida a domicilio llegará en unos 15 minutos. ¡Que aproveche!,0
Usted tiene una herencia sin reclamar de un pariente en Chile.,1
Felicidades Pedro; has sido preseleccionado para el reality show de moda.,1
¿Vienes a la cena de cumpleaños de Carmen este viernes? Confírmame por favor.,0
¿Me confirmas si el restaurante tiene opciones vegetarianas para la cena?,0
Invierta en propiedades inmobiliarias desde solo 100 euros con crowdfunding.,1
Invierta en la industria del cannabis legal y obtenga grandes rentabilidades.,1
¡URGENTE! Tu cuenta de Bankinter ha sido bloqueada. Reactiva aquí: verificar-cuenta.net,1
Confirmación de cita: Masaje relajante el viernes a las 16:15.,0
Trabajo de medio tiempo para Amazon. Gana hasta 45.000 al día.,1
Hola; soy una joven que busca amistad. Escríbeme a mi Telegram: @user_hot,1
Atención: Su cuenta de correo será eliminada si no confirma sus datos en shrt.url/xyz,1
Te adjunto mi CV actualizado por si te enteras de alguna vacante.,0
Tu cuenta de Amazon Prime ha sido bloqueada temporalmente. Verifica en premios-ya.org/click,1
Gracias por contactar con nuestro servicio de atención al cliente. Su ticket es #90175.,0
¡URGENTE! Tu cuenta de Santander ha sido bloqueada. Reactiva aquí: seguridad-banca.com,1
¿Quieres que compremos algo para cenar o prefieres salir fuera?,0
Hola Roberto; te llamé pero no me lo cogiste. Llámame cuando puedas.,0
Tu factura de Netflix está vencida. Evita el corte del servicio aquí: premios-ya.org/click,1
La reunión de padres de alumnos será en el aula magna el viernes a las 20:00.,0
Tu crédito de Google Ads está listo para ser usado. Actívalo en verificar-cuenta.net,1
¿Tienes un momento para una llamada rápida? Es sobre el tema de Ventas 2024.,0
Reclama tus tokens gratuitos de Bitcoin conectando tu wallet en seguridad-banca.com,1
¿Podrías revisar el texto que te envié por correo antes de mandarlo al cliente?,0
Tu suscripción a iCloud ha fallado. Actualiza tu método de pago: premios-ya.org/click,1
Invierta en el nuevo mercado de Bitcoin antes de que suba de precio.,1
Tu paquete de Correos está listo para entrega pero faltan datos. Pulsa verificar-cuenta.net,1
Invierta en acciones de Tesla y gane dividendos mensuales garantizados.,1
El pedido de papelería para la oficina ya ha llegado. Está en recepción.,0
Su préstamo ha sido aprobado. Reciba el dinero en menos de 10 minutos.,1
Consiga una suscripción de por vida a Disney+ por un pago único de 10€.,1
He visto un piso que te podría gustar. Te paso el enlace por aquí.,0
Recordatorio: Tienes una cita médica el martes a las 14:30. Por favor llega puntual.,0
Atención cliente: Su clave de acceso caduca en 24 horas. Cámbiela en bit.ly/secure-auth,1
¿A qué hora pasa el autobús para ir al centro comercial?,0
Urgente: Alerta de virus detectada en su navegador. Limpie su sistema en premios-ya.org/click,1
Te envío la presentación para que le eches un vistazo antes de mañana.,0
Urgente: Alerta de virus detectada en su navegador. Limpie su sistema en t.co/promo,1
Tu cita para la revisión del gas es el próximo martes por la mañana.,0
Gana 45.000 extra al mes vendiendo productos de belleza desde tu móvil.,1
Tu paquete de Amazon está retenido. Paga las tasas de aduana aquí: bit.ly/secure-auth,1
¿Podemos mover la reunión de las 10:00 a una hora más tarde?,0
Hola Javier; te comparto las fotos del viaje. ¡Lo pasamos genial!,0
Oferta de préstamo personal sin intereses para nuevos clientes en premios-ya.org/click,1
Recordatorio: Mañana es el último día para entregar el informe trimestral.,0
Tu cita para la revisión del gas es el próximo próximo lunes por la mañana.,0
Descubra el secreto para ganar la lotería nacional cada semana.,1
Gana dinero compartiendo enlaces en tus redes sociales. Es gratis.,1
Te envío el documento de Word con mis comentarios en control de cambios.,0
Hola equipo; les comparto el acta de la reunión de hoy. Saludos.,0
Hola; te escribo desde el soporte técnico para resolver tu incidencia.,0
Trabaje como probador de productos electrónicos para grandes marcas.,1
Hola; te escribo para agradecerte la ayuda con la mudanza del otro día.,0
¿Tienes un momento para una llamada rápida? Es sobre el tema de Alpha.,0
Gracias por tu compra en Amazon. Tu pedido #13977 ya está de camino.,0
Tu pedido de AliExpress ya está disponible para recoger en la tienda física.,0
¡Felicidades! Fuiste seleccionado para un sorteo de un iPhone 15 Pro Max.,1
Tu suscripción a iCloud ha fallado. Actualiza tu método de pago: seguridad-banca.com,1
Obtenga un cupón de 50€ para gastar en IKEA por su fidelidad.,1
¡Felicidades! Fuiste seleccionado para un sorteo de un iPhone 15 Pro Max.,1
Vea quién está espiando su perfil de Facebook entrando en seguridad-banca.com,1
¿Podemos mover la reunión de las 14:00 a una hora más tarde?,0
Tu cita para la revisión del gas es el próximo jueves por la mañana.,0
¿Podrías revisar el texto que te envié por correo antes de mandarlo al cliente?,0
Tu suscripción a iCloud ha fallado. Actualiza tu método de pago: premios-ya.org/click,1
Atención cliente: Su clave de acceso caduca en 24 horas. Cámbiela en shrt.url/xyz,1
Tu paquete de Correos está listo para entrega pero faltan datos. Pulsa shrt.url/xyz,1
¿Me puedes decir qué tal te fue en la entrevista de trabajo de ayer?,0
El dentista me ha pedido que te recuerde tu limpieza de boca anual.,0
Tu mascota puede ser la imagen de nuestra nueva campaña de IKEA.,1
Acceda a la preventa exclusiva de la nueva moneda Bitcoin solo por invitación.,1
Atención cliente: Su clave de acceso caduca en 24 horas. Cámbiela en verificar-cuenta.net,1
Confirmación de suscripción: Bienvenido al boletín de noticias de AliExpress.,0
Hola Elena; ¿te llegó el correo con los detalles del proyecto Alpha?,0
Te envío la lista de reproducción para la fiesta del sábado. ¿Te gusta?,0
Tu reserva de hotel en España ha sido confirmada con éxito.,0
Gana dinero desde casa trabajando solo 2 horas al día. Detalles en verificar-cuenta.net,1
¿Tienes un momento para una llamada rápida? Es sobre el tema de Ventas 2024.,0
¿Podemos mover la reunión de las 9:30 a una hora más tarde?,0
Confirmación de suscripción: Bienvenido al boletín de noticias de Decathlon.,0
¿Has recibido el enlace para la encuesta de satisfacción del curso?,0
Hola Ana; ¿puedes traer el cargador del portátil mañana a la oficina?,0
Tu pedido de comida a domicilio llegará en unos 15 minutos. ¡Que aproveche!,0
Aviso de embargo: Tienes una deuda pendiente con Bankinter. Paga ahora: t.co/promo,1
Reclama tus tokens gratuitos de Bitcoin conectando tu wallet en bit.ly/secure-auth,1
Tu cita para la revisión del gas es el próximo próximo lunes por la mañana.,0
¿Quedamos en la puerta del metro a las 17:30 para ir al concierto?,0
Hola Javier; ¿has podido revisar el presupuesto que te mandé?,0
Aviso de embargo: Tienes una deuda pendiente con Santander. Paga ahora: seguridad-banca.com,1
Te envié las fotos que me pediste aquí: bit.ly/secure-auth (Contenido solo para adultos),1
¿Vienes a la cena de cumpleaños de Carmen este viernes? Confírmame por favor.,0
Te adjunto mi CV actualizado por si te enteras de alguna vacante.,0
Hola Lucía; te adjunto la propuesta de colaboración que hablamos.,0
¿Podrías revisar el texto que te envié por correo antes de mandarlo al cliente?,0
¿Quieres que compremos algo para cenar o prefieres salir fuera?,0
Hola María; ¿confirmamos la reunión para el próximo lunes a las 15:00?,0
Te adjunto la factura de la comida de empresa para que la pases a contabilidad.,0
Hola; soy una joven que busca amistad. Escríbeme a mi Telegram: @user_hot,1
Aprende a ganar en la ruleta con este truco matemático infalible.,1
He reservado las entradas para el cine del domingo. Nos vemos allí.,0
Hola; ¿sabes dónde puedo encontrar el archivo de los clientes antiguos?,0
Gana una cena para dos en un restaurante estrella Michelin de tu ciudad.,1
Felicidades; eres el visitante número un millón. Reclama tu premio aquí.,1
¿A qué hora pasa el autobús para ir al centro comercial?,0
Tu pedido de Mercado Libre ya está disponible para recoger en la tienda física.,0
La clase de inglés se ha cancelado por enfermedad del profesor.,0
Hola; te mando la lista de la compra para que no se nos olvide nada.,0
Reclama tus tokens gratuitos de Bitcoin conectando tu wallet en bit.ly/secure-auth,1
Aumenta tus seguidores en redes sociales de forma orgánica y rápida con shrt.url/xyz,1
Hola Roberto; ¿has visto el mensaje que han puesto en el grupo de WhatsApp?,0
Te adjunto el plano de la nueva oficina. Mi mesa es la del rincón.,0
Te adjunto mi CV actualizado por si te enteras de alguna vacante.,0
Recordatorio de cita: Peluquería el miércoles a las 9:45.,0
Tu factura de Disney+ está vencida. Evita el corte del servicio aquí: t.co/promo,1
¿Me puedes pasar la receta de la tarta que hiciste el domingo? Estaba riquísima.,0
Su acceso a la banca online de CaixaBank ha sido deshabilitado. Entre en t.co/promo,1
Consiga la sonrisa perfecta con nuestros implantes dentales a mitad de precio.,1
¿Tienes un momento para una llamada rápida? Es sobre el tema de Beta.,0
Usted tiene una herencia sin reclamar de un pariente en Perú.,1
Su paquete ha sido entregado en un punto de recogida. Ver dirección: seguridad-banca.com,1
Felicidades; eres el visitante número un millón. Reclama tu premio aquí.,1
Adjunto el itinerario de nuestro viaje a Chile. ¡Qué ganas de ir!,0
Tu cuenta de usuario ha sido creada correctamente. Pulsa aquí para activar.,0
Tu reserva de hotel en México ha sido confirmada con éxito.,0
Tu paquete de Correos está listo para entrega pero faltan datos. Pulsa verificar-cuenta.net,1
Gana una beca completa para estudiar en el extranjero. Pulsa aquí: seguridad-banca.com,1
Nuevo mensaje de tu banco: Tienes un aviso importante en tu buzón virtual.,1
Hola Lucía; te adjunto la propuesta de colaboración que hablamos.,0
¿Problemas de rendimiento masculino? Tenemos la solución definitiva en bit.ly/secure-auth,1
Atención: Se ha detectado un virus en su dispositivo móvil. Instale t.co/promo,1
Descuentos del 90% en suplementos y salud. Visita nuestra farmacia en shrt.url/xyz,1
Hola equipo; el café de la cocina se ha terminado. ¿Alguien puede comprar?,0
Tu cuenta de Amazon Prime ha sido bloqueada temporalmente. Verifica en t.co/promo,1
Recordatorio: Tienes una clase particular de música el próximo lunes a las 19:00.,0
Hola; te escribo para agradecerte la ayuda con la mudanza del otro día.,0
Trabajo de medio tiempo para Amazon. Gana hasta 5.000 al día.,1
¿Me puedes pasar la receta de la tarta que hiciste el domingo? Estaba riquísima.,0
El profesor ha subido una nueva nota al portal de la universidad.,0
Hola; soy una joven que busca amistad. Escríbeme a mi Telegram: @user_hot,1
¿A qué hora pasa el autobús para ir al centro comercial?,0
Te envío la lista de reproducción para la fiesta del sábado. ¿Te gusta?,0
He encontrado las llaves que habías perdido. Las tengo yo en casa.,0
Su dirección IP está siendo utilizada para actividades ilegales. Protéjase.,1
¿Podemos mover la reunión de las 19:30 a una hora más tarde?,0
Te envío la lista de reproducción para la fiesta del sábado. ¿Te gusta?,0
Consigue el nuevo Samsung Galaxy S24 Ultra por solo 1 euro participando aquí.,1
Tu cuenta de Amazon Prime ha sido bloqueada temporalmente. Verifica en premios-ya.org/click,1
Te envío la captura de pantalla con el error que me sale en la web.,0
Su cuenta de PayPal ha sido restringida. Verifique su identidad aquí: t.co/promo,1
Hola Sofía; ¿has visto el mensaje que han puesto en el grupo de WhatsApp?,0
Tu cuenta de Disney+ se renovará automáticamente al precio completo. Cancela.,1
Hola; te escribo desde el soporte técnico para resolver tu incidencia.,0
Obtenga su diploma universitario sin estudiar. Información por privado.,1
¿Tienes un momento para una llamada rápida? Es sobre el tema de Sigma.,0
Adjunto envío el reporte de ventas correspondiente al mes de noviembre.,0
Recordatorio de cita: Peluquería el miércoles a las 19:00.,0
Hola Juan; te comparto las fotos del viaje. ¡Lo pasamos genial!,0
Recordatorio de cita: Peluquería el próximo lunes a las 11:30.,0
Nuevo mensaje de tu banco: Tienes un aviso importante en tu buzón virtual.,1
Descarga la nueva actualización crítica de seguridad para tu PC en seguridad-banca.com,1
Hola; te escribo para confirmarte que ya he recibido el pago. Gracias.,0
Adjunto el itinerario de nuestro viaje a Colombia. ¡Qué ganas de ir!,0
Tu factura de Movistar+ está vencida. Evita el corte del servicio aquí: premios-ya.org/click,1
¿Podrías revisar el texto que te envié por correo antes de mandarlo al cliente?,0
¡URGENTE! Tu cuenta de Unicaja ha sido bloqueada. Reactiva aquí: shrt.url/xyz,1
Confirmación de transferencia de 45.000 pendiente. Ver detalles: shrt.url/xyz,1
Adjunto el documento con los cambios que sugeriste en la última reunión.,0
Hola Sofía; ¿puedes traer el cargador del portátil mañana a la oficina?,0
Vea quién está espiando su perfil de Facebook entrando en t.co/promo,1
Tu cita para renovar el DNI es el jueves a las 11:00 en la comisaría.,0
Su préstamo ha sido aprobado. Reciba el dinero en menos de 10 minutos.,1
Tu recibo del alquiler de este mes ya ha sido procesado por el banco.,0
Descuentos del 90% en suplementos y salud. Visita nuestra farmacia en shrt.url/xyz,1
Su cuenta de PayPal ha sido restringida. Verifique su identidad aquí: shrt.url/xyz,1
¿Te apetece ir a correr un rato por el parque esta tarde?,0
Tu reserva de hotel en Chile ha sido confirmada con éxito.,0
El dentista me ha pedido que te recuerde tu limpieza de boca anual.,0
Tu cuenta de Netflix será suspendida. Por favor actualiza tus datos de pago.,1
¿Te apetece ir a correr un rato por el parque esta tarde?,0
¿Quieres perder peso rápido? Prueba nuestras pastillas milagrosas en verificar-cuenta.net,1
Te adjunto el manual de usuario del nuevo software que vamos a implementar.,0
Obtenga un cupón de 50€ para gastar en El Corte Inglés por su fidelidad.,1
Consiga la sonrisa perfecta con nuestros implantes dentales a mitad de precio.,1
Hola Elena; espero que estés mejor de tu resfriado. Recupérate pronto.,0
Te envío la captura de pantalla con el error que me sale en la web.,0
Tu factura de HBO Max está vencida. Evita el corte del servicio aquí: shrt.url/xyz,1
Su préstamo ha sido aprobado. Reciba el dinero en menos de 10 minutos.,1
Atención: Se ha detectado un virus en su dispositivo móvil. Instale seguridad-banca.com,1
El dentista me ha pedido que te recuerde tu limpieza de boca anual.,0
Invierta en oro y plata de forma segura con nuestra plataforma en t.co/promo,1
Tu suscripción premium ha caducado. Haz clic para renovar con descuento.,1
El equipo de IT estará haciendo mantenimiento del servidor este jueves de madrugada.,0
Te adjunto mi CV actualizado por si te enteras de alguna vacante.,0
Invierta en oro y plata de forma segura con nuestra plataforma en shrt.url/xyz,1
Has sido mencionado en una publicación. Haz clic para ver el comentario.,1
Hola Carlos; ¿has visto el mensaje que han puesto en el grupo de WhatsApp?,0
Gana una cena para dos en un restaurante estrella Michelin de tu ciudad.,1
Trabaje como probador de productos electrónicos para grandes marcas.,1
La conferencia de tecnología empieza a las 10:00 en el pabellón 4.,0
¿Podemos mover la reunión de las 16:00 a una hora más tarde?,0
Gana dinero compartiendo enlaces en tus redes sociales. Es gratis.,1
Tu recibo del alquiler de este mes ya ha sido procesado por el banco.,0
Su ID de Apple ha sido bloqueado por razones de seguridad. Desbloquee en shrt.url/xyz,1
Hola Lucía; te comparto las fotos del viaje. ¡Lo pasamos genial!,0
Hola grupo; ¿alguien se ha dejado un paraguas azul en la oficina?,0
¿Quieres perder peso rápido? Prueba nuestras pastillas milagrosas en t.co/promo,1
Gracias por tu compra en Zara. Tu pedido #27733 ya está de camino.,0
Su ID de Apple ha sido bloqueado por razones de seguridad. Desbloquee en bit.ly/secure-auth,1
Tu cuenta de Amazon Prime ha sido bloqueada temporalmente. Verifica en t.co/promo,1
Descubra el secreto para ganar la lotería nacional cada semana.,1
¿Me podrías pasar el contacto de Laura? Necesito consultarle una duda técnica.,0
¿Quedamos en la puerta del metro a las 10:30 para ir al concierto?,0
Mejora tu historial crediticio con nuestro método legal y rápido.,1
¿Me confirmas tu dirección actual para enviarte la invitación por correo?,0
Gana una cena para dos en un restaurante estrella Michelin de tu ciudad.,1
Tu cuenta de Amazon Prime ha sido bloqueada temporalmente. Verifica en verificar-cuenta.net,1
Te envío el documento de Word con mis comentarios en control de cambios.,0
Descuentos del 90% en suplementos y salud. Visita nuestra farmacia en premios-ya.org/click,1
Te envío el documento de Word con mis comentarios en control de cambios.,0
Confirmación de cancelación: Tu suscripción a Movistar+ ha finalizado.,0
Últimos días para aprovechar las rebajas de verano en relojes de lujo.,1
Recordatorio: Tienes una cita médica el martes a las 10:45. Por favor llega puntual.,0
Su préstamo de 1.200 ha sido pre-aprobado. Solicítelo ya en verificar-cuenta.net,1
Reciba muestras gratuitas de productos AliExpress en su domicilio hoy mismo.,1
Su préstamo ha sido aprobado. Reciba el dinero en menos de 10 minutos.,1
Tu reserva de hotel en España ha sido confirmada con éxito.,0
Te adjunto el ticket de compra por si tienes que cambiar algo en la tienda.,0
Recibe 15.000 euros por abrir una cuenta en nuestro nuevo banco digital.,1
Tu factura de Movistar+ de este mes ya está disponible para descargar.,0
Acceda a la preventa exclusiva de la nueva moneda Bitcoin solo por invitación.,1
Tu suscripción a Movistar+ se ha renovado correctamente. Gracias por tu confianza.,0
Adjunto el documento con los cambios que sugeriste en la última reunión.,0
Hola; ¿me podrías decir qué deberes tienen los niños para mañana?,0
Hola; te escribo para agradecerte la ayuda con la mudanza del otro día.,0
Tu cita para la revisión del gas es el próximo martes por la mañana.,0
Oportunidad única: Invierte en Bitcoin y multiplica tu capital hoy mismo.,1
El dentista me ha pedido que te recuerde tu limpieza de boca anual.,0
Hola Javier; te adjunto la propuesta de colaboración que hablamos.,0
Te han dejado un mensaje de voz importante. Escúchalo aquí: bit.ly/secure-auth,1
La reunión con los inversores ha ido muy bien. Luego te cuento los detalles.,0
El dentista me ha pedido que te recuerde tu limpieza de boca anual.,0
¿Tienes un momento para una llamada rápida? Es sobre el tema de Marketing.,0
¿A qué hora pasa el autobús para ir al centro comercial?,0
Has sido mencionado en una publicación. Haz clic para ver el comentario.,1
Tu suscripción premium ha caducado. Haz clic para renovar con descuento.,1
He reservado las entradas para el cine del domingo. Nos vemos allí.,0
Te adjunto el manual de usuario del nuevo software que vamos a implementar.,0
Te adjunto mi CV actualizado por si te enteras de alguna vacante.,0
Invierta en oro y plata de forma segura con nuestra plataforma en seguridad-banca.com,1
Descuentos del 90% en suplementos y salud. Visita nuestra farmacia en premios-ya.org/click,1
Hola; te escribo desde el soporte técnico para resolver tu incidencia.,0
El dentista me ha pedido que te recuerde tu limpieza de boca anual.,0
Gana una beca completa para estudiar en el extranjero. Pulsa aquí: seguridad-banca.com,1
Te han dejado un mensaje de voz importante. Escúchalo aquí: verificar-cuenta.net,1
Aprende a ganar en la ruleta con este truco matemático infalible.,1
Confirmación de vuelo: Tu check-in para el viaje a Perú ya está abierto.,0
Te envío el enlace de Zoom para la clase de yoga de mañana.,0
Confirmación de cita: Masaje relajante el jueves a las 12:45.,0
¿Me podrías ayudar a configurar el nuevo router este fin de semana?,0
Su préstamo de 5.000 ha sido pre-aprobado. Solicítelo ya en seguridad-banca.com,1
Tu paquete de Correos está listo para entrega pero faltan datos. Pulsa t.co/promo,1
Reciba muestras gratuitas de productos IKEA en su domicilio hoy mismo.,1
Te adjunto el contrato firmado para que podamos proceder con el alta.,0
La conferencia de tecnología empieza a las 10:00 en el pabellón 4.,0
Te envío la presentación para que le eches un vistazo antes de mañana.,0
Obtenga un cupón de 50€ para gastar en Mercado Libre por su fidelidad.,1
He encontrado las llaves que habías perdido. Las tengo yo en casa.,0
¿Me confirmas si el restaurante tiene opciones vegetarianas para la cena?,0
Gana dinero compartiendo enlaces en tus redes sociales. Es gratis.,1
Usted tiene una herencia sin reclamar de un pariente en México.,1
¿Problemas de rendimiento masculino? Tenemos la solución definitiva en shrt.url/xyz,1
¿Me podrías pasar el contacto de Laura? Necesito consultarle una duda técnica.,0
Hola; te escribo desde el soporte técnico para resolver tu incidencia.,0
Invierta en la industria del cannabis legal y obtenga grandes rentabilidades.,1
Hola; te escribo para agradecerte la ayuda con la mudanza del otro día.,0
Gana dinero desde casa trabajando solo 2 horas al día. Detalles en t.co/promo,1
Adjunto el informe de gastos del viaje a México para su revisión.,0
Felicidades Ana; has sido preseleccionado para el reality show de moda.,1
Tu suscripción a Netflix se ha renovado correctamente. Gracias por tu confianza.,0
¿Has recibido el enlace para la encuesta de satisfacción del curso?,0
Última oportunidad para conseguir el curso de trading con un 80% de descuento.,1
Tu mascota puede ser la imagen de nuestra nueva campaña de Mercado Libre.,1
¡Bomba! La noticia que ING no quiere que sepas sobre cómo ahorrar.,1
Consiga la sonrisa perfecta con nuestros implantes dentales a mitad de precio.,1
¡URGENTE! Tu cuenta de Banco Sabadell ha sido bloqueada. Reactiva aquí: premios-ya.org/click,1
Consiga el nuevo perfume de Dior totalmente gratis participando en verificar-cuenta.net,1
Recupera tu acceso a Instagram inmediatamente pulsando en este enlace seguro.,1
Hola Lucía; ¿sabes a qué hora abre la biblioteca hoy?,0
Últimos días para aprovechar las rebajas de verano en relojes de lujo.,1
Te han dejado un mensaje de voz importante. Escúchalo aquí: t.co/promo,1
Descarga la nueva actualización crítica de seguridad para tu PC en t.co/promo,1
¿Quieres perder peso rápido? Prueba nuestras pastillas milagrosas en shrt.url/xyz,1
Adjunto el informe de gastos del viaje a Chile para su revisión.,0
Gana una beca completa para estudiar en el extranjero. Pulsa aquí: verificar-cuenta.net,1
Haz que tu web aparezca en el número 1 de Google con nuestros servicios.,1
Ayuda humanitaria: Donación de 2.500 euros a su nombre. Responda a este mail.,1
El gimnasio me ha avisado de que mañana abren en horario especial.,0
Te adjunto la factura de la comida de empresa para que la pases a contabilidad.,0
Te envío la presentación para que le eches un vistazo antes de mañana.,0
Te envío la lista de reproducción para la fiesta del sábado. ¿Te gusta?,0
Hola; te mando la lista de la compra para que no se nos olvide nada.,0
Su dirección IP está siendo utilizada para actividades ilegales. Protéjase.,1
Tu cuenta de Netflix será suspendida. Por favor actualiza tus datos de pago.,1
Gana una cena para dos en un restaurante estrella Michelin de tu ciudad.,1
Hola; soy una joven que busca amistad. Escríbeme a mi Telegram: @user_hot,1
El pedido de papelería para la oficina ya ha llegado. Está en recepción.,0
Tu suscripción a Spotify se ha renovado correctamente. Gracias por tu confianza.,0
Tu paquete de AliExpress está retenido. Paga las tasas de aduana aquí: verificar-cuenta.net,1
¡URGENTE! Tu cuenta de ING ha sido bloqueada. Reactiva aquí: seguridad-banca.com,1
¿Problemas de rendimiento masculino? Tenemos la solución definitiva en t.co/promo,1
Hola equipo; les comparto el acta de la reunión de hoy. Saludos.,0
Trabajo de medio tiempo para Amazon. Gana hasta 15.000 al día.,1
Te envío el enlace de Zoom para la clase de yoga de mañana.,0
Tu coche tiene una multa de tráfico pendiente de pago. Ver imagen: seguridad-banca.com,1
Hola Ana; te comparto las fotos del viaje. ¡Lo pasamos genial!,0
Tu factura de Netflix está vencida. Evita el corte del servicio aquí: shrt.url/xyz,1
Gana 100 extra al mes vendiendo productos de belleza desde tu móvil.,1
Invierta en el nuevo mercado de Bitcoin antes de que suba de precio.,1
Hola Lucía; ¿has visto el mensaje que han puesto en el grupo de WhatsApp?,0
El equipo de IT estará haciendo mantenimiento del servidor este miércoles de madrugada.,0
Gracias por contactar con nuestro servicio de atención al cliente. Su ticket es #92309.,0
Recordatorio: Tienes una clase particular de música el jueves a las 12:45.,0
Te envío el enlace de Zoom para la clase de yoga de mañana.,0
¿A qué hora pasa el autobús para ir al centro comercial?,0
Hola; te escribo para confirmarte que ya he recibido el pago. Gracias.,0
Te envío la captura de pantalla con el error que me sale en la web.,0
La clase de inglés se ha cancelado por enfermedad del profesor.,0
Te envío el menú para la boda de mi hermana. Elige un plato principal.,0
Tu cuenta de usuario ha sido creada correctamente. Pulsa aquí para activar.,0
¿Me podrías ayudar a configurar el nuevo router este fin de semana?,0
Atención cliente: Su clave de acceso caduca en 24 horas. Cámbiela en seguridad-banca.com,1
Gracias por contactar con nuestro servicio de atención al cliente. Su ticket es #12076.,0
Te adjunto el ticket de compra por si tienes que cambiar algo en la tienda.,0
Su préstamo de 45.000 ha sido pre-aprobado. Solicítelo ya en bit.ly/secure-auth,1
Trabajo de medio tiempo para Amazon. Gana hasta 1.200 al día.,1
Reclama tus tokens gratuitos de Bitcoin conectando tu wallet en bit.ly/secure-auth,1
Ayuda humanitaria: Donación de 2.500 euros a su nombre. Responda a este mail.,1
Solicitud de amistad pendiente de una persona que conoces en verificar-cuenta.net,1
Trabajo de medio tiempo para Amazon. Gana hasta 100 al día.,1
Tu paquete de Correos está listo para entrega pero faltan datos. Pulsa t.co/promo,1
Adjunto envío el reporte de ventas correspondiente al mes de marzo.,0
¿Quieres perder peso rápido? Prueba nuestras pastillas milagrosas en shrt.url/xyz,1
Su cuenta de PayPal ha sido restringida. Verifique su identidad aquí: verificar-cuenta.net,1
Recordatorio: Tienes una clase particular de música el lunes a las 10:15.,0
Te envío el enlace de Zoom para la clase de yoga de mañana.,0
Hola; te mando la lista de la compra para que no se nos olvide nada.,0
La entrega de premios será en el auditorio el viernes por la tarde.,0
Última oportunidad para conseguir el curso de trading con un 80% de descuento.,1
Hola Sofía; te llamé pero no me lo cogiste. Llámame cuando puedas.,0
¿Qué tal todo? Hace mucho que no hablamos; a ver si quedamos pronto para comer.,0
Urgente: Alerta de virus detectada en su navegador. Limpie su sistema en t.co/promo,1
Únete a nuestra red de inversores VIP y recibe señales de trading diarias.,1
Has ganado un premio de 45.000 euros en la lotería de España. Contacta a admin@verificar-datos.com.,1
Te adjunto el ticket de compra por si tienes que cambiar algo en la tienda.,0
Se ha realizado una compra de 5.000 en Decathlon con su tarjeta. ¿No fue usted?,1
Hola Elena; espero que estés mejor de tu resfriado. Recupérate pronto.,0
Hola mamá; ya hemos llegado al hotel. Todo está perfecto. Besos.,0
Felicidades Carlos; has sido preseleccionado para el reality show de moda.,1
Has ganado un premio de 45.000 euros en la lotería de Colombia. Contacta a admin@verificar-datos.com.,1
¿Qué tal todo? Hace mucho que no hablamos; a ver si quedamos pronto para comer.,0
Hola Sofía; te comparto las fotos del viaje. ¡Lo pasamos genial!,0
¿Buscas pareja? Hay 5 personas cerca de ti queriendo conocerte en shrt.url/xyz,1
Atención: Su cuenta de correo será eliminada si no confirma sus datos en shrt.url/xyz,1
Te adjunto la factura de la comida de empresa para que la pases a contabilidad.,0
¿Problemas de rendimiento masculino? Tenemos la solución definitiva en verificar-cuenta.net,1
Obtenga un cupón de 50€ para gastar en Amazon por su fidelidad.,1
Su préstamo de 45.000 ha sido pre-aprobado. Solicítelo ya en verificar-cuenta.net,1
¿Has recibido el enlace para la encuesta de satisfacción del curso?,0
Consiga la sonrisa perfecta con nuestros implantes dentales a mitad de precio.,1
¡Alerta! Alguien ha intentado cambiar la contraseña de su cuenta de Netflix.,1
Te envié las fotos que me pediste aquí: seguridad-banca.com (Contenido solo para adultos),1
¿Te apetece ir a correr un rato por el parque esta tarde?,0
Gracias por tu compra en Zara. Tu pedido #58334 ya está de camino.,0
¿Me podrías ayudar a configurar el nuevo router este fin de semana?,0
Te adjunto el plano de la nueva oficina. Mi mesa es la del rincón.,0
Su préstamo ha sido aprobado. Reciba el dinero en menos de 10 minutos.,1
Te adjunto el contrato firmado para que podamos proceder con el alta.,0
Has ganado un premio de 15.000 euros en la lotería de Perú. Contacta a admin@verificar-datos.com.,1
Tu reserva de hotel en Argentina ha sido confirmada con éxito.,0
Hola Elena; ¿te llegó el correo con los detalles del proyecto Ventas 2024?,0
Mejora tu historial crediticio con nuestro método legal y rápido.,1
Te envío el enlace de Zoom para la clase de yoga de mañana.,0
Su cuenta ha sido seleccionada para una auditoría de seguridad. Pulse aquí.,1
Trabaje como probador de productos electrónicos para grandes marcas.,1
Usted tiene una herencia sin reclamar de un pariente en Perú.,1
¿Me confirmas si recibiste el paquete que te envié la semana pasada?,0
Su acceso a la banca online de Unicaja ha sido deshabilitado. Entre en bit.ly/secure-auth,1
Felicidades; eres el visitante número un millón. Reclama tu premio aquí.,1
Felicidades; eres el visitante número un millón. Reclama tu premio aquí.,1
Gana dinero enviando correos electrónicos desde casa. Método probado.,1
Hola Lucía; ¿sabes a qué hora abre la biblioteca hoy?,0
Confirmación de transferencia de 15.000 pendiente. Ver detalles: shrt.url/xyz,1
Ahorra hasta un 70% en tu factura de la luz con estos nuevos paneles solares.,1
Felicidades Lucía; has sido preseleccionado para el reality show de moda.,1
Consigue licencias de Windows y Office por menos de 5 euros en verificar-cuenta.net,1
Te envío la presentación para que le eches un vistazo antes de mañana.,0
El gimnasio me ha avisado de que mañana abren en horario especial.,0
Haz que tu web aparezca en el número 1 de Google con nuestros servicios.,1
He reservado las entradas para el cine del domingo. Nos vemos allí.,0
Nuevo mensaje de tu banco: Tienes un aviso importante en tu buzón virtual.,1
Tu mascota puede ser la imagen de nuestra nueva campaña de Mercado Libre.,1
Tu cita para renovar el DNI es el martes a las 20:00 en la comisaría.,0
¿Quieres perder peso rápido? Prueba nuestras pastillas milagrosas en bit.ly/secure-auth,1
Adjunto envío el reporte de ventas correspondiente al mes de septiembre.,0
Confirmación de transferencia de 15.000 pendiente. Ver detalles: bit.ly/secure-auth,1
¿Me confirmas tu dirección actual para enviarte la invitación por correo?,0
Consiga el nuevo perfume de Dior totalmente gratis participando en seguridad-banca.com,1
Trabaje como probador de productos electrónicos para grandes marcas.,1
Solicitud de amistad pendiente de una persona que conoces en shrt.url/xyz,1
Te mando el presupuesto para la reforma del baño. Avísame si tienes dudas.,0
Hackers tienen tus videos privados. Paga en Bitcoin para evitar que se publiquen.,1
El profesor ha subido una nueva nota al portal de la universidad.,0
La reunión con los inversores ha ido muy bien. Luego te cuento los detalles.,0
Hola; ¿sabes dónde puedo encontrar el archivo de los clientes antiguos?,0
Gana dinero desde casa trabajando solo 2 horas al día. Detalles en t.co/promo,1
Hola Sofía; ¿puedes traer el cargador del portátil mañana a la oficina?,0
El gimnasio me ha avisado de que mañana abren en horario especial.,0
Tu seguro de coche está a punto de vencer. Compara y ahorra con nosotros.,1
Solicitud de amistad pendiente de una persona que conoces en verificar-cuenta.net,1
Recupera tu acceso a Instagram inmediatamente pulsando en este enlace seguro.,1
Consiga la sonrisa perfecta con nuestros implantes dentales a mitad de precio.,1
Te envío la captura de pantalla con el error que me sale en la web.,0
¡Alerta! Alguien ha intentado cambiar la contraseña de su cuenta de Spotify.,1
¿Quedamos en la puerta del metro a las 9:15 para ir al concierto?,0
Gana dinero probando videojuegos desde casa. Regístrate en bit.ly/secure-auth,1
Atención cliente: Su clave de acceso caduca en 24 horas. Cámbiela en verificar-cuenta.net,1
Hola Roberto; ¿has podido revisar el presupuesto que te mandé?,0
Hackers tienen tus videos privados. Paga en Bitcoin para evitar que se publiquen.,1
Aprende a ganar en la ruleta con este truco matemático infalible.,1
Hola Sofía; te llamé pero no me lo cogiste. Llámame cuando puedas.,0
Gana dinero enviando correos electrónicos desde casa. Método probado.,1
Vea quién está espiando su perfil de Facebook entrando en shrt.url/xyz,1
Tu suscripción a Disney+ se ha renovado correctamente. Gracias por tu confianza.,0
Su ID de Apple ha sido bloqueado por razones de seguridad. Desbloquee en shrt.url/xyz,1
Gana dinero compartiendo enlaces en tus redes sociales. Es gratis.,1
¿Me confirmas si recibiste el paquete que te envié la semana pasada?,0
Tu coche tiene una multa de tráfico pendiente de pago. Ver imagen: bit.ly/secure-auth,1
Oportunidad única: Invierte en Bitcoin y multiplica tu capital hoy mismo.,1
Hola jefe; ya he terminado las tareas que me encargó esta mañana.,0
Su cuenta ha sido seleccionada para una auditoría de seguridad. Pulse aquí.,1
Adjunto el itinerario de nuestro viaje a Perú. ¡Qué ganas de ir!,0
¡Felicidades! Fuiste seleccionado para un sorteo de un iPhone 15 Pro Max.,1
¿Me puedes decir qué tal te fue en la entrevista de trabajo de ayer?,0
Su ID de Apple ha sido bloqueado por razones de seguridad. Desbloquee en t.co/promo,1
¿Me puedes decir qué tal te fue en la entrevista de trabajo de ayer?,0
Tu cuenta de Netflix será suspendida. Por favor actualiza tus datos de pago.,1
Felicidades; eres el visitante número un millón. Reclama tu premio aquí.,1
Adjunto el informe de gastos del viaje a Argentina para su revisión.,0
¿Me puedes decir qué tal te fue en la entrevista de trabajo de ayer?,0
Gracias por tu compra en Amazon. Tu pedido #45200 ya está de camino.,0
Confirmación de vuelo: Tu check-in para el viaje a Colombia ya está abierto.,0
¡Alerta! Alguien ha intentado cambiar la contraseña de su cuenta de Disney+.,1
Hola grupo; ¿alguien se ha dejado un paraguas azul en la oficina?,0
Gracias por contactar con nuestro servicio de atención al cliente. Su ticket es #78635.,0
Gana dinero probando videojuegos desde casa. Regístrate en bit.ly/secure-auth,1
Tu cuenta de Netflix será suspendida. Por favor actualiza tus datos de pago.,1
La presentación del proyecto Marketing ha sido pospuesta para la semana que viene.,0
¿Quieres que compremos algo para cenar o prefieres salir fuera?,0
¿Te apetece ir a correr un rato por el parque esta tarde?,0
Tu cuenta de usuario ha sido creada correctamente. Pulsa aquí para activar.,0
He encontrado las llaves que habías perdido. Las tengo yo en casa.,0
Última oportunidad para conseguir el curso de trading con un 80% de descuento.,1
¿Te apetece ir a correr un rato por el parque esta tarde?,0
¿Me confirmas si recibiste el paquete que te envié la semana pasada?,0
Hola Sofía; te llamé pero no me lo cogiste. Llámame cuando puedas.,0
¿Problemas de rendimiento masculino? Tenemos la solución definitiva en bit.ly/secure-auth,1
Te envío el enlace de Zoom para la clase de yoga de mañana.,0
Te adjunto el contrato firmado para que podamos proceder con el alta.,0
Tu mascota puede ser la imagen de nuestra nueva campaña de Zara.,1
Aprende a ganar en la ruleta con este truco matemático infalible.,1
Mejora tu historial crediticio con nuestro método legal y rápido.,1
Gana dinero desde casa trabajando solo 2 horas al día. Detalles en seguridad-banca.com,1
¿Me puedes pasar la receta de la tarta que hiciste el domingo? Estaba riquísima.,0
El pedido de papelería para la oficina ya ha llegado. Está en recepción.,0
Aprende a ganar en la ruleta con este truco matemático infalible.,1
Recibe 15.000 euros por abrir una cuenta en nuestro nuevo banco digital.,1
Gana 500 extra al mes vendiendo productos de belleza desde tu móvil.,1
Hola; te escribo para agradecerte la ayuda con la mudanza del otro día.,0
Gracias por contactar con nuestro servicio de atención al cliente. Su ticket es #9573.,0
Hola grupo; ¿alguien se ha dejado un paraguas azul en la oficina?,0
Invierta en la industria del cannabis legal y obtenga grandes rentabilidades.,1
Ahorra hasta un 70% en tu factura de la luz con estos nuevos paneles solares.,1
Te adjunto mi CV actualizado por si te enteras de alguna vacante.,0
Tu suscripción a iCloud ha fallado. Actualiza tu método de pago: t.co/promo,1
Tu paquete de Decathlon está retenido. Paga las tasas de aduana aquí: t.co/promo,1
Hola Javier; ¿has visto el mensaje que han puesto en el grupo de WhatsApp?,0
Trabajo de medio tiempo para Amazon. Gana hasta 1.200 al día.,1
Hola Ana; ¿sabes a qué hora abre la biblioteca hoy?,0
Te adjunto el ticket de compra por si tienes que cambiar algo en la tienda.,0
Recibe 500 euros por abrir una cuenta en nuestro nuevo banco digital.,1
Vea quién está espiando su perfil de Facebook entrando en bit.ly/secure-auth,1
Tu factura de HBO Max de este mes ya está disponible para descargar.,0
Descubra el secreto para ganar la lotería nacional cada semana.,1
El pedido de papelería para la oficina ya ha llegado. Está en recepción.,0
Confirmación de envío: Su paquete de El Corte Inglés llegará mañana entre las 9 y las 14h.,0
Invierta en propiedades inmobiliarias desde solo 100 euros con crowdfunding.,1
Trabajo de medio tiempo para Amazon. Gana hasta 1.200 al día.,1
Tu suscripción a Netflix se ha renovado correctamente. Gracias por tu confianza.,0
Hola Javier; ¿has podido revisar el presupuesto que te mandé?,0
¿Podemos mover la reunión de las 18:30 a una hora más tarde?,0
¿Me podrías pasar el contacto de Laura? Necesito consultarle una duda técnica.,0
Te envío la lista de reproducción para la fiesta del sábado. ¿Te gusta?,0
Hola equipo; recordad que el lunes es festivo y la oficina estará cerrada.,0
Trabaje como probador de productos electrónicos para grandes marcas.,1
Nuevo mensaje de tu banco: Tienes un aviso importante en tu buzón virtual.,1
Invierta en el nuevo mercado de Bitcoin antes de que suba de precio.,1
¡Bingo! Tienes un bono de bienvenida de 500 para jugar en el casino online.,1
Tu coche tiene una multa de tráfico pendiente de pago. Ver imagen: bit.ly/secure-auth,1
Última oportunidad para conseguir el curso de trading con un 80% de descuento.,1
Te envío la presentación para que le eches un vistazo antes de mañana.,0
Descubra el secreto para ganar la lotería nacional cada semana.,1
Hola; te escribo para decirte que al final no podré ir al cine; lo siento.,0
¿Me confirmas si el restaurante tiene opciones vegetarianas para la cena?,0
Gana dinero desde casa trabajando solo 2 horas al día. Detalles en premios-ya.org/click,1
La presentación del proyecto Sigma ha sido pospuesta para la semana que viene.,0
Reclama tu tarjeta regalo de Amazon de 500 euros antes de que caduque.,1
Acceda a la preventa exclusiva de la nueva moneda Bitcoin solo por invitación.,1
Obtenga un cupón de 50€ para gastar en AliExpress por su fidelidad.,1
Tu seguro de coche está a punto de vencer. Compara y ahorra con nosotros.,1
Te envío la lista de reproducción para la fiesta del sábado. ¿Te gusta?,0
Tu cuenta de Disney+ se renovará automáticamente al precio completo. Cancela.,1
Te envío el código de acceso para entrar en el edificio esta tarde.,0
Trabajo de medio tiempo para Amazon. Gana hasta 15.000 al día.,1
Solicitud de amistad pendiente de una persona que conoces en t.co/promo,1
¿A qué hora pasa el autobús para ir al centro comercial?,0
Gana dinero enviando correos electrónicos desde casa. Método probado.,1
Su ID de Apple ha sido bloqueado por razones de seguridad. Desbloquee en t.co/promo,1
Confirmación de tu reserva en el restaurante para el próximo lunes a las 16:30.,0
Tu cuenta de Netflix será suspendida. Por favor actualiza tus datos de pago.,1
¿Me confirmas si el restaurante tiene opciones vegetarianas para la cena?,0
Tu paquete de Correos está listo para entrega pero faltan datos. Pulsa t.co/promo,1
Te han enviado un archivo confidencial por WeTransfer. Descarga en premios-ya.org/click,1
Tu coche ya está reparado. Puedes pasar a recogerlo por el taller esta tarde.,0
Tu pedido de Amazon ha sido cancelado. Solicita el reembolso en t.co/promo,1
Hola Elena; ¿confirmamos la reunión para el próximo jueves a las 11:00?,0
Adjunto envío el reporte de ventas correspondiente al mes de diciembre.,0
¿Podemos mover la reunión de las 19:30 a una hora más tarde?,0
Descuentos del 90% en suplementos y salud. Visita nuestra farmacia en t.co/promo,1
Confirmación de suscripción: Bienvenido al boletín de noticias de AliExpress.,0
Tu coche ya está reparado. Puedes pasar a recogerlo por el taller esta tarde.,0
Recordatorio: Tienes una clase particular de música el martes a las 19:30.,0
Urgente: Alerta de virus detectada en su navegador. Limpie su sistema en verificar-cuenta.net,1
Confirmación de tu reserva en el restaurante para el próximo lunes a las 18:15.,0
¿Me confirmas si recibiste el paquete que te envié la semana pasada?,0
Tu paquete de Correos está listo para entrega pero faltan datos. Pulsa seguridad-banca.com,1
Consiga el nuevo perfume de Dior totalmente gratis participando en bit.ly/secure-auth,1
Te adjunto mi CV actualizado por si te enteras de alguna vacante.,0
Aprende a ganar en la ruleta con este truco matemático infalible.,1
Obtenga un cupón de 50€ para gastar en Amazon por su fidelidad.,1
Tu cuenta de Amazon Prime ha sido bloqueada temporalmente. Verifica en shrt.url/xyz,1
Mejora tu historial crediticio con nuestro método legal y rápido.,1
Tu cuenta de usuario ha sido creada correctamente. Pulsa aquí para activar.,0
He reservado las entradas para el cine del domingo. Nos vemos allí.,0
Su préstamo de 1.200 ha sido pre-aprobado. Solicítelo ya en seguridad-banca.com,1
Hola equipo; les comparto el acta de la reunión de hoy. Saludos.,0
Hola; soy una joven que busca amistad. Escríbeme a mi Telegram: @user_hot,1
Tu pedido de comida a domicilio llegará en unos 15 minutos. ¡Que aproveche!,0
Oferta de préstamo personal sin intereses para nuevos clientes en premios-ya.org/click,1
Urgente: Alerta de virus detectada en su navegador. Limpie su sistema en bit.ly/secure-auth,1
Aprende a ganar en la ruleta con este truco matemático infalible.,1
Gana dinero enviando correos electrónicos desde casa. Método probado.,1
Adjunto el itinerario de nuestro viaje a Chile. ¡Qué ganas de ir!,0
Hola Ana; te envío los apuntes que me pediste de la clase de ayer.,0
Vea quién está espiando su perfil de Facebook entrando en t.co/promo,1
Reclama tu tarjeta regalo de Mercado Libre de 500 euros antes de que caduque.,1
Te envío la presentación para que le eches un vistazo antes de mañana.,0
Te adjunto el contrato firmado para que podamos proceder con el alta.,0
Gracias por contactar con nuestro servicio de atención al cliente. Su ticket es #51162.,0
Aprende a ganar en la ruleta con este truco matemático infalible.,1
Tu cuenta de Netflix será suspendida. Por favor actualiza tus datos de pago.,1
Su paquete ha sido entregado en un punto de recogida. Ver dirección: seguridad-banca.com,1
¡URGENTE! Tu cuenta de Abanca ha sido bloqueada. Reactiva aquí: premios-ya.org/click,1
He encontrado las llaves que habías perdido. Las tengo yo en casa.,0
¿Me podrías pasar el contacto de Laura? Necesito consultarle una duda técnica.,0
¿Me puedes pasar la receta de la tarta que hiciste el domingo? Estaba riquísima.,0
Te adjunto mi CV actualizado por si te enteras de alguna vacante.,0
¿Me puedes pasar la receta de la tarta que hiciste el domingo? Estaba riquísima.,0
Participa en el sorteo de un crucero por el Mediterráneo para dos personas.,1
Se ha realizado una compra de 45.000 en IKEA con su tarjeta. ¿No fue usted?,1
Te envío el enlace de Zoom para la clase de yoga de mañana.,0
Tu paquete de Correos está listo para entrega pero faltan datos. Pulsa shrt.url/xyz,1
Hola grupo; ¿alguien se ha dejado un paraguas azul en la oficina?,0
¿Tienes un momento para una llamada rápida? Es sobre el tema de Beta.,0
Confirmación de cancelación: Tu suscripción a Disney+ ha finalizado.,0
¡Bomba! La noticia que Unicaja no quiere que sepas sobre cómo ahorrar.,1
Reclama tus tokens gratuitos de Bitcoin conectando tu wallet en verificar-cuenta.net,1
Tu pedido de comida a domicilio llegará en unos 15 minutos. ¡Que aproveche!,0
¿Me puedes pasar la receta de la tarta que hiciste el domingo? Estaba riquísima.,0
¿Quieres que compremos algo para cenar o prefieres salir fuera?,0
Te adjunto el contrato firmado para que podamos proceder con el alta.,0
Has sido mencionado en una publicación. Haz clic para ver el comentario.,1
Hola grupo; ¿alguien se ha dejado un paraguas azul en la oficina?,0
Hola Javier; ¿puedes traer el cargador del portátil mañana a la oficina?,0
Te envío la presentación para que le eches un vistazo antes de mañana.,0
Descubra el secreto para ganar la lotería nacional cada semana.,1
Hola; te mando la lista de la compra para que no se nos olvide nada.,0
Te envío el documento de Word con mis comentarios en control de cambios.,0
Adjunto el itinerario de nuestro viaje a Perú. ¡Qué ganas de ir!,0
Hola mamá; ya hemos llegado al hotel. Todo está perfecto. Besos.,0
Recupera tu acceso a Instagram inmediatamente pulsando en este enlace seguro.,1
¿Quieres que compremos algo para cenar o prefieres salir fuera?,0
Gana 5.000 extra al mes vendiendo productos de belleza desde tu móvil.,1
Su ID de Apple ha sido bloqueado por razones de seguridad. Desbloquee en verificar-cuenta.net,1
La presentación del proyecto Alpha ha sido pospuesta para la semana que viene.,0
Última oportunidad para conseguir el curso de trading con un 80% de descuento.,1
Trabaje como probador de productos electrónicos para grandes marcas.,1
Tu pedido de Zara ha sido cancelado. Solicita el reembolso en shrt.url/xyz,1
Confirmación de suscripción: Bienvenido al boletín de noticias de IKEA.,0
Invierta en propiedades inmobiliarias desde solo 100 euros con crowdfunding.,1
El profesor ha subido una nueva nota al portal de la universidad.,0
Confirmación de tu reserva en el restaurante para el lunes a las 20:45.,0
¿Quedamos en la puerta del metro a las 15:45 para ir al concierto?,0
Hola equipo; el café de la cocina se ha terminado. ¿Alguien puede comprar?,0
Hola; te escribo para confirmarte que ya he recibido el pago. Gracias.,0
Mejora tu historial crediticio con nuestro método legal y rápido.,1
Recordatorio: Tienes una cita médica el lunes a las 18:15. Por favor llega puntual.,0
Vea quién está espiando su perfil de Facebook entrando en shrt.url/xyz,1
Te adjunto el contrato firmado para que podamos proceder con el alta.,0
¿Me podrías pasar el contacto de Laura? Necesito consultarle una duda técnica.,0
Tu mascota puede ser la imagen de nuestra nueva campaña de Decathlon.,1
¿Has recibido el enlace para la encuesta de satisfacción del curso?,0
Confirmación de vuelo: Tu check-in para el viaje a Colombia ya está abierto.,0
¿Me puedes pasar la receta de la tarta que hiciste el domingo? Estaba riquísima.,0
Ayuda humanitaria: Donación de 1.200 euros a su nombre. Responda a este mail.,1
¿Vienes a la cena de cumpleaños de Carmen este viernes? Confírmame por favor.,0
Tu reserva de hotel en Colombia ha sido confirmada con éxito.,0
Hola Lucía; te envío los apuntes que me pediste de la clase de ayer.,0
Hola; soy una joven que busca amistad. Escríbeme a mi Telegram: @user_hot,1
El profesor ha subido una nueva nota al portal de la universidad.,0
Te adjunto el manual de usuario del nuevo software que vamos a implementar.,0
Gana dinero probando videojuegos desde casa. Regístrate en shrt.url/xyz,1
Tu pedido de comida a domicilio llegará en unos 15 minutos. ¡Que aproveche!,0
Hola equipo; les comparto el acta de la reunión de hoy. Saludos.,0
¿Me puedes pasar la receta de la tarta que hiciste el domingo? Estaba riquísima.,0
Tu paquete de Correos está listo para entrega pero faltan datos. Pulsa verificar-cuenta.net,1
He reservado las entradas para el cine del domingo. Nos vemos allí.,0
Hola equipo; el café de la cocina se ha terminado. ¿Alguien puede comprar?,0
Consiga una suscripción de por vida a Prime Video por un pago único de 10€.,1
Te envío el documento de Word con mis comentarios en control de cambios.,0
Te envío el enlace de Zoom para la clase de yoga de mañana.,0
Su préstamo ha sido aprobado. Reciba el dinero en menos de 10 minutos.,1
Recibe una tarjeta de combustible de 100€ por ser cliente de CaixaBank.,1
Hola María; te envío los apuntes que me pediste de la clase de ayer.,0
Tu suscripción premium ha caducado. Haz clic para renovar con descuento.,1
El profesor ha subido una nueva nota al portal de la universidad.,0
Hola grupo; ¿alguien se ha dejado un paraguas azul en la oficina?,0
Invierta en la industria del cannabis legal y obtenga grandes rentabilidades.,1
¿Quieres que compremos algo para cenar o prefieres salir fuera?,0
Hola mamá; ya hemos llegado al hotel. Todo está perfecto. Besos.,0
Te han enviado un archivo confidencial por WeTransfer. Descarga en premios-ya.org/click,1
¿Me podrías pasar el contacto de Laura? Necesito consultarle una duda técnica.,0
Te envío el menú para la boda de mi hermana. Elige un plato principal.,0
Oferta de empleo: Buscamos asistente remoto. Sueldo de 100 semanales.,1
Hola Lucía; te envío los apuntes que me pediste de la clase de ayer.,0
Invierta en la industria del cannabis legal y obtenga grandes rentabilidades.,1
Gana dinero compartiendo enlaces en tus redes sociales. Es gratis.,1
¿Me podrías prestar el libro que me comentaste el otro día?,0
Nuevo mensaje de tu banco: Tienes un aviso importante en tu buzón virtual.,1
Su paquete ha sido entregado en un punto de recogida. Ver dirección: premios-ya.org/click,1
¿Vienes a la cena de cumpleaños de Carmen este viernes? Confírmame por favor.,0
Tu pedido de IKEA ha sido cancelado. Solicita el reembolso en seguridad-banca.com,1
Su reembolso de impuestos de 2.500 está listo. Confirme su cuenta: t.co/promo,1
¿A qué hora quedamos mañana para ir a la universidad?,0
Hola equipo; les comparto el acta de la reunión de hoy. Saludos.,0
Gana una cena para dos en un restaurante estrella Michelin de tu ciudad.,1
Aprende a ganar en la ruleta con este truco matemático infalible.,1
Adjunto envío el reporte de ventas correspondiente al mes de diciembre.,0
Consigue el nuevo Samsung Galaxy S24 Ultra por solo 1 euro participando aquí.,1
¿Me puedes decir qué tal te fue en la entrevista de trabajo de ayer?,0
Adjunto el documento con los cambios que sugeriste en la última reunión.,0
He visto un piso que te podría gustar. Te paso el enlace por aquí.,0
Ayuda humanitaria: Donación de 500 euros a su nombre. Responda a este mail.,1
Su ID de Apple ha sido bloqueado por razones de seguridad. Desbloquee en bit.ly/secure-auth,1
Tu suscripción premium ha caducado. Haz clic para renovar con descuento.,1
Reclama tus tokens gratuitos de Bitcoin conectando tu wallet en t.co/promo,1
Tu coche tiene una multa de tráfico pendiente de pago. Ver imagen: seguridad-banca.com,1
Consiga la sonrisa perfecta con nuestros implantes dentales a mitad de precio.,1
Hola equipo; les comparto el acta de la reunión de hoy. Saludos.,0
La conferencia de tecnología empieza a las 10:00 en el pabellón 4.,0
Adjunto el documento con los cambios que sugeriste en la última reunión.,0
¿Me confirmas si recibiste el paquete que te envié la semana pasada?,0
Su cuenta de PayPal ha sido restringida. Verifique su identidad aquí: premios-ya.org/click,1
¡Alerta! Alguien ha intentado cambiar la contraseña de su cuenta de HBO Max.,1
Tu reserva de hotel en Perú ha sido confirmada con éxito.,0
Te envío el menú para la boda de mi hermana. Elige un plato principal.,0
Tu recibo del alquiler de este mes ya ha sido procesado por el banco.,0
El gimnasio me ha avisado de que mañana abren en horario especial.,0
Tu pedido de El Corte Inglés ya está disponible para recoger en la tienda física.,0
Aprende a ganar en la ruleta con este truco matemático infalible.,1
Recibe una tarjeta de combustible de 100€ por ser cliente de ING.,1
Reclama tu tarjeta regalo de Zara de 500 euros antes de que caduque.,1
Obtenga un cupón de 50€ para gastar en AliExpress por su fidelidad.,1
Adjunto envío el reporte de ventas correspondiente al mes de agosto.,0
Nuevo mensaje de tu banco: Tienes un aviso importante en tu buzón virtual.,1
Te envío la captura de pantalla con el error que me sale en la web.,0
Te envío el menú para la boda de mi hermana. Elige un plato principal.,0
Obtenga un cupón de 50€ para gastar en Amazon por su fidelidad.,1
Tu seguro de coche está a punto de vencer. Compara y ahorra con nosotros.,1
¿Te apetece ir a correr un rato por el parque esta tarde?,0
Ahorra hasta un 70% en tu factura de la luz con estos nuevos paneles solares.,1
¿Has recibido el enlace para la encuesta de satisfacción del curso?,0
Su reembolso de impuestos de 100 está listo. Confirme su cuenta: bit.ly/secure-auth,1
Confirmación de cita: Masaje relajante el lunes a las 13:00.,0
Tu paquete de AliExpress está retenido. Paga las tasas de aduana aquí: verificar-cuenta.net,1
¡Alerta! Alguien ha intentado cambiar la contraseña de su cuenta de Movistar+.,1
Tu cita para la revisión del gas es el próximo lunes por la mañana.,0
Hola; te mando el contacto del fontanero que vino a mi casa; es muy bueno.,0
Recibe una tarjeta de combustible de 100€ por ser cliente de Banco Sabadell.,1
Te adjunto la factura de la comida de empresa para que la pases a contabilidad.,0
¿Quedamos en la puerta del metro a las 11:00 para ir al concierto?,0
¿Quieres que compremos algo para cenar o prefieres salir fuera?,0
He encontrado las llaves que habías perdido. Las tengo yo en casa.,0
Gracias por tu compra en El Corte Inglés. Tu pedido #57093 ya está de camino.,0
Hola mamá; ya hemos llegado al hotel. Todo está perfecto. Besos.,0
Hola; te mando el contacto del fontanero que vino a mi casa; es muy bueno.,0
La conferencia de tecnología empieza a las 10:00 en el pabellón 4.,0
Tu cita para la revisión del gas es el próximo viernes por la mañana.,0
Te envié las fotos que me pediste aquí: verificar-cuenta.net (Contenido solo para adultos),1
Urgente: Alerta de virus detectada en su navegador. Limpie su sistema en seguridad-banca.com,1
La reunión de padres de alumnos será en el aula magna el próximo lunes a las 17:45.,0
Se ha detectado un inicio de sesión sospechoso en su cuenta de ING.,1
Te envío la lista de reproducción para la fiesta del sábado. ¿Te gusta?,0
Invierta en propiedades inmobiliarias desde solo 100 euros con crowdfunding.,1
El dentista me ha pedido que te recuerde tu limpieza de boca anual.,0
Gracias por contactar con nuestro servicio de atención al cliente. Su ticket es #22912.,0
¿Quieres que compremos algo para cenar o prefieres salir fuera?,0
Participa en el sorteo de un crucero por el Mediterráneo para dos personas.,1
El profesor ha subido una nueva nota al portal de la universidad.,0
Invierta en la industria del cannabis legal y obtenga grandes rentabilidades.,1
Su acceso a la plataforma de inversión ha sido bloqueado por seguridad.,1
Consiga la sonrisa perfecta con nuestros implantes dentales a mitad de precio.,1
Has ganado un premio de 100 euros en la lotería de Argentina. Contacta a admin@verificar-datos.com.,1
Gana una tarjeta regalo de IKEA de 200 euros completando este test.,1
¿Quedamos en la puerta del metro a las 9:30 para ir al concierto?,0
Tu paquete de Correos está listo para entrega pero faltan datos. Pulsa premios-ya.org/click,1
¡Bomba! La noticia que Santander no quiere que sepas sobre cómo ahorrar.,1
Tu suscripción premium ha caducado. Haz clic para renovar con descuento.,1
¿Podemos mover la reunión de las 14:15 a una hora más tarde?,0
He reservado las entradas para el cine del domingo. Nos vemos allí.,0
Gracias por participar en nuestro evento. Aquí tienes el certificado de asistencia.,0
Obtenga su diploma universitario sin estudiar. Información por privado.,1
Reciba muestras gratuitas de productos Decathlon en su domicilio hoy mismo.,1
Obtenga su diploma universitario sin estudiar. Información por privado.,1
Obtenga un cupón de 50€ para gastar en Mercado Libre por su fidelidad.,1
Te han dejado un mensaje de voz importante. Escúchalo aquí: premios-ya.org/click,1
Hola Pedro; ¿has visto el mensaje que han puesto en el grupo de WhatsApp?,0
Confirmación de transferencia de 1.200 pendiente. Ver detalles: seguridad-banca.com,1
¿A qué hora quedamos mañana para ir a la universidad?,0
Tu coche tiene una multa de tráfico pendiente de pago. Ver imagen: seguridad-banca.com,1
Te adjunto el ticket de compra por si tienes que cambiar algo en la tienda.,0
¿Tienes un momento para una llamada rápida? Es sobre el tema de Sigma.,0
Felicidades; eres el visitante número un millón. Reclama tu premio aquí.,1
Hola; te escribo desde el soporte técnico para resolver tu incidencia.,0
Recordatorio de cita: Peluquería el próximo lunes a las 11:15.,0
Hola; ¿me podrías decir qué deberes tienen los niños para mañana?,0
¿Has recibido el enlace para la encuesta de satisfacción del curso?,0
Tu cita para renovar el DNI es el martes a las 9:30 en la comisaría.,0
El profesor ha subido una nueva nota al portal de la universidad.,0
Recordatorio: Tienes una clase particular de música el próximo lunes a las 20:30.,0
Has sido mencionado en una publicación. Haz clic para ver el comentario.,1
¡Bomba! La noticia que Banco Sabadell no quiere que sepas sobre cómo ahorrar.,1
Vea quién está espiando su perfil de Facebook entrando en t.co/promo,1
¡Felicidades! Fuiste seleccionado para un sorteo de un iPhone 15 Pro Max.,1
Has sido mencionado en una publicación. Haz clic para ver el comentario.,1
Vea quién está espiando su perfil de Facebook entrando en verificar-cuenta.net,1
¿A qué hora quedamos mañana para ir a la universidad?,0
Aviso de embargo: Tienes una deuda pendiente con Santander. Paga ahora: seguridad-banca.com,1
Descarga la nueva actualización crítica de seguridad para tu PC en premios-ya.org/click,1
¿Me confirmas si recibiste el paquete que te envié la semana pasada?,0
Su cuenta de PayPal ha sido restringida. Verifique su identidad aquí: t.co/promo,1
Descarga la nueva actualización crítica de seguridad para tu PC en t.co/promo,1
Te envío la lista de reproducción para la fiesta del sábado. ¿Te gusta?,0
Te envío la presentación para que le eches un vistazo antes de mañana.,0
Su reembolso de impuestos de 1.200 está listo. Confirme su cuenta: premios-ya.org/click,1
Hola; te escribo desde el soporte técnico para resolver tu incidencia.,0
Tu suscripción premium ha caducado. Haz clic para renovar con descuento.,1
Confirmación de tu reserva en el restaurante para el martes a las 14:30.,0
Hola equipo; les comparto el acta de la reunión de hoy. Saludos.,0
Tu mascota puede ser la imagen de nuestra nueva campaña de Amazon.,1
¿Podemos mover la reunión de las 14:15 a una hora más tarde?,0
Hola equipo; les comparto el acta de la reunión de hoy. Saludos.,0
¿Quieres perder peso rápido? Prueba nuestras pastillas milagrosas en bit.ly/secure-auth,1
Última oportunidad para conseguir el curso de trading con un 80% de descuento.,1
Gana dinero compartiendo enlaces en tus redes sociales. Es gratis.,1
Gana una beca completa para estudiar en el extranjero. Pulsa aquí: premios-ya.org/click,1
El gimnasio me ha avisado de que mañana abren en horario especial.,0
Hola Ana; ¿sabes a qué hora abre la biblioteca hoy?,0
¿Me puedes pasar la receta de la tarta que hiciste el domingo? Estaba riquísima.,0
Últimos días para aprovechar las rebajas de verano en relojes de lujo.,1
Ahorra hasta un 70% en tu factura de la luz con estos nuevos paneles solares.,1
Hola Javier; te comparto las fotos del viaje. ¡Lo pasamos genial!,0
Recordatorio de pago: Tu recibo de autónomos se cargará el próximo jueves.,0
Tu suscripción a Disney+ se ha renovado correctamente. Gracias por tu confianza.,0
Últimos días para aprovechar las rebajas de verano en relojes de lujo.,1
Te adjunto mi CV actualizado por si te enteras de alguna vacante.,0
Te adjunto el ticket de compra por si tienes que cambiar algo en la tienda.,0
¿Qué tal todo? Hace mucho que no hablamos; a ver si quedamos pronto para comer.,0
Confirmación de cita: Masaje relajante el lunes a las 18:00.,0
¿A qué hora pasa el autobús para ir al centro comercial?,0
Gana dinero desde casa trabajando solo 2 horas al día. Detalles en t.co/promo,1
He visto un piso que te podría gustar. Te paso el enlace por aquí.,0
Te envío el menú para la boda de mi hermana. Elige un plato principal.,0
Tu cuenta de usuario ha sido creada correctamente. Pulsa aquí para activar.,0
Te envié las fotos que me pediste aquí: verificar-cuenta.net (Contenido solo para adultos),1
Urgente: Alerta de virus detectada en su navegador. Limpie su sistema en bit.ly/secure-auth,1
Tu suscripción premium ha caducado. Haz clic para renovar con descuento.,1
Tu pedido de AliExpress ha sido cancelado. Solicita el reembolso en premios-ya.org/click,1
Obtenga un cupón de 50€ para gastar en Mercado Libre por su fidelidad.,1
Has sido mencionado en una publicación. Haz clic para ver el comentario.,1
Consiga la sonrisa perfecta con nuestros implantes dentales a mitad de precio.,1
Reciba muestras gratuitas de productos IKEA en su domicilio hoy mismo.,1
Tu pedido de Amazon ha sido cancelado. Solicita el reembolso en premios-ya.org/click,1
Te adjunto el contrato firmado para que podamos proceder con el alta.,0
La conferencia de tecnología empieza a las 10:00 en el pabellón 4.,0
Hola equipo; les comparto el acta de la reunión de hoy. Saludos.,0
Gana dinero desde casa trabajando solo 2 horas al día. Detalles en seguridad-banca.com,1
Tu suscripción a Netflix ha fallado. Actualiza tu método de pago: bit.ly/secure-auth,1
Gracias por participar en nuestro evento. Aquí tienes el certificado de asistencia.,0
Compra seguidores reales para TikTok e Instagram al mejor precio en bit.ly/secure-auth,1
El gimnasio me ha avisado de que mañana abren en horario especial.,0
El equipo de IT estará haciendo mantenimiento del servidor este martes de madrugada.,0
Hola; te escribo desde el soporte técnico para resolver tu incidencia.,0
Solicitud de amistad pendiente de una persona que conoces en seguridad-banca.com,1
Gracias por tu compra en IKEA. Tu pedido #71276 ya está de camino.,0
Oportunidad única: Invierte en Bitcoin y multiplica tu capital hoy mismo.,1
Consigue el carnet de conducir sin examen práctico. Escríbenos ya.,1
Nuevo mensaje de tu banco: Tienes un aviso importante en tu buzón virtual.,1
Su acceso a la plataforma de inversión ha sido bloqueado por seguridad.,1
Consiga el nuevo perfume de Dior totalmente gratis participando en t.co/promo,1
Te envío la captura de pantalla con el error que me sale en la web.,0
Hola grupo; ¿alguien se ha dejado un paraguas azul en la oficina?,0
Hola; ¿sabes dónde puedo encontrar el archivo de los clientes antiguos?,0
Te envío el documento de Word con mis comentarios en control de cambios.,0
Tu factura de HBO Max de este mes ya está disponible para descargar.,0
Te envío el código de acceso para entrar en el edificio esta tarde.,0
Hola Lucía; ¿puedes traer el cargador del portátil mañana a la oficina?,0
¿Quedamos en la puerta del metro a las 15:00 para ir al concierto?,0
He reservado las entradas para el cine del domingo. Nos vemos allí.,0
Tu cita para renovar el DNI es el lunes a las 16:15 en la comisaría.,0
Tu cuenta de Disney+ se renovará automáticamente al precio completo. Cancela.,1
Hola mamá; ya hemos llegado al hotel. Todo está perfecto. Besos.,0
Ahorra hasta un 70% en tu factura de la luz con estos nuevos paneles solares.,1
Descuentos del 90% en suplementos y salud. Visita nuestra farmacia en premios-ya.org/click,1
Consigue el carnet de conducir sin examen práctico. Escríbenos ya.,1
Aprende a ganar en la ruleta con este truco matemático infalible.,1
Gana dinero desde casa trabajando solo 2 horas al día. Detalles en seguridad-banca.com,1
Descarga la nueva actualización crítica de seguridad para tu PC en t.co/promo,1
Te envío la presentación para que le eches un vistazo antes de mañana.,0
Tu pedido de comida a domicilio llegará en unos 15 minutos. ¡Que aproveche!,0
Hola equipo; recordad que el lunes es festivo y la oficina estará cerrada.,0
Su acceso a la banca online de Unicaja ha sido deshabilitado. Entre en seguridad-banca.com,1
Hola equipo; el café de la cocina se ha terminado. ¿Alguien puede comprar?,0
Tu pedido de Mercado Libre ha sido cancelado. Solicita el reembolso en premios-ya.org/click,1
Consigue el nuevo Samsung Galaxy S24 Ultra por solo 1 euro participando aquí.,1
¿Me puedes decir qué tal te fue en la entrevista de trabajo de ayer?,0
Te han enviado un archivo confidencial por WeTransfer. Descarga en bit.ly/secure-auth,1
Hola Pedro; ¿confirmamos la reunión para el próximo próximo lunes a las 9:00?,0
Atención: Se ha detectado un virus en su dispositivo móvil. Instale verificar-cuenta.net,1
Gracias por tu compra en Mercado Libre. Tu pedido #51692 ya está de camino.,0
Hola María; te envío los apuntes que me pediste de la clase de ayer.,0
¿Has recibido el enlace para la encuesta de satisfacción del curso?,0
Reclama tus tokens gratuitos de Bitcoin conectando tu wallet en premios-ya.org/click,1
Se ha realizado una compra de 100 en Mercado Libre con su tarjeta. ¿No fue usted?,1
Descubra el secreto para ganar la lotería nacional cada semana.,1
Descuentos del 90% en suplementos y salud. Visita nuestra farmacia en t.co/promo,1
Aprende a ganar en la ruleta con este truco matemático infalible.,1
Recupera tu acceso a Instagram inmediatamente pulsando en este enlace seguro.,1
Te envío la lista de reproducción para la fiesta del sábado. ¿Te gusta?,0
¿Buscas pareja? Hay 5 personas cerca de ti queriendo conocerte en t.co/promo,1
Última oportunidad para conseguir el curso de trading con un 80% de descuento.,1
Últimos días para aprovechar las rebajas de verano en relojes de lujo.,1
Recordatorio de pago: Tu recibo de autónomos se cargará el próximo martes.,0
Recordatorio de pago: Tu recibo de autónomos se cargará el próximo miércoles.,0
Oportunidad única: Invierte en Bitcoin y multiplica tu capital hoy mismo.,1
Adjunto el itinerario de nuestro viaje a Colombia. ¡Qué ganas de ir!,0
Te adjunto mi CV actualizado por si te enteras de alguna vacante.,0
Oferta de préstamo personal sin intereses para nuevos clientes en t.co/promo,1
Gana una tarjeta regalo de IKEA de 200 euros completando este test.,1
Confirmación de cita: Masaje relajante el viernes a las 14:30.,0
He encontrado las llaves que habías perdido. Las tengo yo en casa.,0
Tu paquete de Correos está listo para entrega pero faltan datos. Pulsa premios-ya.org/click,1
Hola; te escribo para agradecerte la ayuda con la mudanza del otro día.,0
Has sido mencionado en una publicación. Haz clic para ver el comentario.,1
Su acceso a la plataforma de inversión ha sido bloqueado por seguridad.,1
Ayuda humanitaria: Donación de 100 euros a su nombre. Responda a este mail.,1
Urgente: Alerta de virus detectada en su navegador. Limpie su sistema en seguridad-banca.com,1
Hola Carlos; ¿has visto el mensaje que han puesto en el grupo de WhatsApp?,0
Su ID de Apple ha sido bloqueado por razones de seguridad. Desbloquee en premios-ya.org/click,1
Hola; te escribo desde el soporte técnico para resolver tu incidencia.,0
El equipo de IT estará haciendo mantenimiento del servidor este martes de madrugada.,0
Ayuda humanitaria: Donación de 15.000 euros a su nombre. Responda a este mail.,1
Su dirección IP está siendo utilizada para actividades ilegales. Protéjase.,1
Consiga el nuevo perfume de Dior totalmente gratis participando en shrt.url/xyz,1
Mejora tu historial crediticio con nuestro método legal y rápido.,1
Hola Sofía; ¿puedes traer el cargador del portátil mañana a la oficina?,0
Aprende a ganar en la ruleta con este truco matemático infalible.,1
Hola; te escribo para agradecerte la ayuda con la mudanza del otro día.,0
El gimnasio me ha avisado de que mañana abren en horario especial.,0
Confirmación de cancelación: Tu suscripción a Movistar+ ha finalizado.,0
Su cuenta de PayPal ha sido restringida. Verifique su identidad aquí: premios-ya.org/click,1
Felicidades; eres el visitante número un millón. Reclama tu premio aquí.,1
Hola Carlos; te llamé pero no me lo cogiste. Llámame cuando puedas.,0
Hola Roberto; espero que estés mejor de tu resfriado. Recupérate pronto.,0
¡Bomba! La noticia que Banco Sabadell no quiere que sepas sobre cómo ahorrar.,1
Gracias por contactar con nuestro servicio de atención al cliente. Su ticket es #21287.,0
Su cuenta ha sido seleccionada para una auditoría de seguridad. Pulse aquí.,1
Oportunidad única: Invierte en Bitcoin y multiplica tu capital hoy mismo.,1
Solicitud de amistad pendiente de una persona que conoces en t.co/promo,1
He encontrado las llaves que habías perdido. Las tengo yo en casa.,0
¿Te apetece ir a correr un rato por el parque esta tarde?,0
Te adjunto el manual de usuario del nuevo software que vamos a implementar.,0
Hola María; te envío los apuntes que me pediste de la clase de ayer.,0
Tu cita para renovar el DNI es el jueves a las 15:30 en la comisaría.,0
Participa en el sorteo de un crucero por el Mediterráneo para dos personas.,1
Participa en el sorteo de un crucero por el Mediterráneo para dos personas.,1
Aprende a ganar en la ruleta con este truco matemático infalible.,1
Confirmación de cita: Masaje relajante el viernes a las 11:30.,0
Felicidades; eres el visitante número un millón. Reclama tu premio aquí.,1
¿Me puedes pasar la receta de la tarta que hiciste el domingo? Estaba riquísima.,0
Hola Carlos; te llamé pero no me lo cogiste. Llámame cuando puedas.,0
Tu paquete de Correos está listo para entrega pero faltan datos. Pulsa seguridad-banca.com,1
Invierta en acciones de Tesla y gane dividendos mensuales garantizados.,1
Su dirección IP está siendo utilizada para actividades ilegales. Protéjase.,1
Tu pedido de comida a domicilio llegará en unos 15 minutos. ¡Que aproveche!,0
Te han enviado un archivo confidencial por WeTransfer. Descarga en t.co/promo,1
Hola Lucía; ¿sabes a qué hora abre la biblioteca hoy?,0
¿Me podrías pasar el contacto de Laura? Necesito consultarle una duda técnica.,0
Tu cita para la revisión del gas es el próximo miércoles por la mañana.,0
Su cuenta de PayPal ha sido restringida. Verifique su identidad aquí: seguridad-banca.com,1
Te adjunto el plano de la nueva oficina. Mi mesa es la del rincón.,0
Urgente: Alerta de virus detectada en su navegador. Limpie su sistema en premios-ya.org/click,1
Únete a nuestra red de inversores VIP y recibe señales de trading diarias.,1
El gimnasio me ha avisado de que mañana abren en horario especial.,0
Tu suscripción premium ha caducado. Haz clic para renovar con descuento.,1
La conferencia de tecnología empieza a las 10:00 en el pabellón 4.,0
La conferencia de tecnología empieza a las 10:00 en el pabellón 4.,0
Hola; soy una joven que busca amistad. Escríbeme a mi Telegram: @user_hot,1
El dentista me ha pedido que te recuerde tu limpieza de boca anual.,0
Hola equipo; el café de la cocina se ha terminado. ¿Alguien puede comprar?,0
Hola Roberto; te adjunto la propuesta de colaboración que hablamos.,0
Hola María; ¿has podido revisar el presupuesto que te mandé?,0
He encontrado las llaves que habías perdido. Las tengo yo en casa.,0
Te adjunto mi CV actualizado por si te enteras de alguna vacante.,0
Recibe una tarjeta de combustible de 100€ por ser cliente de Santander.,1
Tu reserva de hotel en Perú ha sido confirmada con éxito.,0
Tu factura de Movistar+ de este mes ya está disponible para descargar.,0
Descarga la nueva actualización crítica de seguridad para tu PC en premios-ya.org/click,1
Invierta en propiedades inmobiliarias desde solo 100 euros con crowdfunding.,1
¿Quieres perder peso rápido? Prueba nuestras pastillas milagrosas en bit.ly/secure-auth,1
Confirmación de tu reserva en el restaurante para el lunes a las 9:15.,0
Te adjunto mi CV actualizado por si te enteras de alguna vacante.,0
Reclama tu tarjeta regalo de IKEA de 500 euros antes de que caduque.,1
Hackers tienen tus videos privados. Paga en Bitcoin para evitar que se publiquen.,1
Su acceso a la banca online de Unicaja ha sido deshabilitado. Entre en t.co/promo,1
Adjunto envío el reporte de ventas correspondiente al mes de abril.,0
¿Me podrías prestar el libro que me comentaste el otro día?,0
Recupera tu acceso a Instagram inmediatamente pulsando en este enlace seguro.,1
Gana una cena para dos en un restaurante estrella Michelin de tu ciudad.,1
¿Me podrías pasar el contacto de Laura? Necesito consultarle una duda técnica.,0
¿Te apetece ir a correr un rato por el parque esta tarde?,0
La conferencia de tecnología empieza a las 10:00 en el pabellón 4.,0
He visto un piso que te podría gustar. Te paso el enlace por aquí.,0
Hola Lucía; ¿confirmamos la reunión para el próximo viernes a las 19:30?,0
Última oportunidad para conseguir el curso de trading con un 80% de descuento.,1
Invierta en acciones de Tesla y gane dividendos mensuales garantizados.,1
Gracias por contactar con nuestro servicio de atención al cliente. Su ticket es #24502.,0
El profesor ha subido una nueva nota al portal de la universidad.,0
Tu suscripción a Spotify ha fallado. Actualiza tu método de pago: verificar-cuenta.net,1
Su reembolso de impuestos de 1.200 está listo. Confirme su cuenta: t.co/promo,1
Te adjunto la factura de la comida de empresa para que la pases a contabilidad.,0
La presentación del proyecto Marketing ha sido pospuesta para la semana que viene.,0
¿A qué hora quedamos mañana para ir a la universidad?,0
El gimnasio me ha avisado de que mañana abren en horario especial.,0
Su ID de Apple ha sido bloqueado por razones de seguridad. Desbloquee en verificar-cuenta.net,1
Gana una cena para dos en un restaurante estrella Michelin de tu ciudad.,1
Gana dinero probando videojuegos desde casa. Regístrate en bit.ly/secure-auth,1
Solicitud de amistad pendiente de una persona que conoces en bit.ly/secure-auth,1
¿Tienes un momento para una llamada rápida? Es sobre el tema de Beta.,0
¡Bingo! Tienes un bono de bienvenida de 500 para jugar en el casino online.,1
Aprende a ganar en la ruleta con este truco matemático infalible.,1
La reunión de padres de alumnos será en el aula magna el martes a las 19:15.,0
Consiga la sonrisa perfecta con nuestros implantes dentales a mitad de precio.,1
La reunión de padres de alumnos será en el aula magna el miércoles a las 10:45.,0
Adjunto envío el reporte de ventas correspondiente al mes de mayo.,0
Reclama tu tarjeta regalo de AliExpress de 500 euros antes de que caduque.,1
Hola Pedro; ¿sabes a qué hora abre la biblioteca hoy?,0
Trabajo de medio tiempo para Amazon. Gana hasta 100 al día.,1
Gana un viaje todo incluido a Chile respondiendo esta encuesta de 1 minuto.,1
Haz que tu web aparezca en el número 1 de Google con nuestros servicios.,1
Tu suscripción a Prime Video se ha renovado correctamente. Gracias por tu confianza.,0
Te adjunto mi CV actualizado por si te enteras de alguna vacante.,0
Descubra el secreto para ganar la lotería nacional cada semana.,1
¿Tienes un momento para una llamada rápida? Es sobre el tema de Beta.,0
Tu pedido de AliExpress ha sido cancelado. Solicita el reembolso en t.co/promo,1
¿Problemas de rendimiento masculino? Tenemos la solución definitiva en shrt.url/xyz,1
Te han dejado un mensaje de voz importante. Escúchalo aquí: premios-ya.org/click,1
El equipo de IT estará haciendo mantenimiento del servidor este miércoles de madrugada.,0
Consigue licencias de Windows y Office por menos de 5 euros en t.co/promo,1
Hola Ana; te envío los apuntes que me pediste de la clase de ayer.,0
Consigue el carnet de conducir sin examen práctico. Escríbenos ya.,1
Tu reserva de hotel en Chile ha sido confirmada con éxito.,0
Haz que tu web aparezca en el número 1 de Google con nuestros servicios.,1
Su cuenta de PayPal ha sido restringida. Verifique su identidad aquí: verificar-cuenta.net,1
Gana dinero compartiendo enlaces en tus redes sociales. Es gratis.,1
Trabaje como probador de productos electrónicos para grandes marcas.,1
Hola Lucía; te adjunto la propuesta de colaboración que hablamos.,0
Confirmación de transferencia de 5.000 pendiente. Ver detalles: verificar-cuenta.net,1
Tu coche ya está reparado. Puedes pasar a recogerlo por el taller esta tarde.,0
Hola; te mando el contacto del fontanero que vino a mi casa; es muy bueno.,0
Tu cita para la revisión del gas es el próximo miércoles por la mañana.,0
Atención: Se ha detectado un virus en su dispositivo móvil. Instale shrt.url/xyz,1
Tu coche tiene una multa de tráfico pendiente de pago. Ver imagen: shrt.url/xyz,1
Gana dinero compartiendo enlaces en tus redes sociales. Es gratis.,1
Consiga el nuevo perfume de Dior totalmente gratis participando en premios-ya.org/click,1
Recibe una tarjeta de combustible de 100€ por ser cliente de Abanca.,1
Recordatorio de cita: Peluquería el lunes a las 19:45.,0
Su cuenta de PayPal ha sido restringida. Verifique su identidad aquí: seguridad-banca.com,1
¿Vienes a la cena de cumpleaños de Carmen este viernes? Confírmame por favor.,0
Te envié las fotos que me pediste aquí: shrt.url/xyz (Contenido solo para adultos),1
¿A qué hora quedamos mañana para ir a la universidad?,0
Descubra el secreto para ganar la lotería nacional cada semana.,1
Adjunto el informe de gastos del viaje a Argentina para su revisión.,0
Tu mascota puede ser la imagen de nuestra nueva campaña de Decathlon.,1
Gana un viaje todo incluido a México respondiendo esta encuesta de 1 minuto.,1
Felicidades; eres el visitante número un millón. Reclama tu premio aquí.,1
Tu cita para renovar el DNI es el viernes a las 10:00 en la comisaría.,0
Hola Sofía; ¿puedes traer el cargador del portátil mañana a la oficina?,0
Tu cuenta de Disney+ se renovará automáticamente al precio completo. Cancela.,1
Hola Ana; ¿confirmamos la reunión para el próximo viernes a las 14:30?,0
Confirmación de cita: Masaje relajante el jueves a las 18:30.,0
El dentista me ha pedido que te recuerde tu limpieza de boca anual.,0
Hola; te mando la lista de la compra para que no se nos olvide nada.,0
Recordatorio: Tienes una cita médica el próximo lunes a las 9:00. Por favor llega puntual.,0
Te han enviado un archivo confidencial por WeTransfer. Descarga en t.co/promo,1
Adjunto envío el reporte de ventas correspondiente al mes de septiembre.,0
Hola; ¿sabes dónde puedo encontrar el archivo de los clientes antiguos?,0
Solicitud de amistad pendiente de una persona que conoces en verificar-cuenta.net,1
¿Me confirmas tu dirección actual para enviarte la invitación por correo?,0
Tu pedido de AliExpress ha sido cancelado. Solicita el reembolso en shrt.url/xyz,1
¿Problemas de rendimiento masculino? Tenemos la solución definitiva en shrt.url/xyz,1
Te adjunto mi CV actualizado por si te enteras de alguna vacante.,0
Gracias por participar en nuestro evento. Aquí tienes el certificado de asistencia.,0
¿Te apetece ir a correr un rato por el parque esta tarde?,0
Gana dinero probando videojuegos desde casa. Regístrate en t.co/promo,1
Únete a nuestra red de inversores VIP y recibe señales de trading diarias.,1
Haz que tu web aparezca en el número 1 de Google con nuestros servicios.,1
Su cuenta de PayPal ha sido restringida. Verifique su identidad aquí: seguridad-banca.com,1
Hola; te mando la lista de la compra para que no se nos olvide nada.,0
Hola Javier; te envío los apuntes que me pediste de la clase de ayer.,0
Invierta en acciones de Tesla y gane dividendos mensuales garantizados.,1
Te adjunto mi CV actualizado por si te enteras de alguna vacante.,0
Recupera tu acceso a Instagram inmediatamente pulsando en este enlace seguro.,1
Invierta en el nuevo mercado de Bitcoin antes de que suba de precio.,1
Su acceso a la banca online de CaixaBank ha sido deshabilitado. Entre en verificar-cuenta.net,1
Participa en el sorteo de un crucero por el Mediterráneo para dos personas.,1
¡Felicidades! Fuiste seleccionado para un sorteo de un iPhone 15 Pro Max.,1
He visto un piso que te podría gustar. Te paso el enlace por aquí.,0
Descubra el secreto para ganar la lotería nacional cada semana.,1
Gana dinero probando videojuegos desde casa. Regístrate en t.co/promo,1
Hola grupo; ¿alguien se ha dejado un paraguas azul en la oficina?,0
¿Vienes a la cena de cumpleaños de Carmen este viernes? Confírmame por favor.,0
Últimos días para aprovechar las rebajas de verano en relojes de lujo.,1
Tu coche tiene una multa de tráfico pendiente de pago. Ver imagen: t.co/promo,1
Hola; te mando el contacto del fontanero que vino a mi casa; es muy bueno.,0
¿Me confirmas si recibiste el paquete que te envié la semana pasada?,0
Obtenga su diploma universitario sin estudiar. Información por privado.,1
Te adjunto mi CV actualizado por si te enteras de alguna vacante.,0
Te envío la captura de pantalla con el error que me sale en la web.,0
Hola equipo; recordad que el lunes es festivo y la oficina estará cerrada.,0
¿Me podrías prestar el libro que me comentaste el otro día?,0
Su dirección IP está siendo utilizada para actividades ilegales. Protéjase.,1
Adjunto el documento con los cambios que sugeriste en la última reunión.,0
Hola Juan; te envío los apuntes que me pediste de la clase de ayer.,0
Confirmación de cancelación: Tu suscripción a Netflix ha finalizado.,0
Consigue el carnet de conducir sin examen práctico. Escríbenos ya.,1
Reclama tus tokens gratuitos de Bitcoin conectando tu wallet en shrt.url/xyz,1
¿Me podrías ayudar a configurar el nuevo router este fin de semana?,0
Te adjunto la factura de la comida de empresa para que la pases a contabilidad.,0
Tu factura de iCloud está vencida. Evita el corte del servicio aquí: premios-ya.org/click,1
Tu suscripción a Spotify ha fallado. Actualiza tu método de pago: seguridad-banca.com,1
La clase de inglés se ha cancelado por enfermedad del profesor.,0
Invierta en la industria del cannabis legal y obtenga grandes rentabilidades.,1
Confirmación de suscripción: Bienvenido al boletín de noticias de IKEA.,0
Su acceso a la plataforma de inversión ha sido bloqueado por seguridad.,1
¿Me podrías pasar el contacto de Laura? Necesito consultarle una duda técnica.,0
¿A qué hora pasa el autobús para ir al centro comercial?,0
Tu cuenta de Amazon Prime ha sido bloqueada temporalmente. Verifica en seguridad-banca.com,1
¿A qué hora quedamos mañana para ir a la universidad?,0
Tu reserva de hotel en España ha sido confirmada con éxito.,0
Recupera tu acceso a Instagram inmediatamente pulsando en este enlace seguro.,1
Felicidades; eres el visitante número un millón. Reclama tu premio aquí.,1
Consigue el carnet de conducir sin examen práctico. Escríbenos ya.,1
Tu coche ya está reparado. Puedes pasar a recogerlo por el taller esta tarde.,0
Consigue licencias de Windows y Office por menos de 5 euros en bit.ly/secure-auth,1
Tu crédito de Google Ads está listo para ser usado. Actívalo en verificar-cuenta.net,1
Confirmación de tu reserva en el restaurante para el viernes a las 20:00.,0
Consiga el nuevo perfume de Dior totalmente gratis participando en verificar-cuenta.net,1
La entrega de premios será en el auditorio el jueves por la tarde.,0
Hola Carlos; ¿has visto el mensaje que han puesto en el grupo de WhatsApp?,0
Gana 1.200 extra al mes vendiendo productos de belleza desde tu móvil.,1
Hola Elena; ¿confirmamos la reunión para el próximo lunes a las 9:30?,0
Descarga la nueva actualización crítica de seguridad para tu PC en seguridad-banca.com,1
Confirmación de transferencia de 1.200 pendiente. Ver detalles: shrt.url/xyz,1
Tu crédito de Google Ads está listo para ser usado. Actívalo en shrt.url/xyz,1
¡Bomba! La noticia que Bankinter no quiere que sepas sobre cómo ahorrar.,1
He reservado las entradas para el cine del domingo. Nos vemos allí.,0
La conferencia de tecnología empieza a las 10:00 en el pabellón 4.,0
Confirmación de transferencia de 1.200 pendiente. Ver detalles: seguridad-banca.com,1
Recordatorio de pago: Tu recibo de autónomos se cargará el próximo lunes.,0
La reunión de padres de alumnos será en el aula magna el miércoles a las 17:45.,0
¿A qué hora pasa el autobús para ir al centro comercial?,0
Te envío el código de acceso para entrar en el edificio esta tarde.,0
Confirmación de transferencia de 2.500 pendiente. Ver detalles: shrt.url/xyz,1
Has sido mencionado en una publicación. Haz clic para ver el comentario.,1
Descuentos del 90% en suplementos y salud. Visita nuestra farmacia en seguridad-banca.com,1
Vea quién está espiando su perfil de Facebook entrando en shrt.url/xyz,1
Tu cuenta de usuario ha sido creada correctamente. Pulsa aquí para activar.,0
Oferta de préstamo personal sin intereses para nuevos clientes en bit.ly/secure-auth,1
Reciba muestras gratuitas de productos Zara en su domicilio hoy mismo.,1
¿A qué hora pasa el autobús para ir al centro comercial?,0
Tu mascota puede ser la imagen de nuestra nueva campaña de Zara.,1
Atención: Se ha detectado un virus en su dispositivo móvil. Instale bit.ly/secure-auth,1
Tu pedido de Mercado Libre ya está disponible para recoger en la tienda física.,0
Hola; te mando el contacto del fontanero que vino a mi casa; es muy bueno.,0
Confirmación de cancelación: Tu suscripción a Spotify ha finalizado.,0
Confirmación de cancelación: Tu suscripción a Netflix ha finalizado.,0
Usted tiene una herencia sin reclamar de un pariente en Chile.,1
Gana dinero desde casa trabajando solo 2 horas al día. Detalles en shrt.url/xyz,1
Hola; te mando la lista de la compra para que no se nos olvide nada.,0
Su acceso a la plataforma de inversión ha sido bloqueado por seguridad.,1
Recordatorio de pago: Tu recibo de autónomos se cargará el próximo jueves.,0
Recordatorio: Mañana es el último día para entregar el informe trimestral.,0
Tu paquete de Correos está listo para entrega pero faltan datos. Pulsa shrt.url/xyz,1
¿Quieres que compremos algo para cenar o prefieres salir fuera?,0
Reclama tus tokens gratuitos de Bitcoin conectando tu wallet en seguridad-banca.com,1
Consiga el nuevo perfume de Dior totalmente gratis participando en premios-ya.org/click,1
Te envío la presentación para que le eches un vistazo antes de mañana.,0
Invierta en oro y plata de forma segura con nuestra plataforma en t.co/promo,1
Su cuenta de PayPal ha sido restringida. Verifique su identidad aquí: premios-ya.org/click,1
¿Me podrías pasar el contacto de Laura? Necesito consultarle una duda técnica.,0
Últimos días para aprovechar las rebajas de verano en relojes de lujo.,1
Gana dinero compartiendo enlaces en tus redes sociales. Es gratis.,1
Recordatorio: Tienes una clase particular de música el viernes a las 19:00.,0
Descubra el secreto para ganar la lotería nacional cada semana.,1
Tu reserva de hotel en Chile ha sido confirmada con éxito.,0
La clase de inglés se ha cancelado por enfermedad del profesor.,0
El gimnasio me ha avisado de que mañana abren en horario especial.,0
Gana dinero desde casa trabajando solo 2 horas al día. Detalles en premios-ya.org/click,1
Reciba muestras gratuitas de productos Mercado Libre en su domicilio hoy mismo.,1
Te adjunto la factura de la comida de empresa para que la pases a contabilidad.,0
Consigue licencias de Windows y Office por menos de 5 euros en bit.ly/secure-auth,1
Confirmación de cita: Masaje relajante el viernes a las 19:30.,0
La entrega de premios será en el auditorio el viernes por la tarde.,0
Consiga una suscripción de por vida a Disney+ por un pago único de 10€.,1
Te envío el menú para la boda de mi hermana. Elige un plato principal.,0
Tu reserva de hotel en México ha sido confirmada con éxito.,0
Tu cuenta de usuario ha sido creada correctamente. Pulsa aquí para activar.,0
Tu coche ya está reparado. Puedes pasar a recogerlo por el taller esta tarde.,0
Hola Lucía; te comparto las fotos del viaje. ¡Lo pasamos genial!,0
Gracias por tu compra en Decathlon. Tu pedido #42291 ya está de camino.,0
Hola; soy una joven que busca amistad. Escríbeme a mi Telegram: @user_hot,1
Su préstamo ha sido aprobado. Reciba el dinero en menos de 10 minutos.,1
Compra seguidores reales para TikTok e Instagram al mejor precio en shrt.url/xyz,1
Recibe 15.000 euros por abrir una cuenta en nuestro nuevo banco digital.,1
¿Me confirmas tu dirección actual para enviarte la invitación por correo?,0
¿Buscas pareja? Hay 5 personas cerca de ti queriendo conocerte en premios-ya.org/click,1
¿Te apetece ir a correr un rato por el parque esta tarde?,0
Te envío el código de acceso para entrar en el edificio esta tarde.,0
He encontrado las llaves que habías perdido. Las tengo yo en casa.,0
Hola; te mando la lista de la compra para que no se nos olvide nada.,0
¿Podemos mover la reunión de las 9:00 a una hora más tarde?,0
Hola María; ¿puedes traer el cargador del portátil mañana a la oficina?,0
¿Tienes un momento para una llamada rápida? Es sobre el tema de Alpha.,0
Su cuenta ha sido seleccionada para una auditoría de seguridad. Pulse aquí.,1
¡Bingo! Tienes un bono de bienvenida de 100 para jugar en el casino online.,1
Tu suscripción a HBO Max ha fallado. Actualiza tu método de pago: seguridad-banca.com,1
¿A qué hora quedamos mañana para ir a la universidad?,0
Confirmación de vuelo: Tu check-in para el viaje a México ya está abierto.,0
Gana dinero enviando correos electrónicos desde casa. Método probado.,1
Consigue el nuevo Samsung Galaxy S24 Ultra por solo 1 euro participando aquí.,1
Atención cliente: Su clave de acceso caduca en 24 horas. Cámbiela en shrt.url/xyz,1
La reunión de padres de alumnos será en el aula magna el lunes a las 11:45.,0
¡Bingo! Tienes un bono de bienvenida de 2.500 para jugar en el casino online.,1
Descuentos del 90% en suplementos y salud. Visita nuestra farmacia en premios-ya.org/click,1
Tu reserva de hotel en Colombia ha sido confirmada con éxito.,0
Hola Sofía; ¿te llegó el correo con los detalles del proyecto Sigma?,0
Hola Carlos; te adjunto la propuesta de colaboración que hablamos.,0
Tu recibo del alquiler de este mes ya ha sido procesado por el banco.,0
Te envío el documento de Word con mis comentarios en control de cambios.,0
Recordatorio de cita: Peluquería el martes a las 17:00.,0
¿Quieres que compremos algo para cenar o prefieres salir fuera?,0
Su cuenta de PayPal ha sido restringida. Verifique su identidad aquí: shrt.url/xyz,1
Gana una beca completa para estudiar en el extranjero. Pulsa aquí: t.co/promo,1
Hola mamá; ya hemos llegado al hotel. Todo está perfecto. Besos.,0
Hola Roberto; ¿has podido revisar el presupuesto que te mandé?,0
Tu cuenta de Amazon Prime ha sido bloqueada temporalmente. Verifica en shrt.url/xyz,1
Su paquete ha sido entregado en un punto de recogida. Ver dirección: t.co/promo,1
Confirmación de envío: Su paquete de Zara llegará mañana entre las 9 y las 14h.,0
Confirmación de transferencia de 2.500 pendiente. Ver detalles: seguridad-banca.com,1
Consiga el nuevo perfume de Dior totalmente gratis participando en t.co/promo,1
Gana una beca completa para estudiar en el extranjero. Pulsa aquí: bit.ly/secure-auth,1
Te envío el documento de Word con mis comentarios en control de cambios.,0
Tu paquete de Correos está listo para entrega pero faltan datos. Pulsa shrt.url/xyz,1
Hola Javier; ¿sabes a qué hora abre la biblioteca hoy?,0
Acceda a la preventa exclusiva de la nueva moneda Bitcoin solo por invitación.,1
Descarga la nueva actualización crítica de seguridad para tu PC en t.co/promo,1
Atención: Su cuenta de correo será eliminada si no confirma sus datos en seguridad-banca.com,1
Gracias por participar en nuestro evento. Aquí tienes el certificado de asistencia.,0
Invierta en propiedades inmobiliarias desde solo 100 euros con crowdfunding.,1
El gimnasio me ha avisado de que mañana abren en horario especial.,0
Hola María; ¿has podido revisar el presupuesto que te mandé?,0
Únete a nuestra red de inversores VIP y recibe señales de trading diarias.,1
Te han enviado un archivo confidencial por WeTransfer. Descarga en bit.ly/secure-auth,1
¿Me confirmas si recibiste el paquete que te envié la semana pasada?,0
Descuentos del 90% en suplementos y salud. Visita nuestra farmacia en t.co/promo,1
Tu cuenta de Disney+ se renovará automáticamente al precio completo. Cancela.,1
Hola; ¿sabes dónde puedo encontrar el archivo de los clientes antiguos?,0
Hola; te escribo para confirmarte que ya he recibido el pago. Gracias.,0
Atención cliente: Su clave de acceso caduca en 24 horas. Cámbiela en premios-ya.org/click,1
Hola equipo; recordad que el lunes es festivo y la oficina estará cerrada.,0
Su préstamo ha sido aprobado. Reciba el dinero en menos de 10 minutos.,1
Gana dinero compartiendo enlaces en tus redes sociales. Es gratis.,1
Invierta en el nuevo mercado de Bitcoin antes de que suba de precio.,1
Tu cita para la revisión del gas es el próximo jueves por la mañana.,0
Tu coche ya está reparado. Puedes pasar a recogerlo por el taller esta tarde.,0
Hola; ¿sabes dónde puedo encontrar el archivo de los clientes antiguos?,0
Hackers tienen tus videos privados. Paga en Bitcoin para evitar que se publiquen.,1
Hola María; te envío los apuntes que me pediste de la clase de ayer.,0
Participa en el sorteo de un crucero por el Mediterráneo para dos personas.,1
Te adjunto el plano de la nueva oficina. Mi mesa es la del rincón.,0
La presentación del proyecto Ventas 2024 ha sido pospuesta para la semana que viene.,0
Hola; ¿sabes dónde puedo encontrar el archivo de los clientes antiguos?,0
Recordatorio: Tienes una clase particular de música el martes a las 17:30.,0
Descuentos del 90% en suplementos y salud. Visita nuestra farmacia en seguridad-banca.com,1
¡Bomba! La noticia que Santander no quiere que sepas sobre cómo ahorrar.,1
Atención: Su cuenta de correo será eliminada si no confirma sus datos en shrt.url/xyz,1
La entrega de premios será en el auditorio el miércoles por la tarde.,0
Hola Ana; ¿has visto el mensaje que han puesto en el grupo de WhatsApp?,0
Tu cuenta de Netflix será suspendida. Por favor actualiza tus datos de pago.,1
Hackers tienen tus videos privados. Paga en Bitcoin para evitar que se publiquen.,1
Hola Pedro; espero que estés mejor de tu resfriado. Recupérate pronto.,0
Tu suscripción a Spotify ha fallado. Actualiza tu método de pago: verificar-cuenta.net,1
Consigue el nuevo Samsung Galaxy S24 Ultra por solo 1 euro participando aquí.,1
Confirmación de cancelación: Tu suscripción a Disney+ ha finalizado.,0
Gana 45.000 extra al mes vendiendo productos de belleza desde tu móvil.,1
Hola Pedro; ¿te llegó el correo con los detalles del proyecto Beta?,0
Hola; te escribo para agradecerte la ayuda con la mudanza del otro día.,0
Tu recibo del alquiler de este mes ya ha sido procesado por el banco.,0
Hola; te escribo para decirte que al final no podré ir al cine; lo siento.,0
Confirmación de vuelo: Tu check-in para el viaje a Argentina ya está abierto.,0
Tu pedido de IKEA ya está disponible para recoger en la tienda física.,0
¿Quedamos en la puerta del metro a las 14:45 para ir al concierto?,0
Te han enviado un archivo confidencial por WeTransfer. Descarga en bit.ly/secure-auth,1
Adjunto envío el reporte de ventas correspondiente al mes de agosto.,0
Confirmación de cita: Masaje relajante el miércoles a las 16:45.,0
¿Quieres que compremos algo para cenar o prefieres salir fuera?,0
¿Me puedes pasar la receta de la tarta que hiciste el domingo? Estaba riquísima.,0
Hola Pedro; te llamé pero no me lo cogiste. Llámame cuando puedas.,0
Felicidades; eres el visitante número un millón. Reclama tu premio aquí.,1
Tu cuenta de usuario ha sido creada correctamente. Pulsa aquí para activar.,0
Adjunto envío el reporte de ventas correspondiente al mes de enero.,0
Recibe una tarjeta de combustible de 100€ por ser cliente de CaixaBank.,1
Gana dinero probando videojuegos desde casa. Regístrate en premios-ya.org/click,1
He visto un piso que te podría gustar. Te paso el enlace por aquí.,0
Tu factura de HBO Max está vencida. Evita el corte del servicio aquí: seguridad-banca.com,1
Tu recibo del alquiler de este mes ya ha sido procesado por el banco.,0
Tu suscripción a HBO Max ha fallado. Actualiza tu método de pago: seguridad-banca.com,1
Tu cita para la revisión del gas es el próximo próximo lunes por la mañana.,0
La clase de inglés se ha cancelado por enfermedad del profesor.,0
Te envío la presentación para que le eches un vistazo antes de mañana.,0
Adjunto el documento con los cambios que sugeriste en la última reunión.,0
Consigue el nuevo Samsung Galaxy S24 Ultra por solo 1 euro participando aquí.,1
Confirmación de vuelo: Tu check-in para el viaje a España ya está abierto.,0
Hola grupo; ¿alguien se ha dejado un paraguas azul en la oficina?,0
Su paquete ha sido entregado en un punto de recogida. Ver dirección: t.co/promo,1
Gracias por participar en nuestro evento. Aquí tienes el certificado de asistencia.,0
¡Alerta! Alguien ha intentado cambiar la contraseña de su cuenta de Spotify.,1
¿Quieres que compremos algo para cenar o prefieres salir fuera?,0
¿Quedamos en la puerta del metro a las 14:30 para ir al concierto?,0
Atención: Su cuenta de correo será eliminada si no confirma sus datos en t.co/promo,1
Tu reserva de hotel en Colombia ha sido confirmada con éxito.,0
Te adjunto el ticket de compra por si tienes que cambiar algo en la tienda.,0
Tu factura de Movistar+ de este mes ya está disponible para descargar.,0
La entrega de premios será en el auditorio el martes por la tarde.,0
Hackers tienen tus videos privados. Paga en Bitcoin para evitar que se publiquen.,1
Aviso de embargo: Tienes una deuda pendiente con ING. Paga ahora: seguridad-banca.com,1
Su cuenta ha sido seleccionada para una auditoría de seguridad. Pulse aquí.,1
Su dirección IP está siendo utilizada para actividades ilegales. Protéjase.,1
Hola Pedro; ¿confirmamos la reunión para el próximo lunes a las 14:00?,0
Tu cuenta de Amazon Prime ha sido bloqueada temporalmente. Verifica en shrt.url/xyz,1
El pedido de papelería para la oficina ya ha llegado. Está en recepción.,0
He encontrado las llaves que habías perdido. Las tengo yo en casa.,0
Su préstamo ha sido aprobado. Reciba el dinero en menos de 10 minutos.,1
Su cuenta ha sido seleccionada para una auditoría de seguridad. Pulse aquí.,1
¿Problemas de rendimiento masculino? Tenemos la solución definitiva en premios-ya.org/click,1
¿Quieres que compremos algo para cenar o prefieres salir fuera?,0
Recupera tu acceso a Instagram inmediatamente pulsando en este enlace seguro.,1
Se ha detectado un inicio de sesión sospechoso en su cuenta de BBVA.,1
Urgente: Alerta de virus detectada en su navegador. Limpie su sistema en verificar-cuenta.net,1
Te han dejado un mensaje de voz importante. Escúchalo aquí: premios-ya.org/click,1
Su ID de Apple ha sido bloqueado por razones de seguridad. Desbloquee en premios-ya.org/click,1
Gana 5.000 extra al mes vendiendo productos de belleza desde tu móvil.,1
¿Me confirmas si recibiste el paquete que te envié la semana pasada?,0
Reclama tu tarjeta regalo de IKEA de 500 euros antes de que caduque.,1
Consigue el carnet de conducir sin examen práctico. Escríbenos ya.,1
Hola Lucía; ¿te llegó el correo con los detalles del proyecto Marketing?,0
Tu cuenta de Disney+ se renovará automáticamente al precio completo. Cancela.,1
Confirmación de vuelo: Tu check-in para el viaje a México ya está abierto.,0
He reservado las entradas para el cine del domingo. Nos vemos allí.,0
Te envío el documento de Word con mis comentarios en control de cambios.,0
Tu suscripción premium ha caducado. Haz clic para renovar con descuento.,1
Has ganado un premio de 15.000 euros en la lotería de Colombia. Contacta a admin@verificar-datos.com.,1
Tu cita para renovar el DNI es el miércoles a las 16:00 en la comisaría.,0
¿Te apetece ir a correr un rato por el parque esta tarde?,0
Hackers tienen tus videos privados. Paga en Bitcoin para evitar que se publiquen.,1
Ayuda humanitaria: Donación de 15.000 euros a su nombre. Responda a este mail.,1
Hola; ¿sabes dónde puedo encontrar el archivo de los clientes antiguos?,0
Te mando el presupuesto para la reforma del baño. Avísame si tienes dudas.,0
Recordatorio de cita: Peluquería el viernes a las 19:30.,0
¿Me podrías ayudar a configurar el nuevo router este fin de semana?,0
¿A qué hora quedamos mañana para ir a la universidad?,0
Confirmación de suscripción: Bienvenido al boletín de noticias de Decathlon.,0
El dentista me ha pedido que te recuerde tu limpieza de boca anual.,0
Hola María; ¿sabes a qué hora abre la biblioteca hoy?,0
La reunión con los inversores ha ido muy bien. Luego te cuento los detalles.,0
Recordatorio de cita: Peluquería el jueves a las 10:00.,0
Tu pedido de comida a domicilio llegará en unos 15 minutos. ¡Que aproveche!,0
Te adjunto la factura de la comida de empresa para que la pases a contabilidad.,0
¿Me confirmas si recibiste el paquete que te envié la semana pasada?,0
Te envié las fotos que me pediste aquí: t.co/promo (Contenido solo para adultos),1
Tu factura de Spotify está vencida. Evita el corte del servicio aquí: seguridad-banca.com,1
Hola María; ¿puedes traer el cargador del portátil mañana a la oficina?,0
Hola Pedro; ¿has podido revisar el presupuesto que te mandé?,0
Tu reserva de hotel en Perú ha sido confirmada con éxito.,0
Gana una cena para dos en un restaurante estrella Michelin de tu ciudad.,1
Te envío el código de acceso para entrar en el edificio esta tarde.,0
Ayuda humanitaria: Donación de 500 euros a su nombre. Responda a este mail.,1
Recordatorio: Mañana es el último día para entregar el informe trimestral.,0
La conferencia de tecnología empieza a las 10:00 en el pabellón 4.,0
Obtenga su diploma universitario sin estudiar. Información por privado.,1
Adjunto envío el reporte de ventas correspondiente al mes de febrero.,0
Recordatorio de pago: Tu recibo de autónomos se cargará el próximo viernes.,0
Te envío el enlace de Zoom para la clase de yoga de mañana.,0
Tu suscripción a Netflix ha fallado. Actualiza tu método de pago: bit.ly/secure-auth,1
¡Bomba! La noticia que Banco Sabadell no quiere que sepas sobre cómo ahorrar.,1
Te envío el código de acceso para entrar en el edificio esta tarde.,0
¿Podrías revisar el texto que te envié por correo antes de mandarlo al cliente?,0
Hola Javier; te adjunto la propuesta de colaboración que hablamos.,0
Adjunto el itinerario de nuestro viaje a España. ¡Qué ganas de ir!,0
¿Te apetece ir a correr un rato por el parque esta tarde?,0
Consigue licencias de Windows y Office por menos de 5 euros en bit.ly/secure-auth,1
Tu recibo del alquiler de este mes ya ha sido procesado por el banco.,0
Hola Roberto; ¿puedes traer el cargador del portátil mañana a la oficina?,0
¡Alerta! Alguien ha intentado cambiar la contraseña de su cuenta de Spotify.,1
Su cuenta ha sido seleccionada para una auditoría de seguridad. Pulse aquí.,1
Has ganado un premio de 100 euros en la lotería de España. Contacta a admin@verificar-datos.com.,1
Descuentos del 90% en suplementos y salud. Visita nuestra farmacia en verificar-cuenta.net,1
El profesor ha subido una nueva nota al portal de la universidad.,0
Confirmación de cita: Masaje relajante el viernes a las 12:15.,0
Hola mamá; ya hemos llegado al hotel. Todo está perfecto. Besos.,0
El gimnasio me ha avisado de que mañana abren en horario especial.,0
Haz que tu web aparezca en el número 1 de Google con nuestros servicios.,1
¿Vienes a la cena de cumpleaños de Carmen este viernes? Confírmame por favor.,0
Te han dejado un mensaje de voz importante. Escúchalo aquí: seguridad-banca.com,1
La conferencia de tecnología empieza a las 10:00 en el pabellón 4.,0
Tu coche tiene una multa de tráfico pendiente de pago. Ver imagen: t.co/promo,1
Felicidades Javier; has sido preseleccionado para el reality show de moda.,1
Te adjunto el contrato firmado para que podamos proceder con el alta.,0
Hola; te escribo para confirmarte que ya he recibido el pago. Gracias.,0
Recordatorio de pago: Tu recibo de autónomos se cargará el próximo próximo lunes.,0
Recibe una tarjeta de combustible de 100€ por ser cliente de BBVA.,1
Te han dejado un mensaje de voz importante. Escúchalo aquí: seguridad-banca.com,1
Gana un viaje todo incluido a España respondiendo esta encuesta de 1 minuto.,1
Tu suscripción premium ha caducado. Haz clic para renovar con descuento.,1
Invierta en el nuevo mercado de Bitcoin antes de que suba de precio.,1
La conferencia de tecnología empieza a las 10:00 en el pabellón 4.,0
Aprende a ganar en la ruleta con este truco matemático infalible.,1
Confirmación de cita: Masaje relajante el jueves a las 19:00.,0
Hola; soy una joven que busca amistad. Escríbeme a mi Telegram: @user_hot,1
Hola; ¿sabes dónde puedo encontrar el archivo de los clientes antiguos?,0
Hola Carlos; espero que estés mejor de tu resfriado. Recupérate pronto.,0
El dentista me ha pedido que te recuerde tu limpieza de boca anual.,0
Te adjunto mi CV actualizado por si te enteras de alguna vacante.,0
Compra seguidores reales para TikTok e Instagram al mejor precio en shrt.url/xyz,1
Has sido mencionado en una publicación. Haz clic para ver el comentario.,1
Tu cita para renovar el DNI es el jueves a las 14:00 en la comisaría.,0
Te envío el código de acceso para entrar en el edificio esta tarde.,0
Tu cita para renovar el DNI es el jueves a las 13:15 en la comisaría.,0
Adjunto el informe de gastos del viaje a Argentina para su revisión.,0
Te adjunto el ticket de compra por si tienes que cambiar algo en la tienda.,0
Tu seguro de coche está a punto de vencer. Compara y ahorra con nosotros.,1
Únete a nuestra red de inversores VIP y recibe señales de trading diarias.,1
Aumenta tus seguidores en redes sociales de forma orgánica y rápida con seguridad-banca.com,1
Consigue licencias de Windows y Office por menos de 5 euros en verificar-cuenta.net,1
La reunión de padres de alumnos será en el aula magna el viernes a las 14:00.,0
Gana dinero compartiendo enlaces en tus redes sociales. Es gratis.,1
Tu seguro de coche está a punto de vencer. Compara y ahorra con nosotros.,1
Recordatorio: Tienes una cita médica el jueves a las 10:30. Por favor llega puntual.,0
Te mando el presupuesto para la reforma del baño. Avísame si tienes dudas.,0
Haz que tu web aparezca en el número 1 de Google con nuestros servicios.,1
¿Me podrías prestar el libro que me comentaste el otro día?,0
Hola; te mando el contacto del fontanero que vino a mi casa; es muy bueno.,0
Hola María; ¿has podido revisar el presupuesto que te mandé?,0
Te envío el código de acceso para entrar en el edificio esta tarde.,0
Reciba muestras gratuitas de productos Amazon en su domicilio hoy mismo.,1
¿Te apetece ir a correr un rato por el parque esta tarde?,0
Hola equipo; recordad que el lunes es festivo y la oficina estará cerrada.,0
Gana una beca completa para estudiar en el extranjero. Pulsa aquí: verificar-cuenta.net,1
¿Tienes un momento para una llamada rápida? Es sobre el tema de Alpha.,0
Adjunto el informe de gastos del viaje a Perú para su revisión.,0
Invierta en oro y plata de forma segura con nuestra plataforma en t.co/promo,1
Invierta en propiedades inmobiliarias desde solo 100 euros con crowdfunding.,1
Acceda a la preventa exclusiva de la nueva moneda Bitcoin solo por invitación.,1
¿Me puedes pasar la receta de la tarta que hiciste el domingo? Estaba riquísima.,0
Gana 500 extra al mes vendiendo productos de belleza desde tu móvil.,1
Hola Sofía; te adjunto la propuesta de colaboración que hablamos.,0
Hola Sofía; te adjunto la propuesta de colaboración que hablamos.,0
¿Problemas de rendimiento masculino? Tenemos la solución definitiva en bit.ly/secure-auth,1
¿Tienes un momento para una llamada rápida? Es sobre el tema de Sigma.,0
Gana una tarjeta regalo de IKEA de 200 euros completando este test.,1
Tu factura de Disney+ de este mes ya está disponible para descargar.,0
Consiga la sonrisa perfecta con nuestros implantes dentales a mitad de precio.,1
El profesor ha subido una nueva nota al portal de la universidad.,0
¡URGENTE! Tu cuenta de ING ha sido bloqueada. Reactiva aquí: bit.ly/secure-auth,1
Tu cuenta de Netflix será suspendida. Por favor actualiza tus datos de pago.,1
Consigue el nuevo Samsung Galaxy S24 Ultra por solo 1 euro participando aquí.,1
Consiga el nuevo perfume de Dior totalmente gratis participando en shrt.url/xyz,1
Tu paquete de Correos está listo para entrega pero faltan datos. Pulsa verificar-cuenta.net,1
¿Me podrías prestar el libro que me comentaste el otro día?,0
¿Me confirmas si el restaurante tiene opciones vegetarianas para la cena?,0
Vea quién está espiando su perfil de Facebook entrando en seguridad-banca.com,1
El profesor ha subido una nueva nota al portal de la universidad.,0
Recibe una tarjeta de combustible de 100€ por ser cliente de CaixaBank.,1
Tu coche tiene una multa de tráfico pendiente de pago. Ver imagen: bit.ly/secure-auth,1
Oferta de préstamo personal sin intereses para nuevos clientes en seguridad-banca.com,1
Hola jefe; ya he terminado las tareas que me encargó esta mañana.,0
¿Problemas de rendimiento masculino? Tenemos la solución definitiva en premios-ya.org/click,1
Descubra el secreto para ganar la lotería nacional cada semana.,1
Últimos días para aprovechar las rebajas de verano en relojes de lujo.,1
Hola Juan; ¿te llegó el correo con los detalles del proyecto Ventas 2024?,0
Te envío el enlace de Zoom para la clase de yoga de mañana.,0
Hola; te escribo para agradecerte la ayuda con la mudanza del otro día.,0
Te envío el menú para la boda de mi hermana. Elige un plato principal.,0
Recordatorio: Tienes una clase particular de música el viernes a las 19:30.,0
Invierta en el nuevo mercado de Bitcoin antes de que suba de precio.,1
Confirmación de cita: Masaje relajante el jueves a las 19:30.,0
He encontrado las llaves que habías perdido. Las tengo yo en casa.,0
Gana dinero probando videojuegos desde casa. Regístrate en premios-ya.org/click,1
Te han dejado un mensaje de voz importante. Escúchalo aquí: t.co/promo,1
Tu cuenta de usuario ha sido creada correctamente. Pulsa aquí para activar.,0
He encontrado las llaves que habías perdido. Las tengo yo en casa.,0
Hola Roberto; te llamé pero no me lo cogiste. Llámame cuando puedas.,0
Adjunto el informe de gastos del viaje a Perú para su revisión.,0
¿Me confirmas tu dirección actual para enviarte la invitación por correo?,0
¿Problemas de rendimiento masculino? Tenemos la solución definitiva en premios-ya.org/click,1
Adjunto el documento con los cambios que sugeriste en la última reunión.,0
Gana dinero compartiendo enlaces en tus redes sociales. Es gratis.,1
Su cuenta ha sido seleccionada para una auditoría de seguridad. Pulse aquí.,1
He encontrado las llaves que habías perdido. Las tengo yo en casa.,0
Te adjunto mi CV actualizado por si te enteras de alguna vacante.,0
Se ha realizado una compra de 5.000 en Zara con su tarjeta. ¿No fue usted?,1
Nuevo mensaje de tu banco: Tienes un aviso importante en tu buzón virtual.,1
Felicidades Lucía; has sido preseleccionado para el reality show de moda.,1
Oferta de empleo: Buscamos asistente remoto. Sueldo de 5.000 semanales.,1
Tu mascota puede ser la imagen de nuestra nueva campaña de AliExpress.,1
Invierta en propiedades inmobiliarias desde solo 100 euros con crowdfunding.,1
Confirmación de cita: Masaje relajante el martes a las 9:00.,0
Gana dinero probando videojuegos desde casa. Regístrate en verificar-cuenta.net,1
Hola; ¿me podrías decir qué deberes tienen los niños para mañana?,0
Su reembolso de impuestos de 500 está listo. Confirme su cuenta: seguridad-banca.com,1
Gana una cena para dos en un restaurante estrella Michelin de tu ciudad.,1
¿Me confirmas si recibiste el paquete que te envié la semana pasada?,0
He reservado las entradas para el cine del domingo. Nos vemos allí.,0
He reservado las entradas para el cine del domingo. Nos vemos allí.,0
Hola equipo; el café de la cocina se ha terminado. ¿Alguien puede comprar?,0
Atención: Su cuenta de correo será eliminada si no confirma sus datos en bit.ly/secure-auth,1
Hola; te escribo desde el soporte técnico para resolver tu incidencia.,0
Haz que tu web aparezca en el número 1 de Google con nuestros servicios.,1
Ayuda humanitaria: Donación de 5.000 euros a su nombre. Responda a este mail.,1
Usted tiene una herencia sin reclamar de un pariente en Argentina.,1
Oferta de préstamo personal sin intereses para nuevos clientes en shrt.url/xyz,1
Confirmación de cita: Masaje relajante el miércoles a las 16:00.,0
Descarga la nueva actualización crítica de seguridad para tu PC en verificar-cuenta.net,1
Ahorra hasta un 70% en tu factura de la luz con estos nuevos paneles solares.,1
Hola jefe; ya he terminado las tareas que me encargó esta mañana.,0
Hola María; te llamé pero no me lo cogiste. Llámame cuando puedas.,0
Felicidades; eres el visitante número un millón. Reclama tu premio aquí.,1
Aprende a ganar en la ruleta con este truco matemático infalible.,1
Recupera tu acceso a Instagram inmediatamente pulsando en este enlace seguro.,1
Hola Carlos; ¿puedes traer el cargador del portátil mañana a la oficina?,0
Has sido mencionado en una publicación. Haz clic para ver el comentario.,1
¿Quieres que compremos algo para cenar o prefieres salir fuera?,0
Gana dinero enviando correos electrónicos desde casa. Método probado.,1
¿Me podrías prestar el libro que me comentaste el otro día?,0
Tu cuenta de Amazon Prime ha sido bloqueada temporalmente. Verifica en verificar-cuenta.net,1
Tu suscripción a Disney+ se ha renovado correctamente. Gracias por tu confianza.,0
Tu suscripción premium ha caducado. Haz clic para renovar con descuento.,1
Tu cuenta de Amazon Prime ha sido bloqueada temporalmente. Verifica en verificar-cuenta.net,1
Reclama tu tarjeta regalo de IKEA de 500 euros antes de que caduque.,1
¿Problemas de rendimiento masculino? Tenemos la solución definitiva en t.co/promo,1
El dentista me ha pedido que te recuerde tu limpieza de boca anual.,0
Su dirección IP está siendo utilizada para actividades ilegales. Protéjase.,1
Nuevo mensaje de tu banco: Tienes un aviso importante en tu buzón virtual.,1
Tu cuenta de Amazon Prime ha sido bloqueada temporalmente. Verifica en bit.ly/secure-auth,1
Tu suscripción a HBO Max se ha renovado correctamente. Gracias por tu confianza.,0
La presentación del proyecto Beta ha sido pospuesta para la semana que viene.,0
La reunión de padres de alumnos será en el aula magna el miércoles a las 12:30.,0
Te adjunto mi CV actualizado por si te enteras de alguna vacante.,0
El pedido de papelería para la oficina ya ha llegado. Está en recepción.,0
Has ganado un premio de 100 euros en la lotería de Chile. Contacta a admin@verificar-datos.com.,1
¿Te apetece ir a correr un rato por el parque esta tarde?,0
¿Buscas pareja? Hay 5 personas cerca de ti queriendo conocerte en seguridad-banca.com,1
Urgente: Alerta de virus detectada en su navegador. Limpie su sistema en bit.ly/secure-auth,1
El dentista me ha pedido que te recuerde tu limpieza de boca anual.,0
Confirmación de cita: Masaje relajante el miércoles a las 14:15.,0
¡URGENTE! Tu cuenta de Unicaja ha sido bloqueada. Reactiva aquí: verificar-cuenta.net,1
Tu factura de Prime Video de este mes ya está disponible para descargar.,0
Aprende a ganar en la ruleta con este truco matemático infalible.,1
Te adjunto el manual de usuario del nuevo software que vamos a implementar.,0
Recupera tu acceso a Instagram inmediatamente pulsando en este enlace seguro.,1
Tu cuenta de Netflix será suspendida. Por favor actualiza tus datos de pago.,1
Tu cita para la revisión del gas es el próximo jueves por la mañana.,0
Adjunto el itinerario de nuestro viaje a Argentina. ¡Qué ganas de ir!,0
Oferta de préstamo personal sin intereses para nuevos clientes en shrt.url/xyz,1
Última oportunidad para conseguir el curso de trading con un 80% de descuento.,1
Tu cita para renovar el DNI es el jueves a las 16:45 en la comisaría.,0
Usted tiene una herencia sin reclamar de un pariente en Chile.,1
Mejora tu historial crediticio con nuestro método legal y rápido.,1
El gimnasio me ha avisado de que mañana abren en horario especial.,0
¿Me confirmas si el restaurante tiene opciones vegetarianas para la cena?,0
¿Me puedes pasar la receta de la tarta que hiciste el domingo? Estaba riquísima.,0
Hola; te escribo desde el soporte técnico para resolver tu incidencia.,0
Hola Pedro; ¿has visto el mensaje que han puesto en el grupo de WhatsApp?,0
Su préstamo de 45.000 ha sido pre-aprobado. Solicítelo ya en shrt.url/xyz,1
Invierta en la industria del cannabis legal y obtenga grandes rentabilidades.,1
Recordatorio de pago: Tu recibo de autónomos se cargará el próximo martes.,0
Te envío el código de acceso para entrar en el edificio esta tarde.,0
Se ha realizado una compra de 2.500 en El Corte Inglés con su tarjeta. ¿No fue usted?,1
Recordatorio: Tienes una clase particular de música el jueves a las 17:30.,0
¿Quedamos en la puerta del metro a las 10:45 para ir al concierto?,0
Acceda a la preventa exclusiva de la nueva moneda Bitcoin solo por invitación.,1
Hola María; te adjunto la propuesta de colaboración que hablamos.,0
Recordatorio: Tienes una cita médica el martes a las 10:45. Por favor llega puntual.,0
El equipo de IT estará haciendo mantenimiento del servidor este martes de madrugada.,0
Has sido mencionado en una publicación. Haz clic para ver el comentario.,1
Invierta en acciones de Tesla y gane dividendos mensuales garantizados.,1
Tu coche tiene una multa de tráfico pendiente de pago. Ver imagen: shrt.url/xyz,1
Reciba muestras gratuitas de productos Decathlon en su domicilio hoy mismo.,1
¡Felicidades! Fuiste seleccionado para un sorteo de un iPhone 15 Pro Max.,1
Te han dejado un mensaje de voz importante. Escúchalo aquí: shrt.url/xyz,1
Trabajo de medio tiempo para Amazon. Gana hasta 100 al día.,1
¿A qué hora pasa el autobús para ir al centro comercial?,0
Su préstamo ha sido aprobado. Reciba el dinero en menos de 10 minutos.,1
Su acceso a la banca online de CaixaBank ha sido deshabilitado. Entre en t.co/promo,1
Confirmación de envío: Su paquete de Mercado Libre llegará mañana entre las 9 y las 14h.,0
Haz que tu web aparezca en el número 1 de Google con nuestros servicios.,1
La presentación del proyecto Sigma ha sido pospuesta para la semana que viene.,0
Te han dejado un mensaje de voz importante. Escúchalo aquí: t.co/promo,1
Te adjunto mi CV actualizado por si te enteras de alguna vacante.,0
Su ID de Apple ha sido bloqueado por razones de seguridad. Desbloquee en shrt.url/xyz,1
Invierta en el nuevo mercado de Bitcoin antes de que suba de precio.,1
Reciba muestras gratuitas de productos Mercado Libre en su domicilio hoy mismo.,1
Gana un viaje todo incluido a España respondiendo esta encuesta de 1 minuto.,1
Su préstamo ha sido aprobado. Reciba el dinero en menos de 10 minutos.,1
Gana una tarjeta regalo de IKEA de 200 euros completando este test.,1
¿Buscas pareja? Hay 5 personas cerca de ti queriendo conocerte en shrt.url/xyz,1
Confirmación de suscripción: Bienvenido al boletín de noticias de IKEA.,0
¡Alerta! Alguien ha intentado cambiar la contraseña de su cuenta de Disney+.,1
Recupera tu acceso a Instagram inmediatamente pulsando en este enlace seguro.,1
Reclama tu tarjeta regalo de Decathlon de 500 euros antes de que caduque.,1
Te han enviado un archivo confidencial por WeTransfer. Descarga en bit.ly/secure-auth,1
Hola grupo; ¿alguien se ha dejado un paraguas azul en la oficina?,0
Has sido mencionado en una publicación. Haz clic para ver el comentario.,1
¿A qué hora quedamos mañana para ir a la universidad?,0
¡URGENTE! Tu cuenta de Unicaja ha sido bloqueada. Reactiva aquí: t.co/promo,1
Hola Sofía; espero que estés mejor de tu resfriado. Recupérate pronto.,0
Gracias por tu compra en AliExpress. Tu pedido #9097 ya está de camino.,0
Acceda a la preventa exclusiva de la nueva moneda Bitcoin solo por invitación.,1
Recibe 1.200 euros por abrir una cuenta en nuestro nuevo banco digital.,1
Hola equipo; recordad que el lunes es festivo y la oficina estará cerrada.,0
Hola; te escribo para confirmarte que ya he recibido el pago. Gracias.,0
Invierta en propiedades inmobiliarias desde solo 100 euros con crowdfunding.,1
Hola equipo; el café de la cocina se ha terminado. ¿Alguien puede comprar?,0
Te han dejado un mensaje de voz importante. Escúchalo aquí: t.co/promo,1
¿Me podrías pasar el contacto de Laura? Necesito consultarle una duda técnica.,0
¿Me podrías pasar el contacto de Laura? Necesito consultarle una duda técnica.,0
Hola; te escribo desde el soporte técnico para resolver tu incidencia.,0
Hola Pedro; ¿has podido revisar el presupuesto que te mandé?,0
Felicidades María; has sido preseleccionado para el reality show de moda.,1
Atención: Su cuenta de correo será eliminada si no confirma sus datos en premios-ya.org/click,1
Gana dinero probando videojuegos desde casa. Regístrate en bit.ly/secure-auth,1
Gana dinero enviando correos electrónicos desde casa. Método probado.,1
Mejora tu historial crediticio con nuestro método legal y rápido.,1
Te adjunto el contrato firmado para que podamos proceder con el alta.,0
Te envío la captura de pantalla con el error que me sale en la web.,0
Recordatorio: Tienes una cita médica el lunes a las 10:15. Por favor llega puntual.,0
¿Te apetece ir a correr un rato por el parque esta tarde?,0
He encontrado las llaves que habías perdido. Las tengo yo en casa.,0
Consiga el nuevo perfume de Dior totalmente gratis participando en t.co/promo,1
Te adjunto el ticket de compra por si tienes que cambiar algo en la tienda.,0
¡URGENTE! Tu cuenta de Bankinter ha sido bloqueada. Reactiva aquí: premios-ya.org/click,1
Su dirección IP está siendo utilizada para actividades ilegales. Protéjase.,1
Acceda a la preventa exclusiva de la nueva moneda Bitcoin solo por invitación.,1
¿Podrías revisar el texto que te envié por correo antes de mandarlo al cliente?,0
Hola mamá; ya hemos llegado al hotel. Todo está perfecto. Besos.,0
Tu mascota puede ser la imagen de nuestra nueva campaña de IKEA.,1
Su reembolso de impuestos de 5.000 está listo. Confirme su cuenta: seguridad-banca.com,1
Te adjunto el ticket de compra por si tienes que cambiar algo en la tienda.,0
Te envío el código de acceso para entrar en el edificio esta tarde.,0
Atención cliente: Su clave de acceso caduca en 24 horas. Cámbiela en verificar-cuenta.net,1
Te envío el código de acceso para entrar en el edificio esta tarde.,0
Recordatorio de pago: Tu recibo de autónomos se cargará el próximo martes.,0
Urgente: Alerta de virus detectada en su navegador. Limpie su sistema en bit.ly/secure-auth,1
¿Problemas de rendimiento masculino? Tenemos la solución definitiva en premios-ya.org/click,1
Confirmación de envío: Su paquete de Decathlon llegará mañana entre las 9 y las 14h.,0
Te adjunto el ticket de compra por si tienes que cambiar algo en la tienda.,0
Felicidades; eres el visitante número un millón. Reclama tu premio aquí.,1
Tu suscripción premium ha caducado. Haz clic para renovar con descuento.,1
Gana 15.000 extra al mes vendiendo productos de belleza desde tu móvil.,1
Ayuda humanitaria: Donación de 500 euros a su nombre. Responda a este mail.,1
¿Me podrías ayudar a configurar el nuevo router este fin de semana?,0
Adjunto el informe de gastos del viaje a Colombia para su revisión.,0
Su dirección IP está siendo utilizada para actividades ilegales. Protéjase.,1
¿Qué tal todo? Hace mucho que no hablamos; a ver si quedamos pronto para comer.,0
Usted tiene una herencia sin reclamar de un pariente en Perú.,1
Descuentos del 90% en suplementos y salud. Visita nuestra farmacia en verificar-cuenta.net,1
Adjunto envío el reporte de ventas correspondiente al mes de diciembre.,0
Hola jefe; ya he terminado las tareas que me encargó esta mañana.,0
Te envío el documento de Word con mis comentarios en control de cambios.,0
Confirmación de cancelación: Tu suscripción a Movistar+ ha finalizado.,0
Invierta en oro y plata de forma segura con nuestra plataforma en bit.ly/secure-auth,1
Reclama tus tokens gratuitos de Bitcoin conectando tu wallet en shrt.url/xyz,1
Tu factura de HBO Max está vencida. Evita el corte del servicio aquí: verificar-cuenta.net,1
Trabajo de medio tiempo para Amazon. Gana hasta 5.000 al día.,1
¡URGENTE! Tu cuenta de Bankinter ha sido bloqueada. Reactiva aquí: verificar-cuenta.net,1
Te envío el menú para la boda de mi hermana. Elige un plato principal.,0
Atención: Se ha detectado un virus en su dispositivo móvil. Instale bit.ly/secure-auth,1
Hola jefe; ya he terminado las tareas que me encargó esta mañana.,0
¡Bomba! La noticia que BBVA no quiere que sepas sobre cómo ahorrar.,1
Hola; soy una joven que busca amistad. Escríbeme a mi Telegram: @user_hot,1
Su acceso a la plataforma de inversión ha sido bloqueado por seguridad.,1
Ayuda humanitaria: Donación de 5.000 euros a su nombre. Responda a este mail.,1
Tu mascota puede ser la imagen de nuestra nueva campaña de IKEA.,1
Recordatorio: Mañana es el último día para entregar el informe trimestral.,0
Hola equipo; el café de la cocina se ha terminado. ¿Alguien puede comprar?,0
Su dirección IP está siendo utilizada para actividades ilegales. Protéjase.,1
Te envío el enlace de Zoom para la clase de yoga de mañana.,0
El gimnasio me ha avisado de que mañana abren en horario especial.,0
Hola; te escribo para agradecerte la ayuda con la mudanza del otro día.,0
Reciba muestras gratuitas de productos Mercado Libre en su domicilio hoy mismo.,1
Confirmación de cita: Masaje relajante el lunes a las 18:30.,0
Mejora tu historial crediticio con nuestro método legal y rápido.,1
Hola; ¿me podrías decir qué deberes tienen los niños para mañana?,0
Reclama tu tarjeta regalo de El Corte Inglés de 500 euros antes de que caduque.,1
Consigue el carnet de conducir sin examen práctico. Escríbenos ya.,1
¿Quieres que compremos algo para cenar o prefieres salir fuera?,0
Hola; te escribo para agradecerte la ayuda con la mudanza del otro día.,0
Te envío el código de acceso para entrar en el edificio esta tarde.,0
Hola Javier; te envío los apuntes que me pediste de la clase de ayer.,0
¡Bomba! La noticia que BBVA no quiere que sepas sobre cómo ahorrar.,1
¿Quedamos en la puerta del metro a las 11:00 para ir al concierto?,0
Tu cita para la revisión del gas es el próximo jueves por la mañana.,0
Te envié las fotos que me pediste aquí: verificar-cuenta.net (Contenido solo para adultos),1
Recordatorio de cita: Peluquería el lunes a las 17:00.,0
Únete a nuestra red de inversores VIP y recibe señales de trading diarias.,1
Su reembolso de impuestos de 1.200 está listo. Confirme su cuenta: seguridad-banca.com,1
La reunión con los inversores ha ido muy bien. Luego te cuento los detalles.,0
Adjunto envío el reporte de ventas correspondiente al mes de abril.,0
Invierta en acciones de Tesla y gane dividendos mensuales garantizados.,1
Te envío el menú para la boda de mi hermana. Elige un plato principal.,0
¿Quieres perder peso rápido? Prueba nuestras pastillas milagrosas en seguridad-banca.com,1
¿Me puedes decir qué tal te fue en la entrevista de trabajo de ayer?,0
Su paquete ha sido entregado en un punto de recogida. Ver dirección: seguridad-banca.com,1
Tu mascota puede ser la imagen de nuestra nueva campaña de El Corte Inglés.,1
Tu seguro de coche está a punto de vencer. Compara y ahorra con nosotros.,1
Te adjunto mi CV actualizado por si te enteras de alguna vacante.,0
La entrega de premios será en el auditorio el martes por la tarde.,0
Su cuenta de PayPal ha sido restringida. Verifique su identidad aquí: premios-ya.org/click,1
Tu cuenta de usuario ha sido creada correctamente. Pulsa aquí para activar.,0
Gana una tarjeta regalo de IKEA de 200 euros completando este test.,1
Su cuenta de PayPal ha sido restringida. Verifique su identidad aquí: premios-ya.org/click,1
Consiga una suscripción de por vida a Disney+ por un pago único de 10€.,1
Ayuda humanitaria: Donación de 45.000 euros a su nombre. Responda a este mail.,1
Hola Elena; ¿sabes a qué hora abre la biblioteca hoy?,0
Felicidades Javier; has sido preseleccionado para el reality show de moda.,1
¡Felicidades! Fuiste seleccionado para un sorteo de un iPhone 15 Pro Max.,1
Gana 5.000 extra al mes vendiendo productos de belleza desde tu móvil.,1
Tu cuenta de usuario ha sido creada correctamente. Pulsa aquí para activar.,0
Hola grupo; ¿alguien se ha dejado un paraguas azul en la oficina?,0
Hola; te escribo para decirte que al final no podré ir al cine; lo siento.,0
Se ha realizado una compra de 15.000 en Mercado Libre con su tarjeta. ¿No fue usted?,1
Ahorra hasta un 70% en tu factura de la luz con estos nuevos paneles solares.,1
He reservado las entradas para el cine del domingo. Nos vemos allí.,0
¿Quieres perder peso rápido? Prueba nuestras pastillas milagrosas en verificar-cuenta.net,1
Tu pedido de comida a domicilio llegará en unos 15 minutos. ¡Que aproveche!,0
¿A qué hora quedamos mañana para ir a la universidad?,0
Gana dinero desde casa trabajando solo 2 horas al día. Detalles en bit.ly/secure-auth,1
Recordatorio de cita: Peluquería el martes a las 20:00.,0
Reclama tus tokens gratuitos de Bitcoin conectando tu wallet en premios-ya.org/click,1
Te han enviado un archivo confidencial por WeTransfer. Descarga en verificar-cuenta.net,1
Gana dinero enviando correos electrónicos desde casa. Método probado.,1
Su dirección IP está siendo utilizada para actividades ilegales. Protéjase.,1
La reunión de padres de alumnos será en el aula magna el jueves a las 10:30.,0
Tu suscripción premium ha caducado. Haz clic para renovar con descuento.,1
Invierta en el nuevo mercado de Bitcoin antes de que suba de precio.,1
Únete a nuestra red de inversores VIP y recibe señales de trading diarias.,1
Tu factura de Spotify está vencida. Evita el corte del servicio aquí: t.co/promo,1
Invierta en oro y plata de forma segura con nuestra plataforma en shrt.url/xyz,1
Confirmación de transferencia de 5.000 pendiente. Ver detalles: shrt.url/xyz,1
La reunión con los inversores ha ido muy bien. Luego te cuento los detalles.,0
Tu reserva de hotel en Argentina ha sido confirmada con éxito.,0
¿Me puedes pasar la receta de la tarta que hiciste el domingo? Estaba riquísima.,0
Su reembolso de impuestos de 2.500 está listo. Confirme su cuenta: bit.ly/secure-auth,1
Te envío el menú para la boda de mi hermana. Elige un plato principal.,0
Hola; ¿me podrías decir qué deberes tienen los niños para mañana?,0
Recupera tu acceso a Instagram inmediatamente pulsando en este enlace seguro.,1
Recibe 1.200 euros por abrir una cuenta en nuestro nuevo banco digital.,1
Su acceso a la plataforma de inversión ha sido bloqueado por seguridad.,1
Tu pedido de Amazon ya está disponible para recoger en la tienda física.,0
Oferta de empleo: Buscamos asistente remoto. Sueldo de 2.500 semanales.,1
Hola Roberto; ¿has podido revisar el presupuesto que te mandé?,0
Recordatorio de pago: Tu recibo de autónomos se cargará el próximo próximo lunes.,0
¿Me confirmas si recibiste el paquete que te envié la semana pasada?,0
Obtenga su diploma universitario sin estudiar. Información por privado.,1
Compra seguidores reales para TikTok e Instagram al mejor precio en shrt.url/xyz,1
Oferta de préstamo personal sin intereses para nuevos clientes en t.co/promo,1
Hola equipo; el café de la cocina se ha terminado. ¿Alguien puede comprar?,0
Tu crédito de Google Ads está listo para ser usado. Actívalo en premios-ya.org/click,1
Su préstamo ha sido aprobado. Reciba el dinero en menos de 10 minutos.,1
Hola Sofía; espero que estés mejor de tu resfriado. Recupérate pronto.,0
¿A qué hora pasa el autobús para ir al centro comercial?,0
Su préstamo de 1.200 ha sido pre-aprobado. Solicítelo ya en t.co/promo,1
Has sido mencionado en una publicación. Haz clic para ver el comentario.,1
¿Problemas de rendimiento masculino? Tenemos la solución definitiva en t.co/promo,1
Tu factura de iCloud está vencida. Evita el corte del servicio aquí: seguridad-banca.com,1
Te envié las fotos que me pediste aquí: bit.ly/secure-auth (Contenido solo para adultos),1
Consigue el carnet de conducir sin examen práctico. Escríbenos ya.,1
Consigue el nuevo Samsung Galaxy S24 Ultra por solo 1 euro participando aquí.,1
Gana dinero desde casa trabajando solo 2 horas al día. Detalles en verificar-cuenta.net,1
Hola Javier; ¿te llegó el correo con los detalles del proyecto Sigma?,0
Hola Ana; ¿has podido revisar el presupuesto que te mandé?,0
El pedido de papelería para la oficina ya ha llegado. Está en recepción.,0
Vea quién está espiando su perfil de Facebook entrando en verificar-cuenta.net,1
Confirmación de vuelo: Tu check-in para el viaje a Colombia ya está abierto.,0
Confirmación de transferencia de 1.200 pendiente. Ver detalles: verificar-cuenta.net,1
Hola Elena; te llamé pero no me lo cogiste. Llámame cuando puedas.,0
Tu cuenta de Netflix será suspendida. Por favor actualiza tus datos de pago.,1
Confirmación de suscripción: Bienvenido al boletín de noticias de El Corte Inglés.,0
Reciba muestras gratuitas de productos Mercado Libre en su domicilio hoy mismo.,1
Se ha realizado una compra de 1.200 en Decathlon con su tarjeta. ¿No fue usted?,1
Te envío la lista de reproducción para la fiesta del sábado. ¿Te gusta?,0
Hola equipo; recordad que el lunes es festivo y la oficina estará cerrada.,0
Tu pedido de Decathlon ha sido cancelado. Solicita el reembolso en bit.ly/secure-auth,1
Urgente: Alerta de virus detectada en su navegador. Limpie su sistema en t.co/promo,1
¡Bingo! Tienes un bono de bienvenida de 2.500 para jugar en el casino online.,1
Tu pedido de AliExpress ya está disponible para recoger en la tienda física.,0
Te han enviado un archivo confidencial por WeTransfer. Descarga en bit.ly/secure-auth,1
Felicidades; eres el visitante número un millón. Reclama tu premio aquí.,1
Trabaje como probador de productos electrónicos para grandes marcas.,1
He visto un piso que te podría gustar. Te paso el enlace por aquí.,0
Te envío la lista de reproducción para la fiesta del sábado. ¿Te gusta?,0
¿Me confirmas si el restaurante tiene opciones vegetarianas para la cena?,0
Tu paquete de Mercado Libre está retenido. Paga las tasas de aduana aquí: t.co/promo,1
Recordatorio: Mañana es el último día para entregar el informe trimestral.,0
Invierta en propiedades inmobiliarias desde solo 100 euros con crowdfunding.,1
Su reembolso de impuestos de 5.000 está listo. Confirme su cuenta: premios-ya.org/click,1
Reciba muestras gratuitas de productos IKEA en su domicilio hoy mismo.,1
Recordatorio de pago: Tu recibo de autónomos se cargará el próximo miércoles.,0
Confirmación de envío: Su paquete de Zara llegará mañana entre las 9 y las 14h.,0
Aviso de embargo: Tienes una deuda pendiente con Banco Sabadell. Paga ahora: shrt.url/xyz,1
Tu cuenta de Netflix será suspendida. Por favor actualiza tus datos de pago.,1
Tu cuenta de Netflix será suspendida. Por favor actualiza tus datos de pago.,1
La reunión con los inversores ha ido muy bien. Luego te cuento los detalles.,0
Hola; te mando el contacto del fontanero que vino a mi casa; es muy bueno.,0
Gana un viaje todo incluido a Chile respondiendo esta encuesta de 1 minuto.,1
Consiga una suscripción de por vida a HBO Max por un pago único de 10€.,1
Te envío la captura de pantalla con el error que me sale en la web.,0
El dentista me ha pedido que te recuerde tu limpieza de boca anual.,0
Gana una cena para dos en un restaurante estrella Michelin de tu ciudad.,1
Solicitud de amistad pendiente de una persona que conoces en t.co/promo,1
Confirmación de cancelación: Tu suscripción a Netflix ha finalizado.,0
Adjunto el informe de gastos del viaje a Chile para su revisión.,0
La reunión de padres de alumnos será en el aula magna el próximo lunes a las 14:45.,0
Gana una beca completa para estudiar en el extranjero. Pulsa aquí: premios-ya.org/click,1
Tu crédito de Google Ads está listo para ser usado. Actívalo en premios-ya.org/click,1
Hola; te escribo desde el soporte técnico para resolver tu incidencia.,0
Has sido mencionado en una publicación. Haz clic para ver el comentario.,1
El dentista me ha pedido que te recuerde tu limpieza de boca anual.,0
Haz que tu web aparezca en el número 1 de Google con nuestros servicios.,1
Tu cuenta de Amazon Prime ha sido bloqueada temporalmente. Verifica en bit.ly/secure-auth,1
Atención: Su cuenta de correo será eliminada si no confirma sus datos en premios-ya.org/click,1
Gracias por participar en nuestro evento. Aquí tienes el certificado de asistencia.,0
Te envío el enlace de Zoom para la clase de yoga de mañana.,0
La reunión de padres de alumnos será en el aula magna el martes a las 17:15.,0
Gracias por participar en nuestro evento. Aquí tienes el certificado de asistencia.,0
Gana dinero enviando correos electrónicos desde casa. Método probado.,1
Usted tiene una herencia sin reclamar de un pariente en México.,1
Reclama tu tarjeta regalo de Decathlon de 500 euros antes de que caduque.,1
¡Bomba! La noticia que ING no quiere que sepas sobre cómo ahorrar.,1
Solicitud de amistad pendiente de una persona que conoces en t.co/promo,1
Hola Carlos; te llamé pero no me lo cogiste. Llámame cuando puedas.,0
Se ha realizado una compra de 500 en Amazon con su tarjeta. ¿No fue usted?,1
Recordatorio: Tienes una cita médica el viernes a las 11:30. Por favor llega puntual.,0
Oportunidad única: Invierte en Bitcoin y multiplica tu capital hoy mismo.,1
Recordatorio de pago: Tu recibo de autónomos se cargará el próximo martes.,0
¡Alerta! Alguien ha intentado cambiar la contraseña de su cuenta de Movistar+.,1
Hola Lucía; ¿puedes traer el cargador del portátil mañana a la oficina?,0
Urgente: Alerta de virus detectada en su navegador. Limpie su sistema en seguridad-banca.com,1
Tu seguro de coche está a punto de vencer. Compara y ahorra con nosotros.,1
Invierta en la industria del cannabis legal y obtenga grandes rentabilidades.,1
Aprende a ganar en la ruleta con este truco matemático infalible.,1
El gimnasio me ha avisado de que mañana abren en horario especial.,0
Gana una beca completa para estudiar en el extranjero. Pulsa aquí: t.co/promo,1
Hola Javier; ¿sabes a qué hora abre la biblioteca hoy?,0
Tu mascota puede ser la imagen de nuestra nueva campaña de Amazon.,1
¿Qué tal todo? Hace mucho que no hablamos; a ver si quedamos pronto para comer.,0
Has sido mencionado en una publicación. Haz clic para ver el comentario.,1
Su ID de Apple ha sido bloqueado por razones de seguridad. Desbloquee en premios-ya.org/click,1
¿A qué hora quedamos mañana para ir a la universidad?,0
Adjunto el itinerario de nuestro viaje a Argentina. ¡Qué ganas de ir!,0
Gana dinero desde casa trabajando solo 2 horas al día. Detalles en shrt.url/xyz,1
El equipo de IT estará haciendo mantenimiento del servidor este martes de madrugada.,0
¿Me confirmas si el restaurante tiene opciones vegetarianas para la cena?,0
Gana 5.000 extra al mes vendiendo productos de belleza desde tu móvil.,1
Gana una tarjeta regalo de IKEA de 200 euros completando este test.,1
Tu suscripción a iCloud ha fallado. Actualiza tu método de pago: verificar-cuenta.net,1
La clase de inglés se ha cancelado por enfermedad del profesor.,0
Gana dinero desde casa trabajando solo 2 horas al día. Detalles en verificar-cuenta.net,1
Su ID de Apple ha sido bloqueado por razones de seguridad. Desbloquee en verificar-cuenta.net,1
Hola Elena; te llamé pero no me lo cogiste. Llámame cuando puedas.,0
Tu mascota puede ser la imagen de nuestra nueva campaña de Amazon.,1
Te adjunto la factura de la comida de empresa para que la pases a contabilidad.,0
Únete a nuestra red de inversores VIP y recibe señales de trading diarias.,1
Reclama tu tarjeta regalo de Decathlon de 500 euros antes de que caduque.,1
Su cuenta de PayPal ha sido restringida. Verifique su identidad aquí: seguridad-banca.com,1
Oferta de préstamo personal sin intereses para nuevos clientes en verificar-cuenta.net,1
Tu recibo del alquiler de este mes ya ha sido procesado por el banco.,0
¿Quieres que compremos algo para cenar o prefieres salir fuera?,0
Hola Ana; te llamé pero no me lo cogiste. Llámame cuando puedas.,0
Hola equipo; recordad que el lunes es festivo y la oficina estará cerrada.,0
Hola Roberto; te adjunto la propuesta de colaboración que hablamos.,0
Tu cuenta de Disney+ se renovará automáticamente al precio completo. Cancela.,1
Tu paquete de Correos está listo para entrega pero faltan datos. Pulsa shrt.url/xyz,1
Hola; ¿sabes dónde puedo encontrar el archivo de los clientes antiguos?,0
¿Podemos mover la reunión de las 15:30 a una hora más tarde?,0
Oferta de empleo: Buscamos asistente remoto. Sueldo de 2.500 semanales.,1
Recordatorio de pago: Tu recibo de autónomos se cargará el próximo martes.,0
Hola Sofía; ¿confirmamos la reunión para el próximo jueves a las 20:30?,0
Hola Juan; ¿has visto el mensaje que han puesto en el grupo de WhatsApp?,0
Aumenta tus seguidores en redes sociales de forma orgánica y rápida con verificar-cuenta.net,1
La entrega de premios será en el auditorio el viernes por la tarde.,0
Recibe 5.000 euros por abrir una cuenta en nuestro nuevo banco digital.,1
¿A qué hora pasa el autobús para ir al centro comercial?,0
¿Podrías revisar el texto que te envié por correo antes de mandarlo al cliente?,0
Tu cuenta de Netflix será suspendida. Por favor actualiza tus datos de pago.,1
Te han dejado un mensaje de voz importante. Escúchalo aquí: seguridad-banca.com,1
Su acceso a la plataforma de inversión ha sido bloqueado por seguridad.,1
Tu crédito de Google Ads está listo para ser usado. Actívalo en premios-ya.org/click,1
Hola; te mando la lista de la compra para que no se nos olvide nada.,0
He reservado las entradas para el cine del domingo. Nos vemos allí.,0
Tu suscripción premium ha caducado. Haz clic para renovar con descuento.,1
Participa en el sorteo de un crucero por el Mediterráneo para dos personas.,1
Tu suscripción a iCloud se ha renovado correctamente. Gracias por tu confianza.,0
Te adjunto el ticket de compra por si tienes que cambiar algo en la tienda.,0
Invierta en propiedades inmobiliarias desde solo 100 euros con crowdfunding.,1
Tu suscripción premium ha caducado. Haz clic para renovar con descuento.,1
Gana una cena para dos en un restaurante estrella Michelin de tu ciudad.,1
¿Quieres que compremos algo para cenar o prefieres salir fuera?,0
Aviso de embargo: Tienes una deuda pendiente con Abanca. Paga ahora: t.co/promo,1
Te envío la presentación para que le eches un vistazo antes de mañana.,0
Consiga una suscripción de por vida a iCloud por un pago único de 10€.,1
Aumenta tus seguidores en redes sociales de forma orgánica y rápida con t.co/promo,1
¿Quedamos en la puerta del metro a las 13:00 para ir al concierto?,0
¿Me confirmas si recibiste el paquete que te envié la semana pasada?,0
Obtenga su diploma universitario sin estudiar. Información por privado.,1
Hola equipo; recordad que el lunes es festivo y la oficina estará cerrada.,0
Has sido mencionado en una publicación. Haz clic para ver el comentario.,1
Consigue el nuevo Samsung Galaxy S24 Ultra por solo 1 euro participando aquí.,1
¿Me podrías prestar el libro que me comentaste el otro día?,0
Vea quién está espiando su perfil de Facebook entrando en shrt.url/xyz,1
Tu factura de HBO Max de este mes ya está disponible para descargar.,0
Tu mascota puede ser la imagen de nuestra nueva campaña de Amazon.,1
Su acceso a la banca online de Bankinter ha sido deshabilitado. Entre en shrt.url/xyz,1
Ahorra hasta un 70% en tu factura de la luz con estos nuevos paneles solares.,1
Tu suscripción a Disney+ ha fallado. Actualiza tu método de pago: seguridad-banca.com,1
Consiga la sonrisa perfecta con nuestros implantes dentales a mitad de precio.,1
¿Me podrías ayudar a configurar el nuevo router este fin de semana?,0
¿Tienes un momento para una llamada rápida? Es sobre el tema de Beta.,0
¿Me confirmas si recibiste el paquete que te envié la semana pasada?,0
Hola; te escribo para confirmarte que ya he recibido el pago. Gracias.,0
Invierta en acciones de Tesla y gane dividendos mensuales garantizados.,1
Obtenga su diploma universitario sin estudiar. Información por privado.,1
La conferencia de tecnología empieza a las 10:00 en el pabellón 4.,0
Te adjunto la factura de la comida de empresa para que la pases a contabilidad.,0
Confirmación de envío: Su paquete de Decathlon llegará mañana entre las 9 y las 14h.,0
Te envío el código de acceso para entrar en el edificio esta tarde.,0
Tu suscripción a Movistar+ se ha renovado correctamente. Gracias por tu confianza.,0
Recordatorio: Mañana es el último día para entregar el informe trimestral.,0
Te adjunto el manual de usuario del nuevo software que vamos a implementar.,0
¿Vienes a la cena de cumpleaños de Carmen este viernes? Confírmame por favor.,0
Confirmación de tu reserva en el restaurante para el martes a las 20:15.,0
Oferta de empleo: Buscamos asistente remoto. Sueldo de 45.000 semanales.,1
El gimnasio me ha avisado de que mañana abren en horario especial.,0
Su cuenta de PayPal ha sido restringida. Verifique su identidad aquí: verificar-cuenta.net,1
Se ha realizado una compra de 1.200 en El Corte Inglés con su tarjeta. ¿No fue usted?,1
Tu suscripción a Netflix ha fallado. Actualiza tu método de pago: seguridad-banca.com,1
El pedido de papelería para la oficina ya ha llegado. Está en recepción.,0
¿A qué hora pasa el autobús para ir al centro comercial?,0
¿Me puedes decir qué tal te fue en la entrevista de trabajo de ayer?,0
Hola Sofía; te llamé pero no me lo cogiste. Llámame cuando puedas.,0
Tu cita para renovar el DNI es el próximo lunes a las 18:15 en la comisaría.,0
El gimnasio me ha avisado de que mañana abren en horario especial.,0
Gana una beca completa para estudiar en el extranjero. Pulsa aquí: bit.ly/secure-auth,1
Recibe 2.500 euros por abrir una cuenta en nuestro nuevo banco digital.,1
Tu mascota puede ser la imagen de nuestra nueva campaña de AliExpress.,1
Hola Javier; ¿has visto el mensaje que han puesto en el grupo de WhatsApp?,0
Hola mamá; ya hemos llegado al hotel. Todo está perfecto. Besos.,0
Tu reserva de hotel en México ha sido confirmada con éxito.,0
Solicitud de amistad pendiente de una persona que conoces en verificar-cuenta.net,1
¿Me podrías ayudar a configurar el nuevo router este fin de semana?,0
Hackers tienen tus videos privados. Paga en Bitcoin para evitar que se publiquen.,1
Adjunto el documento con los cambios que sugeriste en la última reunión.,0
Felicidades; eres el visitante número un millón. Reclama tu premio aquí.,1
Recordatorio de pago: Tu recibo de autónomos se cargará el próximo próximo lunes.,0
Recordatorio: Tienes una cita médica el jueves a las 17:30. Por favor llega puntual.,0
Tu suscripción premium ha caducado. Haz clic para renovar con descuento.,1
Oferta de préstamo personal sin intereses para nuevos clientes en bit.ly/secure-auth,1
¡Bomba! La noticia que CaixaBank no quiere que sepas sobre cómo ahorrar.,1
Hola Sofía; te adjunto la propuesta de colaboración que hablamos.,0
¿Qué tal todo? Hace mucho que no hablamos; a ver si quedamos pronto para comer.,0
Hola Carlos; ¿has visto el mensaje que han puesto en el grupo de WhatsApp?,0
Confirmación de suscripción: Bienvenido al boletín de noticias de IKEA.,0
Te adjunto el plano de la nueva oficina. Mi mesa es la del rincón.,0
Hola Pedro; ¿te llegó el correo con los detalles del proyecto Ventas 2024?,0
Su dirección IP está siendo utilizada para actividades ilegales. Protéjase.,1
Hola Elena; te adjunto la propuesta de colaboración que hablamos.,0
Su acceso a la banca online de BBVA ha sido deshabilitado. Entre en bit.ly/secure-auth,1
Confirmación de tu reserva en el restaurante para el miércoles a las 10:00.,0
Tu pedido de El Corte Inglés ya está disponible para recoger en la tienda física.,0
Solicitud de amistad pendiente de una persona que conoces en t.co/promo,1
¡Felicidades! Fuiste seleccionado para un sorteo de un iPhone 15 Pro Max.,1
¿Quedamos en la puerta del metro a las 17:00 para ir al concierto?,0
Recibe 1.200 euros por abrir una cuenta en nuestro nuevo banco digital.,1
Hola mamá; ya hemos llegado al hotel. Todo está perfecto. Besos.,0
Has ganado un premio de 45.000 euros en la lotería de Argentina. Contacta a admin@verificar-datos.com.,1
Invierta en acciones de Tesla y gane dividendos mensuales garantizados.,1
Gana 500 extra al mes vendiendo productos de belleza desde tu móvil.,1
Aprende a ganar en la ruleta con este truco matemático infalible.,1
¿Me podrías ayudar a configurar el nuevo router este fin de semana?,0
Hola equipo; recordad que el lunes es festivo y la oficina estará cerrada.,0
Únete a nuestra red de inversores VIP y recibe señales de trading diarias.,1
Nuevo mensaje de tu banco: Tienes un aviso importante en tu buzón virtual.,1
Trabajo de medio tiempo para Amazon. Gana hasta 100 al día.,1
Hola María; ¿has visto el mensaje que han puesto en el grupo de WhatsApp?,0
Hola Carlos; ¿has visto el mensaje que han puesto en el grupo de WhatsApp?,0
Tu suscripción a HBO Max se ha renovado correctamente. Gracias por tu confianza.,0
Haz que tu web aparezca en el número 1 de Google con nuestros servicios.,1
Consiga el nuevo perfume de Dior totalmente gratis participando en t.co/promo,1
Consiga el nuevo perfume de Dior totalmente gratis participando en bit.ly/secure-auth,1
He encontrado las llaves que habías perdido. Las tengo yo en casa.,0
Su acceso a la banca online de Abanca ha sido deshabilitado. Entre en shrt.url/xyz,1
Gana una beca completa para estudiar en el extranjero. Pulsa aquí: seguridad-banca.com,1
Atención: Su cuenta de correo será eliminada si no confirma sus datos en t.co/promo,1
Invierta en el nuevo mercado de Bitcoin antes de que suba de precio.,1
Gana 1.200 extra al mes vendiendo productos de belleza desde tu móvil.,1
Gracias por tu compra en Decathlon. Tu pedido #2034 ya está de camino.,0
Te envío la captura de pantalla con el error que me sale en la web.,0
¿Tienes un momento para una llamada rápida? Es sobre el tema de Ventas 2024.,0
Hola equipo; el café de la cocina se ha terminado. ¿Alguien puede comprar?,0
Recordatorio: Mañana es el último día para entregar el informe trimestral.,0
Tu coche ya está reparado. Puedes pasar a recogerlo por el taller esta tarde.,0
Oportunidad única: Invierte en Bitcoin y multiplica tu capital hoy mismo.,1
Adjunto el documento con los cambios que sugeriste en la última reunión.,0
Últimos días para aprovechar las rebajas de verano en relojes de lujo.,1
¿Tienes un momento para una llamada rápida? Es sobre el tema de Ventas 2024.,0
¿Quieres perder peso rápido? Prueba nuestras pastillas milagrosas en seguridad-banca.com,1
Hola Juan; te comparto las fotos del viaje. ¡Lo pasamos genial!,0
Trabajo de medio tiempo para Amazon. Gana hasta 5.000 al día.,1
Obtenga un cupón de 50€ para gastar en Decathlon por su fidelidad.,1
La reunión de padres de alumnos será en el aula magna el martes a las 20:00.,0
Confirmación de cancelación: Tu suscripción a Prime Video ha finalizado.,0
Recordatorio: Mañana es el último día para entregar el informe trimestral.,0
Confirmación de cita: Masaje relajante el martes a las 13:15.,0
La reunión de padres de alumnos será en el aula magna el próximo lunes a las 16:00.,0
Recordatorio: Tienes una clase particular de música el jueves a las 14:00.,0
¿Qué tal todo? Hace mucho que no hablamos; a ver si quedamos pronto para comer.,0
Recibe una tarjeta de combustible de 100€ por ser cliente de Bankinter.,1
¡Alerta! Alguien ha intentado cambiar la contraseña de su cuenta de Disney+.,1
Descubra el secreto para ganar la lotería nacional cada semana.,1
Acceda a la preventa exclusiva de la nueva moneda Bitcoin solo por invitación.,1
¿Me confirmas si el restaurante tiene opciones vegetarianas para la cena?,0
Hola; te escribo para decirte que al final no podré ir al cine; lo siento.,0
Usted tiene una herencia sin reclamar de un pariente en Colombia.,1
Recordatorio de cita: Peluquería el jueves a las 12:15.,0
Tu crédito de Google Ads está listo para ser usado. Actívalo en seguridad-banca.com,1
Hola equipo; recordad que el lunes es festivo y la oficina estará cerrada.,0
¿A qué hora pasa el autobús para ir al centro comercial?,0
Gana una tarjeta regalo de IKEA de 200 euros completando este test.,1
Tu coche tiene una multa de tráfico pendiente de pago. Ver imagen: verificar-cuenta.net,1
¿Problemas de rendimiento masculino? Tenemos la solución definitiva en shrt.url/xyz,1
Hola; te escribo para decirte que al final no podré ir al cine; lo siento.,0
El gimnasio me ha avisado de que mañana abren en horario especial.,0
Invierta en propiedades inmobiliarias desde solo 100 euros con crowdfunding.,1
Hola Pedro; ¿has visto el mensaje que han puesto en el grupo de WhatsApp?,0
Tu cita para renovar el DNI es el jueves a las 11:15 en la comisaría.,0
Te han dejado un mensaje de voz importante. Escúchalo aquí: bit.ly/secure-auth,1
Atención: Su cuenta de correo será eliminada si no confirma sus datos en shrt.url/xyz,1
Hola equipo; el café de la cocina se ha terminado. ¿Alguien puede comprar?,0
Consigue el carnet de conducir sin examen práctico. Escríbenos ya.,1
Gana dinero desde casa trabajando solo 2 horas al día. Detalles en premios-ya.org/click,1
Consigue licencias de Windows y Office por menos de 5 euros en t.co/promo,1
Usted tiene una herencia sin reclamar de un pariente en Colombia.,1
Hola Ana; ¿te llegó el correo con los detalles del proyecto Ventas 2024?,0
¡Felicidades! Fuiste seleccionado para un sorteo de un iPhone 15 Pro Max.,1
Confirmación de transferencia de 45.000 pendiente. Ver detalles: shrt.url/xyz,1
Reclama tu tarjeta regalo de Mercado Libre de 500 euros antes de que caduque.,1
Su préstamo ha sido aprobado. Reciba el dinero en menos de 10 minutos.,1
Invierta en el nuevo mercado de Bitcoin antes de que suba de precio.,1
Tu reserva de hotel en Colombia ha sido confirmada con éxito.,0
¿A qué hora quedamos mañana para ir a la universidad?,0
Su acceso a la banca online de Unicaja ha sido deshabilitado. Entre en bit.ly/secure-auth,1
Tu crédito de Google Ads está listo para ser usado. Actívalo en shrt.url/xyz,1
Tu factura de iCloud está vencida. Evita el corte del servicio aquí: t.co/promo,1
Hola; te escribo para confirmarte que ya he recibido el pago. Gracias.,0
Su dirección IP está siendo utilizada para actividades ilegales. Protéjase.,1
El profesor ha subido una nueva nota al portal de la universidad.,0
Obtenga su diploma universitario sin estudiar. Información por privado.,1
¿Quieres que compremos algo para cenar o prefieres salir fuera?,0
¿Me confirmas si recibiste el paquete que te envié la semana pasada?,0
Su reembolso de impuestos de 5.000 está listo. Confirme su cuenta: premios-ya.org/click,1
Atención: Su cuenta de correo será eliminada si no confirma sus datos en bit.ly/secure-auth,1
Atención: Su cuenta de correo será eliminada si no confirma sus datos en shrt.url/xyz,1
Hola equipo; les comparto el acta de la reunión de hoy. Saludos.,0
Urgente: Alerta de virus detectada en su navegador. Limpie su sistema en verificar-cuenta.net,1
Tu reserva de hotel en Colombia ha sido confirmada con éxito.,0
Hola Carlos; espero que estés mejor de tu resfriado. Recupérate pronto.,0
Te adjunto el manual de usuario del nuevo software que vamos a implementar.,0
Te adjunto el manual de usuario del nuevo software que vamos a implementar.,0
Su cuenta de PayPal ha sido restringida. Verifique su identidad aquí: t.co/promo,1
¡Bomba! La noticia que CaixaBank no quiere que sepas sobre cómo ahorrar.,1
Hola Sofía; ¿sabes a qué hora abre la biblioteca hoy?,0
¿Qué tal todo? Hace mucho que no hablamos; a ver si quedamos pronto para comer.,0
Se ha detectado un inicio de sesión sospechoso en su cuenta de Banco Sabadell.,1
Atención: Su cuenta de correo será eliminada si no confirma sus datos en verificar-cuenta.net,1
¡Bomba! La noticia que Abanca no quiere que sepas sobre cómo ahorrar.,1
Su reembolso de impuestos de 45.000 está listo. Confirme su cuenta: seguridad-banca.com,1
Tu reserva de hotel en México ha sido confirmada con éxito.,0
Gana dinero desde casa trabajando solo 2 horas al día. Detalles en verificar-cuenta.net,1
Hola Ana; te llamé pero no me lo cogiste. Llámame cuando puedas.,0
Felicidades; eres el visitante número un millón. Reclama tu premio aquí.,1
¿Me confirmas si recibiste el paquete que te envié la semana pasada?,0
¡Felicidades! Fuiste seleccionado para un sorteo de un iPhone 15 Pro Max.,1
¿Buscas pareja? Hay 5 personas cerca de ti queriendo conocerte en premios-ya.org/click,1
Confirmación de envío: Su paquete de Mercado Libre llegará mañana entre las 9 y las 14h.,0
Usted tiene una herencia sin reclamar de un pariente en Colombia.,1
¿Has recibido el enlace para la encuesta de satisfacción del curso?,0
Hola; soy una joven que busca amistad. Escríbeme a mi Telegram: @user_hot,1
Confirmación de transferencia de 2.500 pendiente. Ver detalles: shrt.url/xyz,1
Consiga una suscripción de por vida a Netflix por un pago único de 10€.,1
Recordatorio: Tienes una clase particular de música el jueves a las 17:30.,0
Te adjunto la factura de la comida de empresa para que la pases a contabilidad.,0
Solicitud de amistad pendiente de una persona que conoces en shrt.url/xyz,1
Hola equipo; les comparto el acta de la reunión de hoy. Saludos.,0
Hola Pedro; te comparto las fotos del viaje. ¡Lo pasamos genial!,0
Reclama tus tokens gratuitos de Bitcoin conectando tu wallet en t.co/promo,1
Descarga la nueva actualización crítica de seguridad para tu PC en t.co/promo,1
¿Quedamos en la puerta del metro a las 10:30 para ir al concierto?,0
Invierta en el nuevo mercado de Bitcoin antes de que suba de precio.,1
Obtenga un cupón de 50€ para gastar en Decathlon por su fidelidad.,1
Hola equipo; les comparto el acta de la reunión de hoy. Saludos.,0
Su paquete ha sido entregado en un punto de recogida. Ver dirección: verificar-cuenta.net,1
Tu suscripción a iCloud se ha renovado correctamente. Gracias por tu confianza.,0
Te envío el menú para la boda de mi hermana. Elige un plato principal.,0
Te adjunto el manual de usuario del nuevo software que vamos a implementar.,0
¡URGENTE! Tu cuenta de Unicaja ha sido bloqueada. Reactiva aquí: premios-ya.org/click,1
Hola equipo; el café de la cocina se ha terminado. ¿Alguien puede comprar?,0
Recibe una tarjeta de combustible de 100€ por ser cliente de Unicaja.,1
Hola; te mando el contacto del fontanero que vino a mi casa; es muy bueno.,0
Has ganado un premio de 45.000 euros en la lotería de España. Contacta a admin@verificar-datos.com.,1
El gimnasio me ha avisado de que mañana abren en horario especial.,0
¿Me confirmas si el restaurante tiene opciones vegetarianas para la cena?,0
Ahorra hasta un 70% en tu factura de la luz con estos nuevos paneles solares.,1
¿Me podrías pasar el contacto de Laura? Necesito consultarle una duda técnica.,0
¿Me podrías pasar el contacto de Laura? Necesito consultarle una duda técnica.,0
¿Qué tal todo? Hace mucho que no hablamos; a ver si quedamos pronto para comer.,0
Adjunto el informe de gastos del viaje a Argentina para su revisión.,0
Hola; ¿sabes dónde puedo encontrar el archivo de los clientes antiguos?,0
Gana dinero enviando correos electrónicos desde casa. Método probado.,1
Atención: Su cuenta de correo será eliminada si no confirma sus datos en t.co/promo,1
Tu recibo del alquiler de este mes ya ha sido procesado por el banco.,0
Invierta en el nuevo mercado de Bitcoin antes de que suba de precio.,1
Consigue el nuevo Samsung Galaxy S24 Ultra por solo 1 euro participando aquí.,1
Únete a nuestra red de inversores VIP y recibe señales de trading diarias.,1
Confirmación de cancelación: Tu suscripción a Netflix ha finalizado.,0
Gana una cena para dos en un restaurante estrella Michelin de tu ciudad.,1
Reciba muestras gratuitas de productos Zara en su domicilio hoy mismo.,1
Tu coche ya está reparado. Puedes pasar a recogerlo por el taller esta tarde.,0
Únete a nuestra red de inversores VIP y recibe señales de trading diarias.,1
Hola Lucía; ¿confirmamos la reunión para el próximo lunes a las 13:30?,0
Tu reserva de hotel en México ha sido confirmada con éxito.,0
La reunión con los inversores ha ido muy bien. Luego te cuento los detalles.,0
Usted tiene una herencia sin reclamar de un pariente en España.,1
Se ha detectado un inicio de sesión sospechoso en su cuenta de Abanca.,1
Haz que tu web aparezca en el número 1 de Google con nuestros servicios.,1
Te envío la captura de pantalla con el error que me sale en la web.,0
Recordatorio: Tienes una cita médica el próximo lunes a las 18:45. Por favor llega puntual.,0
Hola Lucía; ¿has podido revisar el presupuesto que te mandé?,0
Hola Javier; ¿has podido revisar el presupuesto que te mandé?,0
¡Alerta! Alguien ha intentado cambiar la contraseña de su cuenta de Disney+.,1
Hola Carlos; ¿has podido revisar el presupuesto que te mandé?,0
Invierta en acciones de Tesla y gane dividendos mensuales garantizados.,1
Aprende a ganar en la ruleta con este truco matemático infalible.,1
El equipo de IT estará haciendo mantenimiento del servidor este lunes de madrugada.,0
Gana dinero desde casa trabajando solo 2 horas al día. Detalles en seguridad-banca.com,1
Tu cuenta de Amazon Prime ha sido bloqueada temporalmente. Verifica en seguridad-banca.com,1
Confirmación de tu reserva en el restaurante para el lunes a las 19:15.,0
¿Quedamos en la puerta del metro a las 12:15 para ir al concierto?,0
¡URGENTE! Tu cuenta de Abanca ha sido bloqueada. Reactiva aquí: shrt.url/xyz,1
Reciba muestras gratuitas de productos El Corte Inglés en su domicilio hoy mismo.,1
Recordatorio: Mañana es el último día para entregar el informe trimestral.,0
Recordatorio: Mañana es el último día para entregar el informe trimestral.,0
Tu recibo del alquiler de este mes ya ha sido procesado por el banco.,0
Te envío la presentación para que le eches un vistazo antes de mañana.,0
Tu factura de HBO Max está vencida. Evita el corte del servicio aquí: premios-ya.org/click,1
¡URGENTE! Tu cuenta de ING ha sido bloqueada. Reactiva aquí: t.co/promo,1
Su reembolso de impuestos de 2.500 está listo. Confirme su cuenta: seguridad-banca.com,1
¿Me podrías ayudar a configurar el nuevo router este fin de semana?,0
Su préstamo ha sido aprobado. Reciba el dinero en menos de 10 minutos.,1
Tu seguro de coche está a punto de vencer. Compara y ahorra con nosotros.,1
¿Me podrías pasar el contacto de Laura? Necesito consultarle una duda técnica.,0
¿Me confirmas si el restaurante tiene opciones vegetarianas para la cena?,0
Nuevo mensaje de tu banco: Tienes un aviso importante en tu buzón virtual.,1
Consigue licencias de Windows y Office por menos de 5 euros en bit.ly/secure-auth,1
Ahorra hasta un 70% en tu factura de la luz con estos nuevos paneles solares.,1
Invierta en el nuevo mercado de Bitcoin antes de que suba de precio.,1
Gana una beca completa para estudiar en el extranjero. Pulsa aquí: t.co/promo,1
Tu paquete de AliExpress está retenido. Paga las tasas de aduana aquí: t.co/promo,1
Oferta de empleo: Buscamos asistente remoto. Sueldo de 500 semanales.,1
He visto un piso que te podría gustar. Te paso el enlace por aquí.,0
Gana dinero desde casa trabajando solo 2 horas al día. Detalles en seguridad-banca.com,1
Su cuenta ha sido seleccionada para una auditoría de seguridad. Pulse aquí.,1
Únete a nuestra red de inversores VIP y recibe señales de trading diarias.,1
¿Me confirmas si el restaurante tiene opciones vegetarianas para la cena?,0
Confirmación de cita: Masaje relajante el próximo lunes a las 10:15.,0
Confirmación de transferencia de 500 pendiente. Ver detalles: seguridad-banca.com,1
Se ha realizado una compra de 2.500 en Mercado Libre con su tarjeta. ¿No fue usted?,1
El dentista me ha pedido que te recuerde tu limpieza de boca anual.,0
Adjunto el itinerario de nuestro viaje a España. ¡Qué ganas de ir!,0
Recordatorio de cita: Peluquería el lunes a las 19:45.,0
¿Quedamos en la puerta del metro a las 20:15 para ir al concierto?,0
Hola mamá; ya hemos llegado al hotel. Todo está perfecto. Besos.,0
Consigue el nuevo Samsung Galaxy S24 Ultra por solo 1 euro participando aquí.,1
Consigue el nuevo Samsung Galaxy S24 Ultra por solo 1 euro participando aquí.,1
Tu coche tiene una multa de tráfico pendiente de pago. Ver imagen: t.co/promo,1
Participa en el sorteo de un crucero por el Mediterráneo para dos personas.,1
Te envío la lista de reproducción para la fiesta del sábado. ¿Te gusta?,0
Confirmación de tu reserva en el restaurante para el viernes a las 9:45.,0
Recordatorio de pago: Tu recibo de autónomos se cargará el próximo próximo lunes.,0
Hola Juan; te llamé pero no me lo cogiste. Llámame cuando puedas.,0
Felicidades; eres el visitante número un millón. Reclama tu premio aquí.,1
Descarga la nueva actualización crítica de seguridad para tu PC en bit.ly/secure-auth,1
Te envío el enlace de Zoom para la clase de yoga de mañana.,0
Solicitud de amistad pendiente de una persona que conoces en shrt.url/xyz,1
Hackers tienen tus videos privados. Paga en Bitcoin para evitar que se publiquen.,1
El dentista me ha pedido que te recuerde tu limpieza de boca anual.,0
Hola; soy una joven que busca amistad. Escríbeme a mi Telegram: @user_hot,1
Tu seguro de coche está a punto de vencer. Compara y ahorra con nosotros.,1
Urgente: Alerta de virus detectada en su navegador. Limpie su sistema en verificar-cuenta.net,1
Tu cuenta de Netflix será suspendida. Por favor actualiza tus datos de pago.,1
¿Me podrías prestar el libro que me comentaste el otro día?,0
Tu coche ya está reparado. Puedes pasar a recogerlo por el taller esta tarde.,0
Hola; te escribo para agradecerte la ayuda con la mudanza del otro día.,0
Hola María; ¿puedes traer el cargador del portátil mañana a la oficina?,0
Ahorra hasta un 70% en tu factura de la luz con estos nuevos paneles solares.,1
Trabajo de medio tiempo para Amazon. Gana hasta 100 al día.,1
Hola mamá; ya hemos llegado al hotel. Todo está perfecto. Besos.,0
¿Me puedes decir qué tal te fue en la entrevista de trabajo de ayer?,0
Adjunto envío el reporte de ventas correspondiente al mes de noviembre.,0
La reunión de padres de alumnos será en el aula magna el martes a las 10:45.,0
Tu coche ya está reparado. Puedes pasar a recogerlo por el taller esta tarde.,0
Aviso de embargo: Tienes una deuda pendiente con ING. Paga ahora: premios-ya.org/click,1
Hola Pedro; ¿has podido revisar el presupuesto que te mandé?,0
Trabajo de medio tiempo para Amazon. Gana hasta 45.000 al día.,1
Consigue licencias de Windows y Office por menos de 5 euros en t.co/promo,1
Gana una tarjeta regalo de IKEA de 200 euros completando este test.,1
